origin_id,candidate_cluster,repetition,split,outcome_status,execution_runtime_seconds,point_id,family,primary_size,declared_state_regime,platform_epoch,family-median,family-target-log-log-size,family-target-median,global-median,ladder:W,ladder:W+H,ladder:W+H+C,ladder:W+H+C+S,learned:bilinear,learned:random_forest,learned:ridge,learned:xgboost,rank1-target-speed-factor,recency-last,recency-last-two-mean
v4-cal1-none,edge-1,1,startup-calibration,completed,5.0,f9-startup-null,startup-calibration,1,none,,26,20.0717473345,23.5,26,28.0418038895,28.7977250488,30.4977721182,31.6620835901,31.6620835901,37.4244416969,32.3536257586,28.9052014509,22.9012090498,26,26
v4-cal1-none,edge-2,1,startup-calibration,completed,9.0,f9-startup-null,startup-calibration,1,none,,26,20.0717473345,78.5,26,28.0418499274,28.7977675839,34.6567403704,36.2315108722,36.2315108722,94.5235570752,84.5830299505,80.669053814,57.4320525286,26,26
v4-cal1-none,on-prem,1,startup-calibration,completed,5.0,f9-startup-null,startup-calibration,1,none,,26,20.0717473345,21,26,28.0417253748,28.7976484666,26.580698614,27.4346352789,27.4346352789,18.9450945418,26.4570071343,18.7981793426,19.4239226127,26,26
v4-cal1-none,public-cloud,1,startup-calibration,completed,4.0,f9-startup-null,startup-calibration,1,none,,26,20.0717473345,15,26,28.0417174254,28.7976404758,24.6849729095,22.136005819,22.136005819,16.8957266695,19.1443368788,12.8125841615,15.5222395417,26,26
v4-cal1-r1-moderate,edge-1,1,startup-calibration,completed,6.0,f9-startup-null,startup-calibration,1,r1-moderate,,26,20.0717473345,23.5,26,28.0418038895,27.1662212727,29.0756642152,30.4138015076,30.4138015076,17.087572303,25.8614560221,15.3846043451,22.9012090498,5,5
v4-cal1-r1-moderate,edge-2,1,startup-calibration,completed,9.0,f9-startup-null,startup-calibration,1,r1-moderate,,26,20.0717473345,78.5,26,28.0418499274,27.4241717321,33.3082050948,35.0590241097,35.0590241097,71.9502108326,65.3639499741,69.09371322,57.4320525286,9,9
v4-cal1-r1-moderate,on-prem,1,startup-calibration,completed,5.0,f9-startup-null,startup-calibration,1,r1-moderate,,26,20.0717473345,21,26,28.0417253748,27.1661488835,25.3354445267,25.6806166919,25.6806166919,16.7373446329,21.319215076,13.59780607,19.4239226127,5,5
v4-cal1-r1-moderate,public-cloud,1,startup-calibration,completed,5.0,f9-startup-null,startup-calibration,1,r1-moderate,,26,20.0717473345,15,26,28.0417174254,27.1020305264,23.4784695256,19.8010617148,19.8010617148,16.4987155472,17.9354975131,12.5951430558,15.5222395417,4,4
v4-cal1-r2-heavy,edge-1,1,startup-calibration,completed,6.0,f9-startup-null,startup-calibration,1,r2-heavy,,26,20.0717473345,23.5,26,28.0418038895,27.3678479405,29.304433315,30.6627606429,30.6627606429,16.8548917178,23.0040435144,15.4814005202,22.9012090498,6,5.5
v4-cal1-r2-heavy,edge-2,1,startup-calibration,completed,10.0,f9-startup-null,startup-calibration,1,r2-heavy,,26,20.0717473345,78.5,26,28.0418499274,27.5925331242,33.5342389094,35.4961674967,35.4961674967,63.7990417589,65.0946634873,56.0535949798,57.4320525286,9,9
v4-cal1-r2-heavy,on-prem,1,startup-calibration,completed,6.0,f9-startup-null,startup-calibration,1,r2-heavy,,26,20.0717473345,21,26,28.0417253748,27.3329819607,25.5089511549,26.2807691458,26.2807691458,17.4710389021,19.0596164724,14.781850671,19.4239226127,5,5
v4-cal1-r2-heavy,public-cloud,1,startup-calibration,completed,5.0,f9-startup-null,startup-calibration,1,r2-heavy,,26,20.0717473345,15,26,28.0417174254,27.3031976876,23.6646638321,22.4296818132,22.4296818132,17.1573902964,15.1825143529,16.1601585243,15.5222395417,5,4.5
v4-cal1-r3-cpu-pressure,edge-1,1,startup-calibration,completed,5.0,f9-startup-null,startup-calibration,1,r3-cpu-pressure,,26,20.0717473345,23.5,26,28.0418038895,27.5550029831,29.5207374632,31.1000626024,31.1000626024,17.6691271916,24.2660487533,17.0142199242,22.9012090498,6,6
v4-cal1-r3-cpu-pressure,edge-2,1,startup-calibration,completed,8.0,f9-startup-null,startup-calibration,1,r3-cpu-pressure,,26,20.0717473345,78.5,26,28.0418499274,27.7596396653,33.7564995211,36.1304109045,36.1304109045,102.147364207,68.1381225007,101.851381236,57.4320525286,10,9.5
v4-cal1-r3-cpu-pressure,on-prem,1,startup-calibration,completed,5.0,f9-startup-null,startup-calibration,1,r3-cpu-pressure,,26,20.0717473345,21,26,28.0417253748,27.4985715779,25.6795614212,26.1036390817,26.1036390817,16.7287882803,21.3408550458,13.5353764884,19.4239226127,6,5.5
v4-cal1-r3-cpu-pressure,public-cloud,1,startup-calibration,completed,5.0,f9-startup-null,startup-calibration,1,r3-cpu-pressure,,26,20.0717473345,15,26,28.0417174254,27.4899262043,23.8407129614,22.0274155184,22.0274155184,16.6531803654,15.3790937669,11.9969525221,15.5222395417,5,5
v4-01-f2-mixed-zstd1-aes-1024,edge-1,1,train,completed,30.0,f2-mixed-zstd1-aes-1024,compress-encrypt,1024,none,,14,15.4806233545,13,26,18.6396031291,19.65661866,20.0247985323,20.1470619677,20.1470619677,28.4637272134,26.4502705847,28.3102649345,18.5645038157,13,13
v4-01-f2-mixed-zstd1-aes-1024,edge-1,2,train,completed,30.0,f2-mixed-zstd1-aes-1024,compress-encrypt,1024,none,,14,15.4806233545,13,26,18.6396031291,19.65661866,20.0247985323,20.1470619677,20.1470619677,28.4637272134,26.4502705847,28.3102649345,18.5645038157,13,13
v4-01-f2-mixed-zstd1-aes-1024,edge-1,3,train,completed,30.0,f2-mixed-zstd1-aes-1024,compress-encrypt,1024,none,,14,15.4806233545,13,26,18.6396031291,19.65661866,20.0247985323,20.1470619677,20.1470619677,28.4637272134,26.4502705847,28.3102649345,18.5645038157,13,13
v4-01-f2-mixed-zstd1-aes-1024,edge-2,1,train,completed,111.0,f2-mixed-zstd1-aes-1024,compress-encrypt,1024,r1-moderate,,14,53.5926086646,43,26,41.9180093457,42.9232995033,45.8783842102,46.8805693419,46.8805693419,101.601600796,60.9794813963,109.776987025,46.829970119,43,43
v4-01-f2-mixed-zstd1-aes-1024,edge-2,2,train,completed,111.0,f2-mixed-zstd1-aes-1024,compress-encrypt,1024,r1-moderate,,14,53.5926086646,43,26,41.9180093457,42.9232995033,45.8783842102,46.8805693419,46.8805693419,101.601600796,60.9794813963,109.776987025,46.829970119,43,43
v4-01-f2-mixed-zstd1-aes-1024,edge-2,3,train,completed,111.0,f2-mixed-zstd1-aes-1024,compress-encrypt,1024,r1-moderate,,14,53.5926086646,43,26,41.9180093457,42.9232995033,45.8783842102,46.8805693419,46.8805693419,101.601600796,60.9794813963,109.776987025,46.829970119,43,43
v4-01-f2-mixed-zstd1-aes-1024,on-prem,1,train,completed,27.0,f2-mixed-zstd1-aes-1024,compress-encrypt,1024,r1-moderate,,14,15.6377327498,14,26,18.5773626256,19.5980502394,19.0600602144,19.4500349508,19.4500349508,19.9328102945,20.6709421149,24.7235266207,15.7181463941,14,14
v4-01-f2-mixed-zstd1-aes-1024,on-prem,2,train,completed,27.0,f2-mixed-zstd1-aes-1024,compress-encrypt,1024,r1-moderate,,14,15.6377327498,14,26,18.5773626256,19.5980502394,19.0600602144,19.4500349508,19.4500349508,19.9328102945,20.6709421149,24.7235266207,15.7181463941,14,14
v4-01-f2-mixed-zstd1-aes-1024,on-prem,3,train,completed,26.0,f2-mixed-zstd1-aes-1024,compress-encrypt,1024,r1-moderate,,14,15.6377327498,14,26,18.5773626256,19.5980502394,19.0600602144,19.4500349508,19.4500349508,19.9328102945,20.6709421149,24.7235266207,15.7181463941,14,14
v4-01-f2-mixed-zstd1-aes-1024,public-cloud,1,train,completed,23.0,f2-mixed-zstd1-aes-1024,compress-encrypt,1024,r1-moderate,,14,12.8933165602,11,26,16.4337230504,17.3754457197,16.4703715541,15.9596902828,15.9596902828,18.7139591139,17.3820314184,20.6882324229,12.5243961042,11,11
v4-01-f2-mixed-zstd1-aes-1024,public-cloud,2,train,completed,23.0,f2-mixed-zstd1-aes-1024,compress-encrypt,1024,r1-moderate,,14,12.8933165602,11,26,16.4337230504,17.3754457197,16.4703715541,15.9596902828,15.9596902828,18.7139591139,17.3820314184,20.6882324229,12.5243961042,11,11
v4-01-f2-mixed-zstd1-aes-1024,public-cloud,3,train,completed,22.0,f2-mixed-zstd1-aes-1024,compress-encrypt,1024,r1-moderate,,14,12.8933165602,11,26,16.4337230504,17.3754457197,16.4703715541,15.9596902828,15.9596902828,18.7139591139,17.3820314184,20.6882324229,12.5243961042,11,11
v4-02-f3-mnv2-fp32-224-1500,edge-1,1,train,completed,40.0,f3-mnv2-fp32-224-1500,onnx-inference-fp32,1500,none,,29,47.6354074647,40,26,37.4697138802,38.0082034174,38.5919781507,38.8619444626,38.8619444626,34.2834760265,35.4190421552,38.6538364856,33.3488260264,40,40
v4-02-f3-mnv2-fp32-224-1500,edge-1,2,train,completed,40.0,f3-mnv2-fp32-224-1500,onnx-inference-fp32,1500,none,,29,47.6354074647,40,26,37.4697138802,38.0082034174,38.5919781507,38.8619444626,38.8619444626,34.2834760265,35.4190421552,38.6538364856,33.3488260264,40,40
v4-02-f3-mnv2-fp32-224-1500,edge-2,1,train,completed,134.0,f3-mnv2-fp32-224-1500,onnx-inference-fp32,1500,r1-moderate,,29,153.078834974,133,26,93.5395930612,90.0362366126,95.2573128255,97.0485023661,97.0485023661,124.935077507,83.7389175704,125.35671064,82.9736769169,133,133
v4-02-f3-mnv2-fp32-224-1500,edge-2,2,train,completed,132.0,f3-mnv2-fp32-224-1500,onnx-inference-fp32,1500,r1-moderate,,29,153.078834974,133,26,93.5395930612,90.0362366126,95.2573128255,97.0485023661,97.0485023661,124.935077507,83.7389175704,125.35671064,82.9736769169,133,133
v4-02-f3-mnv2-fp32-224-1500,on-prem,1,train,completed,20.0,f3-mnv2-fp32-224-1500,onnx-inference-fp32,1500,r3-cpu-pressure,,29,23.7491534343,20,26,24.6856630276,25.339218134,24.8536919256,24.3999263929,24.3999263929,20.3341507645,25.7841045645,20.1544053195,28.3515597115,20,20
v4-02-f3-mnv2-fp32-224-1500,on-prem,2,train,completed,20.0,f3-mnv2-fp32-224-1500,onnx-inference-fp32,1500,r3-cpu-pressure,,29,23.7491534343,20,26,24.6856630276,25.339218134,24.8536919256,24.3999263929,24.3999263929,20.3341507645,25.7841045645,20.1544053195,28.3515597115,20,20
v4-02-f3-mnv2-fp32-224-1500,public-cloud,1,train,completed,14.0,f3-mnv2-fp32-224-1500,onnx-inference-fp32,1500,r1-moderate,,29,18.7125601656,14,26,19.3656032557,19.9505037962,19.2138763593,19.2678424879,19.2678424879,19.4143603656,22.5073882254,15.3359094255,22.7443859179,14,14
v4-02-f3-mnv2-fp32-224-1500,public-cloud,2,train,completed,14.0,f3-mnv2-fp32-224-1500,onnx-inference-fp32,1500,r1-moderate,,29,18.7125601656,14,26,19.3656032557,19.9505037962,19.2138763593,19.2678424879,19.2678424879,19.4143603656,22.5073882254,15.3359094255,22.7443859179,14,14
v4-03-f3-mnv2-int8-224-1500,edge-1,1,train,completed,18.0,f3-mnv2-int8-224-1500,onnx-inference-int8,1500,r1-moderate,,26,23.6841224984,17,26,22.4515132642,23.0200850286,23.3371117218,23.6199723901,23.6199723901,21.3495760599,29.8188304554,20.1299277544,27.2746585085,17,17
v4-03-f3-mnv2-int8-224-1500,edge-1,2,train,completed,17.0,f3-mnv2-int8-224-1500,onnx-inference-int8,1500,r1-moderate,,26,23.6841224984,17,26,22.4515132642,23.0200850286,23.3371117218,23.6199723901,23.6199723901,21.3495760599,29.8188304554,20.1299277544,27.2746585085,17,17
v4-03-f3-mnv2-int8-224-1500,edge-1,3,train,completed,17.0,f3-mnv2-int8-224-1500,onnx-inference-int8,1500,r1-moderate,,26,23.6841224984,17,26,22.4515132642,23.0200850286,23.3371117218,23.6199723901,23.6199723901,21.3495760599,29.8188304554,20.1299277544,27.2746585085,17,17
v4-03-f3-mnv2-int8-224-1500,edge-2,1,train,completed,83.0,f3-mnv2-int8-224-1500,onnx-inference-int8,1500,r2-heavy,,26,81.4873853038,83,26,62.2446779314,61.8714206052,64.8802212173,65.4240249853,65.4240249853,78.7673010617,69.4566623703,79.4457286602,68.1239647233,83,83
v4-03-f3-mnv2-int8-224-1500,edge-2,2,train,completed,82.0,f3-mnv2-int8-224-1500,onnx-inference-int8,1500,r2-heavy,,26,81.4873853038,83,26,62.2446779314,61.8714206052,64.8802212173,65.4240249853,65.4240249853,78.7673010617,69.4566623703,79.4457286602,68.1239647233,83,83
v4-03-f3-mnv2-int8-224-1500,edge-2,3,train,completed,84.0,f3-mnv2-int8-224-1500,onnx-inference-int8,1500,r2-heavy,,26,81.4873853038,83,26,62.2446779314,61.8714206052,64.8802212173,65.4240249853,65.4240249853,78.7673010617,69.4566623703,79.4457286602,68.1239647233,83,83
v4-03-f3-mnv2-int8-224-1500,on-prem,1,train,completed,29.0,f3-mnv2-int8-224-1500,onnx-inference-int8,1500,r1-moderate,,26,32.2673657568,29,26,30.2821460328,30.9853311219,30.481191677,30.7293386944,30.7293386944,21.3591396016,24.6236231094,24.9082246042,23.1610972933,29,29
v4-03-f3-mnv2-int8-224-1500,on-prem,2,train,completed,29.0,f3-mnv2-int8-224-1500,onnx-inference-int8,1500,r1-moderate,,26,32.2673657568,29,26,30.2821460328,30.9853311219,30.481191677,30.7293386944,30.7293386944,21.3591396016,24.6236231094,24.9082246042,23.1610972933,29,29
v4-03-f3-mnv2-int8-224-1500,on-prem,3,train,completed,31.0,f3-mnv2-int8-224-1500,onnx-inference-int8,1500,r1-moderate,,26,32.2673657568,29,26,30.2821460328,30.9853311219,30.481191677,30.7293386944,30.7293386944,21.3591396016,24.6236231094,24.9082246042,23.1610972933,29,29
v4-03-f3-mnv2-int8-224-1500,public-cloud,1,train,completed,13.0,f3-mnv2-int8-224-1500,onnx-inference-int8,1500,none,,26,16.4697778689,13,26,17.8414983797,18.4498881806,17.8038026685,16.953323454,16.953323454,19.410417289,18.2717070255,14.4942572569,18.5454832375,13,13
v4-03-f3-mnv2-int8-224-1500,public-cloud,2,train,completed,13.0,f3-mnv2-int8-224-1500,onnx-inference-int8,1500,none,,26,16.4697778689,13,26,17.8414983797,18.4498881806,17.8038026685,16.953323454,16.953323454,19.410417289,18.2717070255,14.4942572569,18.5454832375,13,13
v4-03-f3-mnv2-int8-224-1500,public-cloud,3,train,completed,13.0,f3-mnv2-int8-224-1500,onnx-inference-int8,1500,none,,26,16.4697778689,13,26,17.8414983797,18.4498881806,17.8038026685,16.953323454,16.953323454,19.410417289,18.2717070255,14.4942572569,18.5454832375,13,13
v4-04-f4-bfs-kron-21-n4,edge-1,1,train,completed,17.0,f4-bfs-kron-21-n4,graph-kernel,21,r1-moderate,,17,15.4272486205,17,26,26.4369548285,27.034327368,27.4623919438,27.9295273689,27.9295273689,20.1017612695,22.19409151,16.6492274996,16.2268530743,17,17
v4-04-f4-bfs-kron-21-n4,edge-1,2,train,completed,17.0,f4-bfs-kron-21-n4,graph-kernel,21,r1-moderate,,17,15.4272486205,17,26,26.4369548285,27.034327368,27.4623919438,27.9295273689,27.9295273689,20.1017612695,22.19409151,16.6492274996,16.2268530743,17,17
v4-04-f4-bfs-kron-21-n4,edge-2,1,train,completed,35.0,f4-bfs-kron-21-n4,graph-kernel,21,none,,17,35.7473528132,36,26,46.4405093459,46.9985960303,49.6026699412,49.9228400948,49.9228400948,47.7493664267,62.3079453531,37.9267676706,41.1150403581,36,36
v4-04-f4-bfs-kron-21-n4,edge-2,2,train,completed,36.0,f4-bfs-kron-21-n4,graph-kernel,21,none,,17,35.7473528132,36,26,46.4405093459,46.9985960303,49.6026699412,49.9228400948,49.9228400948,47.7493664267,62.3079453531,37.9267676706,41.1150403581,36,36
v4-04-f4-bfs-kron-21-n4,on-prem,1,train,completed,13.0,f4-bfs-kron-21-n4,graph-kernel,21,r2-heavy,,17,12.4497700445,13.5,26,18.0985305711,18.5440852349,18.0990075148,18.4329194742,18.4329194742,18.4661960741,19.1482516682,15.2847848627,13.7205906328,13.5,13.5
v4-04-f4-bfs-kron-21-n4,on-prem,2,train,completed,14.0,f4-bfs-kron-21-n4,graph-kernel,21,r2-heavy,,17,12.4497700445,13.5,26,18.0985305711,18.5440852349,18.0990075148,18.4329194742,18.4329194742,18.4661960741,19.1482516682,15.2847848627,13.7205906328,13.5,13.5
v4-04-f4-bfs-kron-21-n4,public-cloud,1,train,completed,11.0,f4-bfs-kron-21-n4,graph-kernel,21,r1-moderate,,17,11.9582607431,13,26,16.3381040802,16.7530844771,15.998099011,15.0999061637,15.0999061637,16.6822813394,13.7612535292,11.0089242701,10.9084433114,13,13
v4-04-f4-bfs-kron-21-n4,public-cloud,2,train,completed,11.0,f4-bfs-kron-21-n4,graph-kernel,21,r1-moderate,,17,11.9582607431,13,26,16.3381040802,16.7530844771,15.998099011,15.0999061637,15.0999061637,16.6822813394,13.7612535292,11.0089242701,10.9084433114,13,13
v4-05-f0-cpu-45k,edge-1,1,train,completed,81.0,f0-cpu-45k,stress-ng-cpu,45000,none,,51,81.4984662432,81.5,26,55.3828349914,54.3318623046,55.7695373437,56.5478837938,56.5478837938,46.4277947344,45.6743249894,72.6859627914,42.6451571105,81.5,81.5
v4-05-f0-cpu-45k,edge-1,2,train,completed,81.0,f0-cpu-45k,stress-ng-cpu,45000,none,,51,81.4984662432,81.5,26,55.3828349914,54.3318623046,55.7695373437,56.5478837938,56.5478837938,46.4277947344,45.6743249894,72.6859627914,42.6451571105,81.5,81.5
v4-05-f0-cpu-45k,edge-2,1,train,completed,147.0,f0-cpu-45k,stress-ng-cpu,45000,none,,51,155.740168229,156,26,83.0213690026,77.7428686274,84.313938771,85.5385746376,85.5385746376,128.880666373,119.121953172,132.416780539,105.70071575,156,156
v4-05-f0-cpu-45k,edge-2,2,train,completed,146.0,f0-cpu-45k,stress-ng-cpu,45000,none,,51,155.740168229,156,26,83.0213690026,77.7428686274,84.313938771,85.5385746376,85.5385746376,128.880666373,119.121953172,132.416780539,105.70071575,156,156
v4-05-f0-cpu-45k,on-prem,1,train,completed,20.0,f0-cpu-45k,stress-ng-cpu,45000,r3-cpu-pressure,,51,20.4939015319,20.5,26,23.5912918604,24.1760160676,23.3936801218,23.198609809,23.198609809,20.7446331497,35.137522674,23.7588140083,36.2954066628,20.5,20.5
v4-05-f0-cpu-45k,on-prem,2,train,completed,21.0,f0-cpu-45k,stress-ng-cpu,45000,r3-cpu-pressure,,51,20.4939015319,20.5,26,23.5912918604,24.1760160676,23.3936801218,23.198609809,23.198609809,20.7446331497,35.137522674,23.7588140083,36.2954066628,20.5,20.5
v4-05-f0-cpu-45k,public-cloud,1,train,completed,19.0,f0-cpu-45k,stress-ng-cpu,45000,r3-cpu-pressure,,51,18,18,26,21.9512016853,22.5315457254,21.1872029577,20.1553404256,20.1553404256,19.5467275015,24.0993126295,18.6024368344,29.1706804502,18,18
v4-05-f0-cpu-45k,public-cloud,2,train,completed,18.0,f0-cpu-45k,stress-ng-cpu,45000,r3-cpu-pressure,,51,18,18,26,21.9512016853,22.5315457254,21.1872029577,20.1553404256,20.1553404256,19.5467275015,24.0993126295,18.6024368344,29.1706804502,18,18
v4-06-f2-random-zstd1-aes-1152,edge-1,1,train,completed,14.0,f2-random-zstd1-aes-1152,compress-encrypt,1152,r1-moderate,,14,16.8335202705,13,26,19.0951948097,19.4512604327,19.759279765,20.033285777,20.033285777,19.0854929823,22.4548507057,15.0277914117,20.4330392022,30,30
v4-06-f2-random-zstd1-aes-1152,edge-1,2,train,completed,14.0,f2-random-zstd1-aes-1152,compress-encrypt,1152,r1-moderate,,14,16.8335202705,13,26,19.0951948097,19.4512604327,19.759279765,20.033285777,20.033285777,19.0854929823,22.4548507057,15.0277914117,20.4330392022,30,30
v4-06-f2-random-zstd1-aes-1152,edge-1,3,train,completed,14.0,f2-random-zstd1-aes-1152,compress-encrypt,1152,r1-moderate,,14,16.8335202705,13,26,19.0951948097,19.4512604327,19.759279765,20.033285777,20.033285777,19.0854929823,22.4548507057,15.0277914117,20.4330392022,30,30
v4-06-f2-random-zstd1-aes-1152,edge-2,1,train,completed,53.0,f2-random-zstd1-aes-1152,compress-encrypt,1152,r3-cpu-pressure,,14,61.4178774679,43,26,44.7223027086,48.1469849745,50.0916405093,50.9689180576,50.9689180576,57.7630173494,61.4413031159,54.0562887863,51.3980385218,111,111
v4-06-f2-random-zstd1-aes-1152,edge-2,2,train,completed,52.0,f2-random-zstd1-aes-1152,compress-encrypt,1152,r3-cpu-pressure,,14,61.4178774679,43,26,44.7223027086,48.1469849745,50.0916405093,50.9689180576,50.9689180576,57.7630173494,61.4413031159,54.0562887863,51.3980385218,111,111
v4-06-f2-random-zstd1-aes-1152,edge-2,3,train,completed,52.0,f2-random-zstd1-aes-1152,compress-encrypt,1152,r3-cpu-pressure,,14,61.4178774679,43,26,44.7223027086,48.1469849745,50.0916405093,50.9689180576,50.9689180576,57.7630173494,61.4413031159,54.0562887863,51.3980385218,111,111
v4-06-f2-random-zstd1-aes-1152,on-prem,1,train,completed,15.0,f2-random-zstd1-aes-1152,compress-encrypt,1152,r2-heavy,,14,17.4962787831,14,26,19.032177249,19.325605586,18.846413682,18.8129174654,18.8129174654,17.756923274,17.1324696032,15.7439346025,17.3148364214,26,26.5
v4-06-f2-random-zstd1-aes-1152,on-prem,2,train,completed,15.0,f2-random-zstd1-aes-1152,compress-encrypt,1152,r2-heavy,,14,17.4962787831,14,26,19.032177249,19.325605586,18.846413682,18.8129174654,18.8129174654,17.756923274,17.1324696032,15.7439346025,17.3148364214,26,26.5
v4-06-f2-random-zstd1-aes-1152,on-prem,3,train,completed,15.0,f2-random-zstd1-aes-1152,compress-encrypt,1152,r2-heavy,,14,17.4962787831,14,26,19.032177249,19.325605586,18.846413682,18.8129174654,18.8129174654,17.756923274,17.1324696032,15.7439346025,17.3148364214,26,26.5
v4-06-f2-random-zstd1-aes-1152,public-cloud,1,train,completed,12.0,f2-random-zstd1-aes-1152,compress-encrypt,1152,none,,14,14.2388429209,11,26,16.7307789156,16.9501641182,16.1683187317,15.5287979546,15.5287979546,16.5878338228,13.9595875645,12.2751563686,13.8160625292,22,22.5
v4-06-f2-random-zstd1-aes-1152,public-cloud,2,train,completed,12.0,f2-random-zstd1-aes-1152,compress-encrypt,1152,none,,14,14.2388429209,11,26,16.7307789156,16.9501641182,16.1683187317,15.5287979546,15.5287979546,16.5878338228,13.9595875645,12.2751563686,13.8160625292,22,22.5
v4-06-f2-random-zstd1-aes-1152,public-cloud,3,train,completed,12.0,f2-random-zstd1-aes-1152,compress-encrypt,1152,none,,14,14.2388429209,11,26,16.7307789156,16.9501641182,16.1683187317,15.5287979546,15.5287979546,16.5878338228,13.9595875645,12.2751563686,13.8160625292,22,22.5
v4-07-f2-random-zstd1-aes-768,edge-1,1,train,completed,13.0,f2-random-zstd1-aes-768,compress-encrypt,768,r2-heavy,,14,12.6158157502,13,26,17.6041194137,17.4291372029,17.8571581818,18.4350212943,18.4350212943,13.6260656279,13.4687402801,12.2374131707,14.4096233461,14,14
v4-07-f2-random-zstd1-aes-768,edge-1,2,train,completed,12.0,f2-random-zstd1-aes-768,compress-encrypt,768,r2-heavy,,14,12.6158157502,13,26,17.6041194137,17.4291372029,17.8571581818,18.4350212943,18.4350212943,13.6260656279,13.4687402801,12.2374131707,14.4096233461,14,14
v4-07-f2-random-zstd1-aes-768,edge-1,3,train,completed,12.0,f2-random-zstd1-aes-768,compress-encrypt,768,r2-heavy,,14,12.6158157502,13,26,17.6041194137,17.4291372029,17.8571581818,18.4350212943,18.4350212943,13.6260656279,13.4687402801,12.2374131707,14.4096233461,14,14
v4-07-f2-random-zstd1-aes-768,edge-2,1,train,completed,38.0,f2-random-zstd1-aes-768,compress-encrypt,768,r3-cpu-pressure,,14,38.4180267295,43,26,36.4479470973,37.1451889738,39.7734919132,41.1197397905,41.1197397905,34.2873964403,47.1999008442,36.0783519782,36.6724005438,52,52
v4-07-f2-random-zstd1-aes-768,edge-2,2,train,completed,37.0,f2-random-zstd1-aes-768,compress-encrypt,768,r3-cpu-pressure,,14,38.4180267295,43,26,36.4479470973,37.1451889738,39.7734919132,41.1197397905,41.1197397905,34.2873964403,47.1999008442,36.0783519782,36.6724005438,52,52
v4-07-f2-random-zstd1-aes-768,edge-2,3,train,completed,37.0,f2-random-zstd1-aes-768,compress-encrypt,768,r3-cpu-pressure,,14,38.4180267295,43,26,36.4479470973,37.1451889738,39.7734919132,41.1197397905,41.1197397905,34.2873964403,47.1999008442,36.0783519782,36.6724005438,52,52
v4-07-f2-random-zstd1-aes-768,on-prem,1,train,completed,11.0,f2-random-zstd1-aes-768,compress-encrypt,768,none,,14,11.8863811372,14,26,17.5440799366,17.3658761446,16.8177539311,16.939264258,16.939264258,12.4770338939,12.5869067459,11.4423829859,12.1677420191,15,15
v4-07-f2-random-zstd1-aes-768,on-prem,2,train,completed,11.0,f2-random-zstd1-aes-768,compress-encrypt,768,none,,14,11.8863811372,14,26,17.5440799366,17.3658761446,16.8177539311,16.939264258,16.939264258,12.4770338939,12.5869067459,11.4423829859,12.1677420191,15,15
v4-07-f2-random-zstd1-aes-768,on-prem,3,train,completed,11.0,f2-random-zstd1-aes-768,compress-encrypt,768,none,,14,11.8863811372,14,26,17.5440799366,17.3658761446,16.8177539311,16.939264258,16.939264258,12.4770338939,12.5869067459,11.4423829859,12.1677420191,15,15
v4-07-f2-random-zstd1-aes-768,public-cloud,1,train,completed,9.0,f2-random-zstd1-aes-768,compress-encrypt,768,none,,14,10.1174119999,11,26,15.7188575693,15.5286664947,14.590501372,13.4810556388,13.4810556388,11.6889246943,9.63045582364,9.53983769151,9.6522430577,12,12
v4-07-f2-random-zstd1-aes-768,public-cloud,2,train,completed,9.0,f2-random-zstd1-aes-768,compress-encrypt,768,none,,14,10.1174119999,11,26,15.7188575693,15.5286664947,14.590501372,13.4810556388,13.4810556388,11.6889246943,9.63045582364,9.53983769151,9.6522430577,12,12
v4-07-f2-random-zstd1-aes-768,public-cloud,3,train,completed,9.0,f2-random-zstd1-aes-768,compress-encrypt,768,none,,14,10.1174119999,11,26,15.7188575693,15.5286664947,14.590501372,13.4810556388,13.4810556388,11.6889246943,9.63045582364,9.53983769151,9.6522430577,12,12
v4-08-f1-x264-480p-testsrc2-med-2000,edge-1,1,train,completed,24.0,f1-x264-480p-testsrc2-med-2000,video-transcode,2000,none,,41.5,37.002472682,33.5,26,31.9680227033,32.8264104316,33.3325236469,33.6938175495,33.6938175495,28.3089791729,27.9155153002,26.327180569,26.6837765361,33.5,33.5
v4-08-f1-x264-480p-testsrc2-med-2000,edge-1,2,train,completed,25.0,f1-x264-480p-testsrc2-med-2000,video-transcode,2000,none,,41.5,37.002472682,33.5,26,31.9680227033,32.8264104316,33.3325236469,33.6938175495,33.6938175495,28.3089791729,27.9155153002,26.327180569,26.6837765361,33.5,33.5
v4-08-f1-x264-480p-testsrc2-med-2000,edge-2,1,train,completed,63.0,f1-x264-480p-testsrc2-med-2000,video-transcode,2000,none,,41.5,109.345792745,87,26,67.342347056,66.5452110025,70.547655021,71.5418117409,71.5418117409,62.7467010604,71.0444693948,64.0159141138,66.6794166093,87,87
v4-08-f1-x264-480p-testsrc2-med-2000,edge-2,2,train,completed,61.0,f1-x264-480p-testsrc2-med-2000,video-transcode,2000,none,,41.5,109.345792745,87,26,67.342347056,66.5452110025,70.547655021,71.5418117409,71.5418117409,62.7467010604,71.0444693948,64.0159141138,66.6794166093,87,87
v4-08-f1-x264-480p-testsrc2-med-2000,on-prem,1,train,completed,22.0,f1-x264-480p-testsrc2-med-2000,video-transcode,2000,none,,41.5,32.8360300424,29,26,28.9361221889,29.8259023553,29.1538097658,28.4967135537,28.4967135537,22.8214409099,21.9659389683,23.5279461706,22.6561802553,29,29
v4-08-f1-x264-480p-testsrc2-med-2000,on-prem,2,train,completed,23.0,f1-x264-480p-testsrc2-med-2000,video-transcode,2000,none,,41.5,32.8360300424,29,26,28.9361221889,29.8259023553,29.1538097658,28.4967135537,28.4967135537,22.8214409099,21.9659389683,23.5279461706,22.6561802553,29,29
v4-08-f1-x264-480p-testsrc2-med-2000,public-cloud,1,train,completed,21.0,f1-x264-480p-testsrc2-med-2000,video-transcode,2000,r2-heavy,,41.5,27.4344926888,29,26,25.6259444249,26.4751172369,25.3492115663,25.0842411651,25.0842411651,22.6327179876,16.9524005538,22.1155224687,18.1370230014,29,29
v4-08-f1-x264-480p-testsrc2-med-2000,public-cloud,2,train,completed,21.0,f1-x264-480p-testsrc2-med-2000,video-transcode,2000,r2-heavy,,41.5,27.4344926888,29,26,25.6259444249,26.4751172369,25.3492115663,25.0842411651,25.0842411651,22.6327179876,16.9524005538,22.1155224687,18.1370230014,29,29
v4-09-f4-bfs-kron-21-n8,edge-1,1,train,completed,14.0,f4-bfs-kron-21-n8,graph-kernel,21,none,,17,15.4272486205,17,26,22.5297044294,22.512771822,22.7472341658,22.8482815251,22.8482815251,19.1072045743,16.4395096666,14.9701017912,15.1071424133,17,17
v4-09-f4-bfs-kron-21-n8,edge-1,2,train,completed,14.0,f4-bfs-kron-21-n8,graph-kernel,21,none,,17,15.4272486205,17,26,22.5297044294,22.512771822,22.7472341658,22.8482815251,22.8482815251,19.1072045743,16.4395096666,14.9701017912,15.1071424133,17,17
v4-09-f4-bfs-kron-21-n8,edge-2,1,train,completed,36.0,f4-bfs-kron-21-n8,graph-kernel,21,none,,17,35.7473528132,36,26,43.8458435016,44.1435136909,45.4962169199,45.6307776012,45.6307776012,45.8863013891,44.1197163977,36.3156088492,38.3776477843,36,35.5
v4-09-f4-bfs-kron-21-n8,edge-2,2,train,completed,36.0,f4-bfs-kron-21-n8,graph-kernel,21,none,,17,35.7473528132,36,26,43.8458435016,44.1435136909,45.4962169199,45.6307776012,45.6307776012,45.8863013891,44.1197163977,36.3156088492,38.3776477843,36,35.5
v4-09-f4-bfs-kron-21-n8,on-prem,1,train,completed,11.0,f4-bfs-kron-21-n8,graph-kernel,21,none,,17,12.4497700445,13.5,26,14.8815893833,14.8440482909,14.6467440646,14.5900080133,14.5900080133,16.1793135788,12.9615994432,12.3560598781,12.7637819692,14,13.5
v4-09-f4-bfs-kron-21-n8,on-prem,2,train,completed,12.0,f4-bfs-kron-21-n8,graph-kernel,21,none,,17,12.4497700445,13.5,26,14.8815893833,14.8440482909,14.6467440646,14.5900080133,14.5900080133,16.1793135788,12.9615994432,12.3560598781,12.7637819692,14,13.5
v4-09-f4-bfs-kron-21-n8,public-cloud,1,train,completed,13.0,f4-bfs-kron-21-n8,graph-kernel,21,r2-heavy,,17,11.9582607431,13,26,13.4844969801,13.4238058295,13.0771695413,13.0027572207,13.0027572207,16.2543884432,8.10588623484,12.9055391933,10.1344185447,11,11
v4-09-f4-bfs-kron-21-n8,public-cloud,2,train,completed,13.0,f4-bfs-kron-21-n8,graph-kernel,21,r2-heavy,,17,11.9582607431,13,26,13.4844969801,13.4238058295,13.0771695413,13.0027572207,13.0027572207,16.2543884432,8.10588623484,12.9055391933,10.1344185447,11,11
v4-10-f5-sf1-q1-r2,edge-1,1,train,completed,17.0,f5-sf1-q1-r2,duckdb-tpch,1,r2-heavy,,21,19.3829997351,21,26,25.2012467446,25.7741140056,26.4895444232,26.994512955,26.994512955,25.0171846329,22.1504325622,21.4672702182,18.653420015,21,21
v4-10-f5-sf1-q1-r2,edge-1,2,train,completed,23.0,f5-sf1-q1-r2,duckdb-tpch,1,r2-heavy,,21,19.3829997351,21,26,25.2012467446,25.7741140056,26.4895444232,26.994512955,26.994512955,25.0171846329,22.1504325622,21.4672702182,18.653420015,21,21
v4-10-f5-sf1-q1-r2,edge-2,1,train,completed,51.0,f5-sf1-q1-r2,duckdb-tpch,1,r1-moderate,,21,47.2020562163,48.5,26,42.0720826495,42.6391103177,46.6450432719,47.4953351749,47.4953351749,32.0580568217,69.4621812591,42.7267195573,47.0473464038,48.5,48.5
v4-10-f5-sf1-q1-r2,edge-2,2,train,completed,46.0,f5-sf1-q1-r2,duckdb-tpch,1,r1-moderate,,21,47.2020562163,48.5,26,42.0720826495,42.6391103177,46.6450432719,47.4953351749,47.4953351749,32.0580568217,69.4621812591,42.7267195573,47.0473464038,48.5,48.5
v4-10-f5-sf1-q1-r2,on-prem,1,train,completed,12.0,f5-sf1-q1-r2,duckdb-tpch,1,none,,21,15.0996688705,19,26,22.0158142673,22.5547496449,21.6846578259,21.6722467139,21.6722467139,17.8965890207,19.2972365114,14.2374478893,15.7941265493,19,19
v4-10-f5-sf1-q1-r2,on-prem,2,train,completed,12.0,f5-sf1-q1-r2,duckdb-tpch,1,none,,21,15.0996688705,19,26,22.0158142673,22.5547496449,21.6846578259,21.6722467139,21.6722467139,17.8965890207,19.2972365114,14.2374478893,15.7941265493,19,19
v4-10-f5-sf1-q1-r2,public-cloud,1,train,completed,12.0,f5-sf1-q1-r2,duckdb-tpch,1,r1-moderate,,21,13.8564064606,16,26,20.8898438685,21.4084946471,19.8547154902,18.8501615875,18.8501615875,16.8305317545,14.853262198,13.598310735,12.5858613941,16,16
v4-10-f5-sf1-q1-r2,public-cloud,2,train,completed,16.0,f5-sf1-q1-r2,duckdb-tpch,1,r1-moderate,,21,13.8564064606,16,26,20.8898438685,21.4084946471,19.8547154902,18.8501615875,18.8501615875,16.8305317545,14.853262198,13.598310735,12.5858613941,16,16
v4-11-f3-mnv2-fp32-224-2500,edge-1,1,train,completed,64.0,f3-mnv2-fp32-224-2500,onnx-inference-fp32,2500,none,,29,55.88778418,40,26,43.0693793544,43.1271815429,43.4237495664,43.4945628907,43.4945628907,46.564235718,43.943539803,61.0187129352,50.0706974939,40,40
v4-11-f3-mnv2-fp32-224-2500,edge-1,2,train,completed,64.0,f3-mnv2-fp32-224-2500,onnx-inference-fp32,2500,none,,29,55.88778418,40,26,43.0693793544,43.1271815429,43.4237495664,43.4945628907,43.4945628907,46.564235718,43.943539803,61.0187129352,50.0706974939,40,40
v4-11-f3-mnv2-fp32-224-2500,edge-2,1,train,completed,199.0,f3-mnv2-fp32-224-2500,onnx-inference-fp32,2500,none,,29,178.430006648,133,26,116.473634974,121.404854405,123.404152218,122.318591022,122.318591022,165.883479912,133.230310887,195.096875324,123.854172541,132,133
v4-11-f3-mnv2-fp32-224-2500,edge-2,2,train,completed,199.0,f3-mnv2-fp32-224-2500,onnx-inference-fp32,2500,none,,29,178.430006648,133,26,116.473634974,121.404854405,123.404152218,122.318591022,122.318591022,165.883479912,133.230310887,195.096875324,123.854172541,132,133
v4-11-f3-mnv2-fp32-224-2500,on-prem,1,train,completed,30.0,f3-mnv2-fp32-224-2500,onnx-inference-fp32,2500,none,,29,25.8147372206,20,26,26.0915194651,25.8870753626,25.5813257224,26.0695797217,26.0695797217,21.5560574493,39.0128791357,29.6991981705,42.6406363888,20,20
v4-11-f3-mnv2-fp32-224-2500,on-prem,2,train,completed,29.0,f3-mnv2-fp32-224-2500,onnx-inference-fp32,2500,none,,29,25.8147372206,20,26,26.0915194651,25.8870753626,25.5813257224,26.0695797217,26.0695797217,21.5560574493,39.0128791357,29.6991981705,42.6406363888,20,20
v4-11-f3-mnv2-fp32-224-2500,public-cloud,1,train,completed,27.0,f3-mnv2-fp32-224-2500,onnx-inference-fp32,2500,r2-heavy,,29,21.9533467171,14,26,20.5237401879,20.3047900401,19.849712338,20.2759872867,20.2759872867,20.3450916924,26.1953986729,25.6871408495,34.3037495215,14,14
v4-11-f3-mnv2-fp32-224-2500,public-cloud,2,train,completed,28.0,f3-mnv2-fp32-224-2500,onnx-inference-fp32,2500,r2-heavy,,29,21.9533467171,14,26,20.5237401879,20.3047900401,19.849712338,20.2759872867,20.2759872867,20.3450916924,26.1953986729,25.6871408495,34.3037495215,14,14
v4-12-f2-random-zstd1-chacha-1152,edge-1,1,train,completed,13.0,f2-random-zstd1-chacha-1152,compress-encrypt,1152,r3-cpu-pressure,,14,16.8335202705,13,26,19.0951948097,18.0130474807,18.3716284698,18.7067008433,18.7067008433,13.8294378496,16.051672727,13.3457751798,20.4330392022,12,12
v4-12-f2-random-zstd1-chacha-1152,edge-1,2,train,completed,13.0,f2-random-zstd1-chacha-1152,compress-encrypt,1152,r3-cpu-pressure,,14,16.8335202705,13,26,19.0951948097,18.0130474807,18.3716284698,18.7067008433,18.7067008433,13.8294378496,16.051672727,13.3457751798,20.4330392022,12,12
v4-12-f2-random-zstd1-chacha-1152,edge-1,3,train,completed,12.0,f2-random-zstd1-chacha-1152,compress-encrypt,1152,r3-cpu-pressure,,14,16.8335202705,13,26,19.0951948097,18.0130474807,18.3716284698,18.7067008433,18.7067008433,13.8294378496,16.051672727,13.3457751798,20.4330392022,12,12
v4-12-f2-random-zstd1-chacha-1152,edge-2,1,train,completed,43.0,f2-random-zstd1-chacha-1152,compress-encrypt,1152,none,,14,61.4178774679,43,26,44.7223027086,42.4673820643,44.9129849689,45.2274203089,45.2274203089,49.4890324868,54.32613137,42.8683567132,51.3980385218,37,37
v4-12-f2-random-zstd1-chacha-1152,edge-2,2,train,completed,43.0,f2-random-zstd1-chacha-1152,compress-encrypt,1152,none,,14,61.4178774679,43,26,44.7223027086,42.4673820643,44.9129849689,45.2274203089,45.2274203089,49.4890324868,54.32613137,42.8683567132,51.3980385218,37,37
v4-12-f2-random-zstd1-chacha-1152,edge-2,3,train,completed,43.0,f2-random-zstd1-chacha-1152,compress-encrypt,1152,none,,14,61.4178774679,43,26,44.7223027086,42.4673820643,44.9129849689,45.2274203089,45.2274203089,49.4890324868,54.32613137,42.8683567132,51.3980385218,37,37
v4-12-f2-random-zstd1-chacha-1152,on-prem,1,train,completed,13.0,f2-random-zstd1-chacha-1152,compress-encrypt,1152,r3-cpu-pressure,,14,17.4962787831,14,26,19.032177249,17.9636565993,17.570887389,17.5986407508,17.5986407508,13.3153381834,13.6383892289,13.7183079739,17.3148364214,11,11
v4-12-f2-random-zstd1-chacha-1152,on-prem,2,train,completed,14.0,f2-random-zstd1-chacha-1152,compress-encrypt,1152,r3-cpu-pressure,,14,17.4962787831,14,26,19.032177249,17.9636565993,17.570887389,17.5986407508,17.5986407508,13.3153381834,13.6383892289,13.7183079739,17.3148364214,11,11
v4-12-f2-random-zstd1-chacha-1152,on-prem,3,train,completed,15.0,f2-random-zstd1-chacha-1152,compress-encrypt,1152,r3-cpu-pressure,,14,17.4962787831,14,26,19.032177249,17.9636565993,17.570887389,17.5986407508,17.5986407508,13.3153381834,13.6383892289,13.7183079739,17.3148364214,11,11
v4-12-f2-random-zstd1-chacha-1152,public-cloud,1,train,completed,11.0,f2-random-zstd1-chacha-1152,compress-encrypt,1152,r1-moderate,,14,14.2388429209,11,26,16.7307789156,15.7718627802,15.0823352641,15.2371168678,15.2371168678,13.0344214297,11.2783321869,11.4612255845,13.8160625292,9,9
v4-12-f2-random-zstd1-chacha-1152,public-cloud,2,train,completed,12.0,f2-random-zstd1-chacha-1152,compress-encrypt,1152,r1-moderate,,14,14.2388429209,11,26,16.7307789156,15.7718627802,15.0823352641,15.2371168678,15.2371168678,13.0344214297,11.2783321869,11.4612255845,13.8160625292,9,9
v4-12-f2-random-zstd1-chacha-1152,public-cloud,3,train,completed,11.0,f2-random-zstd1-chacha-1152,compress-encrypt,1152,r1-moderate,,14,14.2388429209,11,26,16.7307789156,15.7718627802,15.0823352641,15.2371168678,15.2371168678,13.0344214297,11.2783321869,11.4612255845,13.8160625292,9,9
v4-13-f3-mnv2-int8-224-2000,edge-1,1,train,completed,19.0,f3-mnv2-int8-224-2000,onnx-inference-int8,2000,none,,26,26.6216831835,17,26,23.6608452151,23.2777017378,23.5722952966,23.5942684278,23.5942684278,30.1697130407,32.3280206016,34.0545698154,32.6128491593,17,17
v4-13-f3-mnv2-int8-224-2000,edge-1,2,train,completed,19.0,f3-mnv2-int8-224-2000,onnx-inference-int8,2000,none,,26,26.6216831835,17,26,23.6608452151,23.2777017378,23.5722952966,23.5942684278,23.5942684278,30.1697130407,32.3280206016,34.0545698154,32.6128491593,17,17
v4-13-f3-mnv2-int8-224-2000,edge-1,3,train,completed,121.0,f3-mnv2-int8-224-2000,onnx-inference-int8,2000,none,,26,26.6216831835,17,26,23.6608452151,23.2777017378,23.5722952966,23.5942684278,23.5942684278,30.1697130407,32.3280206016,34.0545698154,32.6128491593,17,17
v4-13-f3-mnv2-int8-224-2000,edge-2,1,train,completed,85.0,f3-mnv2-int8-224-2000,onnx-inference-int8,2000,none,,26,86.7451183752,83,26,68.0822868737,69.5275964762,71.2792060727,71.7856034709,71.7856034709,94.1706789161,95.2383231471,89.2797333359,81.1744106594,84,83
v4-13-f3-mnv2-int8-224-2000,edge-2,2,train,completed,86.0,f3-mnv2-int8-224-2000,onnx-inference-int8,2000,none,,26,86.7451183752,83,26,68.0822868737,69.5275964762,71.2792060727,71.7856034709,71.7856034709,94.1706789161,95.2383231471,89.2797333359,81.1744106594,84,83
v4-13-f3-mnv2-int8-224-2000,edge-2,3,train,completed,85.0,f3-mnv2-int8-224-2000,onnx-inference-int8,2000,none,,26,86.7451183752,83,26,68.0822868737,69.5275964762,71.2792060727,71.7856034709,71.7856034709,94.1706789161,95.2383231471,89.2797333359,81.1744106594,84,83
v4-13-f3-mnv2-int8-224-2000,on-prem,1,train,completed,37.0,f3-mnv2-int8-224-2000,onnx-inference-int8,2000,r1-moderate,,26,33.0292151919,29,26,31.4976974391,31.3196758998,30.8770375988,31.1038946592,31.1038946592,23.1483491917,25.8428837946,32.4549509215,27.7226570252,31,30
v4-13-f3-mnv2-int8-224-2000,on-prem,2,train,completed,37.0,f3-mnv2-int8-224-2000,onnx-inference-int8,2000,r1-moderate,,26,33.0292151919,29,26,31.4976974391,31.3196758998,30.8770375988,31.1038946592,31.1038946592,23.1483491917,25.8428837946,32.4549509215,27.7226570252,31,30
v4-13-f3-mnv2-int8-224-2000,on-prem,3,train,censored,,f3-mnv2-int8-224-2000,onnx-inference-int8,2000,r1-moderate,,26,33.0292151919,29,26,31.4976974391,31.3196758998,30.8770375988,31.1038946592,31.1038946592,23.1483491917,25.8428837946,32.4549509215,27.7226570252,31,30
v4-13-f3-mnv2-int8-224-2000,public-cloud,1,train,completed,21.0,f3-mnv2-int8-224-2000,onnx-inference-int8,2000,r2-heavy,,26,17.2568704372,13,26,18.170633692,17.9330180251,17.4739535604,17.7156233107,17.7156233107,20.0669461447,20.3484183512,21.7402654874,22.235625626,13,13
v4-13-f3-mnv2-int8-224-2000,public-cloud,2,train,completed,21.0,f3-mnv2-int8-224-2000,onnx-inference-int8,2000,r2-heavy,,26,17.2568704372,13,26,18.170633692,17.9330180251,17.4739535604,17.7156233107,17.7156233107,20.0669461447,20.3484183512,21.7402654874,22.235625626,13,13
v4-13-f3-mnv2-int8-224-2000,public-cloud,3,train,completed,22.0,f3-mnv2-int8-224-2000,onnx-inference-int8,2000,r2-heavy,,26,17.2568704372,13,26,18.170633692,17.9330180251,17.4739535604,17.7156233107,17.7156233107,20.0669461447,20.3484183512,21.7402654874,22.235625626,13,13
v4-14-f4-bfs-kron-22-n4,edge-1,1,train,completed,221.0,f4-bfs-kron-22-n4,graph-kernel,22,none,,17,78.6638417572,17,26,32.8663043991,32.3241297671,32.8674480616,33.0417056588,33.0417056588,46.3443153744,47.395839523,68.787125407,43.4514395125,14,14
v4-14-f4-bfs-kron-22-n4,edge-1,2,train,completed,28.0,f4-bfs-kron-22-n4,graph-kernel,22,none,,17,78.6638417572,17,26,32.8663043991,32.3241297671,32.8674480616,33.0417056588,33.0417056588,46.3443153744,47.395839523,68.787125407,43.4514395125,14,14
v4-14-f4-bfs-kron-22-n4,edge-2,1,train,completed,364.0,f4-bfs-kron-22-n4,graph-kernel,22,r3-cpu-pressure,,17,157.327683514,36,26,57.9735767468,57.7176966569,60.5743494248,62.1688487016,62.1688487016,107.370673959,109.209765018,150.651840692,107.671860204,36,36
v4-14-f4-bfs-kron-22-n4,edge-2,2,train,completed,68.0,f4-bfs-kron-22-n4,graph-kernel,22,r3-cpu-pressure,,17,157.327683514,36,26,57.9735767468,57.7176966569,60.5743494248,62.1688487016,62.1688487016,107.370673959,109.209765018,150.651840692,107.671860204,36,36
v4-14-f4-bfs-kron-22-n4,on-prem,1,train,completed,25.0,f4-bfs-kron-22-n4,graph-kernel,22,r2-heavy,,17,25,13.5,26,22.4420615158,22.0380495615,21.5791854596,21.7313346329,21.7313346329,17.918298877,33.9232816042,24.6605263327,36.9843864274,12,11.5
v4-14-f4-bfs-kron-22-n4,on-prem,2,train,completed,25.0,f4-bfs-kron-22-n4,graph-kernel,22,r2-heavy,,17,25,13.5,26,22.4420615158,22.0380495615,21.5791854596,21.7313346329,21.7313346329,17.918298877,33.9232816042,24.6605263327,36.9843864274,12,11.5
v4-14-f4-bfs-kron-22-n4,public-cloud,1,train,completed,18.0,f4-bfs-kron-22-n4,graph-kernel,22,r1-moderate,,17,17.4928556845,13,26,20.243449599,19.8951682996,19.0764447722,18.9307558539,18.9307558539,17.3230758914,29.8525152928,17.6224378445,29.7280409986,13,13
v4-14-f4-bfs-kron-22-n4,public-cloud,2,train,completed,17.0,f4-bfs-kron-22-n4,graph-kernel,22,r1-moderate,,17,17.4928556845,13,26,20.243449599,19.8951682996,19.0764447722,18.9307558539,18.9307558539,17.3230758914,29.8525152928,17.6224378445,29.7280409986,13,13
v4-15-f1-x264-720p-noise-med-1000,edge-1,1,train,completed,115.0,f1-x264-720p-noise-med-1000,video-transcode,1000,none,,41.5,52.7216038975,33.5,26,40.7274787403,41.2179249248,42.0261054326,42.3664203598,42.3664203598,87.927478543,62.0016735826,114.220109157,54.2887562514,25,24.5
v4-15-f1-x264-720p-noise-med-1000,edge-1,2,train,completed,115.0,f1-x264-720p-noise-med-1000,video-transcode,1000,none,,41.5,52.7216038975,33.5,26,40.7274787403,41.2179249248,42.0261054326,42.3664203598,42.3664203598,87.927478543,62.0016735826,114.220109157,54.2887562514,25,24.5
v4-15-f1-x264-720p-noise-med-1000,edge-2,1,train,completed,278.0,f1-x264-720p-noise-med-1000,video-transcode,1000,none,,41.5,128.339483765,87,26,83.7131158764,84.5355739439,89.3540259195,90.5782766525,90.5782766525,170.250238706,168.145361227,248.308137755,134.166196103,61,62
v4-15-f1-x264-720p-noise-med-1000,edge-2,2,train,completed,279.0,f1-x264-720p-noise-med-1000,video-transcode,1000,none,,41.5,128.339483765,87,26,83.7131158764,84.5355739439,89.3540259195,90.5782766525,90.5782766525,170.250238706,168.145361227,248.308137755,134.166196103,61,62
v4-15-f1-x264-720p-noise-med-1000,on-prem,1,train,completed,90.0,f1-x264-720p-noise-med-1000,video-transcode,1000,none,,41.5,45.1001735339,29,26,36.9132788931,37.4292707361,36.7047247065,37.4133538608,37.4133538608,63.3913913609,54.9714528321,87.3810012181,46.2450275081,23,22.5
v4-15-f1-x264-720p-noise-med-1000,on-prem,2,train,completed,90.0,f1-x264-720p-noise-med-1000,video-transcode,1000,none,,41.5,45.1001735339,29,26,36.9132788931,37.4292707361,36.7047247065,37.4133538608,37.4133538608,63.3913913609,54.9714528321,87.3810012181,46.2450275081,23,22.5
v4-15-f1-x264-720p-noise-med-1000,public-cloud,1,train,completed,86.0,f1-x264-720p-noise-med-1000,video-transcode,1000,r2-heavy,,41.5,39.3432723395,29,26,32.8283196508,33.3113435026,31.9893888963,31.861444648,31.861444648,60.0931259341,41.0368811282,80.8302413117,37.2195759572,21,21
v4-15-f1-x264-720p-noise-med-1000,public-cloud,2,train,completed,83.0,f1-x264-720p-noise-med-1000,video-transcode,1000,r2-heavy,,41.5,39.3432723395,29,26,32.8283196508,33.3113435026,31.9893888963,31.861444648,31.861444648,60.0931259341,41.0368811282,80.8302413117,37.2195759572,21,21
v4-16-f1-x264-720p-testsrc2-med-1100,edge-1,1,train,completed,28.0,f1-x264-720p-testsrc2-med-1100,video-transcode,1100,r3-cpu-pressure,,41.5,50.2164913819,33.5,26,40.6447005753,41.5074414998,41.6706351938,42.3889049036,42.3889049036,27.1955721082,28.3778700876,27.1283220763,52.2098116798,115,115
v4-16-f1-x264-720p-testsrc2-med-1100,edge-1,2,train,completed,28.0,f1-x264-720p-testsrc2-med-1100,video-transcode,1100,r3-cpu-pressure,,41.5,50.2164913819,33.5,26,40.6447005753,41.5074414998,41.6706351938,42.3889049036,42.3889049036,27.1955721082,28.3778700876,27.1283220763,52.2098116798,115,115
v4-16-f1-x264-720p-testsrc2-med-1100,edge-2,1,train,completed,74.0,f1-x264-720p-testsrc2-med-1100,video-transcode,1100,r1-moderate,,41.5,125.543950063,87,26,84.5173083922,94.5089249497,95.9110048449,96.1136524778,96.1136524778,69.7320027768,90.1766264816,77.0253093353,129.083733615,279,278.5
v4-16-f1-x264-720p-testsrc2-med-1100,edge-2,2,train,completed,75.0,f1-x264-720p-testsrc2-med-1100,video-transcode,1100,r1-moderate,,41.5,125.543950063,87,26,84.5173083922,94.5089249497,95.9110048449,96.1136524778,96.1136524778,69.7320027768,90.1766264816,77.0253093353,129.083733615,279,278.5
v4-16-f1-x264-720p-testsrc2-med-1100,on-prem,1,train,completed,27.0,f1-x264-720p-testsrc2-med-1100,video-transcode,1100,r2-heavy,,41.5,43.1744125008,29,26,36.7851823099,36.996369562,35.9315686652,35.592876818,35.592876818,22.2238600979,24.4910889126,27.3986094075,44.4685398434,90,90
v4-16-f1-x264-720p-testsrc2-med-1100,on-prem,2,train,completed,26.0,f1-x264-720p-testsrc2-med-1100,video-transcode,1100,r2-heavy,,41.5,43.1744125008,29,26,36.7851823099,36.996369562,35.9315686652,35.592876818,35.592876818,22.2238600979,24.4910889126,27.3986094075,44.4685398434,90,90
v4-16-f1-x264-720p-testsrc2-med-1100,public-cloud,1,train,completed,18.0,f1-x264-720p-testsrc2-med-1100,video-transcode,1100,none,,41.5,37.4404504297,29,26,32.6500754216,32.7361576455,31.1873964491,30.5629563544,30.5629563544,21.0541401743,20.8150544681,19.4926788236,35.7824595279,83,84.5
v4-16-f1-x264-720p-testsrc2-med-1100,public-cloud,2,train,completed,19.0,f1-x264-720p-testsrc2-med-1100,video-transcode,1100,none,,41.5,37.4404504297,29,26,32.6500754216,32.7361576455,31.1873964491,30.5629563544,30.5629563544,21.0541401743,20.8150544681,19.4926788236,35.7824595279,83,84.5
v4-17-f1-x264-720p-testsrc2-med-1400,edge-1,1,train,completed,33.0,f1-x264-720p-testsrc2-med-1400,video-transcode,1400,none,,41.5,44.3966723973,33.5,26,40.4819232517,38.9618862341,39.6255328405,39.8573409595,39.8573409595,31.0545075503,37.7126371647,32.3623868411,48.689015365,28,28
v4-17-f1-x264-720p-testsrc2-med-1400,edge-1,2,train,completed,34.0,f1-x264-720p-testsrc2-med-1400,video-transcode,1400,none,,41.5,44.3966723973,33.5,26,40.4819232517,38.9618862341,39.6255328405,39.8573409595,39.8573409595,31.0545075503,37.7126371647,32.3623868411,48.689015365,28,28
v4-17-f1-x264-720p-testsrc2-med-1400,edge-2,1,train,completed,87.0,f1-x264-720p-testsrc2-med-1400,video-transcode,1400,none,,41.5,118.739404521,87,26,87.0970393403,84.4014550396,88.3412074366,88.8512177978,88.8512177978,94.4250046442,104.785575311,88.1340053047,120.476329915,75,74.5
v4-17-f1-x264-720p-testsrc2-med-1400,edge-2,2,train,completed,87.0,f1-x264-720p-testsrc2-med-1400,video-transcode,1400,none,,41.5,118.739404521,87,26,87.0970393403,84.4014550396,88.3412074366,88.8512177978,88.8512177978,94.4250046442,104.785575311,88.1340053047,120.476329915,75,74.5
v4-17-f1-x264-720p-testsrc2-med-1400,on-prem,1,train,completed,29.0,f1-x264-720p-testsrc2-med-1400,video-transcode,1400,none,,41.5,38.6609938021,29,26,36.4830833712,35.1957035235,34.6187982924,34.9650259799,34.9650259799,24.6739769441,30.0698337245,29.5730544399,41.459969385,26,26.5
v4-17-f1-x264-720p-testsrc2-med-1400,on-prem,2,train,completed,29.0,f1-x264-720p-testsrc2-med-1400,video-transcode,1400,none,,41.5,38.6609938021,29,26,36.4830833712,35.1957035235,34.6187982924,34.9650259799,34.9650259799,24.6739769441,30.0698337245,29.5730544399,41.459969385,26,26.5
v4-17-f1-x264-720p-testsrc2-med-1400,public-cloud,1,train,completed,29.0,f1-x264-720p-testsrc2-med-1400,video-transcode,1400,r2-heavy,,41.5,33.026722681,29,26,32.1947714769,30.9202104777,29.9106227284,28.4600829563,28.4600829563,22.3951244251,25.3865372924,26.2164498316,33.3486311819,19,18.5
v4-17-f1-x264-720p-testsrc2-med-1400,public-cloud,2,train,completed,29.0,f1-x264-720p-testsrc2-med-1400,video-transcode,1400,r2-heavy,,41.5,33.026722681,29,26,32.1947714769,30.9202104777,29.9106227284,28.4600829563,28.4600829563,22.3951244251,25.3865372924,26.2164498316,33.3486311819,19,18.5
v4-18-f0-cpu-45k,edge-1,1,train,completed,82.0,f0-cpu-45k,stress-ng-cpu,45000,r1-moderate,,51,81.4984662432,81.5,26,55.3828349914,59.4030111374,60.067751598,60.8289094636,60.8289094636,72.6498240094,47.4292151625,79.694297945,42.6451571105,81,81
v4-18-f0-cpu-45k,edge-1,2,train,completed,83.0,f0-cpu-45k,stress-ng-cpu,45000,r1-moderate,,51,81.4984662432,81.5,26,55.3828349914,59.4030111374,60.067751598,60.8289094636,60.8289094636,72.6498240094,47.4292151625,79.694297945,42.6451571105,81,81
v4-18-f0-cpu-45k,edge-2,1,train,completed,165.0,f0-cpu-45k,stress-ng-cpu,45000,r2-heavy,,51,155.740168229,156,26,83.0213690026,98.7880733744,103.009615924,104.964172247,104.964172247,148.364546714,208.192300376,166.8103852,105.70071575,146,146.5
v4-18-f0-cpu-45k,edge-2,2,train,completed,166.0,f0-cpu-45k,stress-ng-cpu,45000,r2-heavy,,51,155.740168229,156,26,83.0213690026,98.7880733744,103.009615924,104.964172247,104.964172247,148.364546714,208.192300376,166.8103852,105.70071575,146,146.5
v4-18-f0-cpu-45k,on-prem,1,train,completed,20.0,f0-cpu-45k,stress-ng-cpu,45000,r1-moderate,,51,20.4939015319,20.5,26,23.5912918604,22.9460822207,22.3758916645,22.8169653207,22.8169653207,21.4641144307,26.1693834189,23.4021885501,36.2954066628,21,20.5
v4-18-f0-cpu-45k,on-prem,2,train,completed,21.0,f0-cpu-45k,stress-ng-cpu,45000,r1-moderate,,51,20.4939015319,20.5,26,23.5912918604,22.9460822207,22.3758916645,22.8169653207,22.8169653207,21.4641144307,26.1693834189,23.4021885501,36.2954066628,21,20.5
v4-18-f0-cpu-45k,public-cloud,1,train,completed,18.0,f0-cpu-45k,stress-ng-cpu,45000,none,,51,18,18,26,21.9512016853,21.2762604548,20.178006577,19.5293871919,19.5293871919,19.7062613804,19.1758097281,18.2890762182,29.1706804502,18,18.5
v4-18-f0-cpu-45k,public-cloud,2,train,completed,18.0,f0-cpu-45k,stress-ng-cpu,45000,none,,51,18,18,26,21.9512016853,21.2762604548,20.178006577,19.5293871919,19.5293871919,19.7062613804,19.1758097281,18.2890762182,29.1706804502,18,18.5
v4-19-f3-r50-fp32-160-256,edge-1,1,train,completed,28.0,f3-r50-fp32-160-256,onnx-inference-fp32,256,none,,29,27.4013023184,40,26,29.4480512836,29.4222295755,29.9990582179,30.5980899206,30.5980899206,35.8538694951,29.6091046233,30.1496929501,25.0287351714,64,64
v4-19-f3-r50-fp32-160-256,edge-1,2,train,completed,29.0,f3-r50-fp32-160-256,onnx-inference-fp32,256,none,,29,27.4013023184,40,26,29.4480512836,29.4222295755,29.9990582179,30.5980899206,30.5980899206,35.8538694951,29.6091046233,30.1496929501,25.0287351714,64,64
v4-19-f3-r50-fp32-160-256,edge-2,1,train,completed,96.0,f3-r50-fp32-160-256,onnx-inference-fp32,256,r3-cpu-pressure,,29,90.0671192864,133,26,61.8716168729,67.3199441603,70.5904505909,72.7021281717,72.7021281717,97.1383427185,78.4989045049,89.8613360042,62.6332838903,199,199
v4-19-f3-r50-fp32-160-256,edge-2,2,train,completed,90.0,f3-r50-fp32-160-256,onnx-inference-fp32,256,r3-cpu-pressure,,29,90.0671192864,133,26,61.8716168729,67.3199441603,70.5904505909,72.7021281717,72.7021281717,97.1383427185,78.4989045049,89.8613360042,62.6332838903,199,199
v4-19-f3-r50-fp32-160-256,on-prem,1,train,completed,19.0,f3-r50-fp32-160-256,onnx-inference-fp32,256,none,,29,17.7945427637,20,26,22.1021856446,21.5890369203,20.9677647272,21.3396273363,21.3396273363,18.5996940749,23.3772146618,18.6392197017,21.2419239019,29,29.5
v4-19-f3-r50-fp32-160-256,on-prem,2,train,completed,18.0,f3-r50-fp32-160-256,onnx-inference-fp32,256,none,,29,17.7945427637,20,26,22.1021856446,21.5890369203,20.9677647272,21.3396273363,21.3396273363,18.5996940749,23.3772146618,18.6392197017,21.2419239019,29,29.5
v4-19-f3-r50-fp32-160-256,public-cloud,1,train,completed,11.0,f3-r50-fp32-160-256,onnx-inference-fp32,256,r1-moderate,,29,10.765692053,14,26,17.670660626,17.2451264842,16.2579500654,13.8935532293,13.8935532293,17.0455172321,10.0813580572,11.7838021331,16.9929390422,28,27.5
v4-19-f3-r50-fp32-160-256,public-cloud,2,train,completed,12.0,f3-r50-fp32-160-256,onnx-inference-fp32,256,r1-moderate,,29,10.765692053,14,26,17.670660626,17.2451264842,16.2579500654,13.8935532293,13.8935532293,17.0455172321,10.0813580572,11.7838021331,16.9929390422,28,27.5
v4-20-f5-sf1-q9-r2,edge-1,1,train,completed,19.0,f5-sf1-q9-r2,duckdb-tpch,1,none,,21,19.3829997351,21,26,21.6702327468,21.6875827443,21.99781977,22.1364684481,22.1364684481,26.4172353273,19.3467212144,20.0137248974,19.9533374776,23,20
v4-20-f5-sf1-q9-r2,edge-1,2,train,completed,19.0,f5-sf1-q9-r2,duckdb-tpch,1,none,,21,19.3829997351,21,26,21.6702327468,21.6875827443,21.99781977,22.1364684481,22.1364684481,26.4172353273,19.3467212144,20.0137248974,19.9533374776,23,20
v4-20-f5-sf1-q9-r2,edge-2,1,train,completed,46.0,f5-sf1-q9-r2,duckdb-tpch,1,r1-moderate,,21,47.2020562163,48.5,26,43.6299270926,44.1447205909,46.0478326843,46.6965255799,46.6965255799,41.0090346275,55.1541834192,49.2468012386,50.2252963268,46,48.5
v4-20-f5-sf1-q9-r2,edge-2,2,train,completed,46.0,f5-sf1-q9-r2,duckdb-tpch,1,r1-moderate,,21,47.2020562163,48.5,26,43.6299270926,44.1447205909,46.0478326843,46.6965255799,46.6965255799,41.0090346275,55.1541834192,49.2468012386,50.2252963268,46,48.5
v4-20-f5-sf1-q9-r2,on-prem,1,train,completed,19.0,f5-sf1-q9-r2,duckdb-tpch,1,r2-heavy,,21,15.0996688705,19,26,19.9595400731,19.8925303245,19.5250232043,19.4813050306,19.4813050306,17.0624354851,15.018473402,16.298974306,16.9049244844,12,12
v4-20-f5-sf1-q9-r2,on-prem,2,train,completed,19.0,f5-sf1-q9-r2,duckdb-tpch,1,r2-heavy,,21,15.0996688705,19,26,19.9595400731,19.8925303245,19.5250232043,19.4813050306,19.4813050306,17.0624354851,15.018473402,16.298974306,16.9049244844,12,12
v4-20-f5-sf1-q9-r2,public-cloud,1,train,completed,16.0,f5-sf1-q9-r2,duckdb-tpch,1,none,,21,13.8564064606,16,26,16.8406789699,16.8102823415,16.1896930073,15.9584349474,15.9584349474,16.5816484457,14.6085423134,13.8426742609,13.4844580993,16,14
v4-20-f5-sf1-q9-r2,public-cloud,2,train,completed,12.0,f5-sf1-q9-r2,duckdb-tpch,1,none,,21,13.8564064606,16,26,16.8406789699,16.8102823415,16.1896930073,15.9584349474,15.9584349474,16.5816484457,14.6085423134,13.8426742609,13.4844580993,16,14
v4-21-f2-random-zstd1-chacha-768,edge-1,1,train,completed,11.0,f2-random-zstd1-chacha-768,compress-encrypt,768,none,,14,12.6158157502,13,26,17.6041194137,16.3248892249,16.7409162516,16.9129295136,16.9129295136,12.6385859059,12.7999303835,10.8946448407,14.4096233461,12,12.5
v4-21-f2-random-zstd1-chacha-768,edge-1,2,train,completed,11.0,f2-random-zstd1-chacha-768,compress-encrypt,768,none,,14,12.6158157502,13,26,17.6041194137,16.3248892249,16.7409162516,16.9129295136,16.9129295136,12.6385859059,12.7999303835,10.8946448407,14.4096233461,12,12.5
v4-21-f2-random-zstd1-chacha-768,edge-1,3,train,completed,10.0,f2-random-zstd1-chacha-768,compress-encrypt,768,none,,14,12.6158157502,13,26,17.6041194137,16.3248892249,16.7409162516,16.9129295136,16.9129295136,12.6385859059,12.7999303835,10.8946448407,14.4096233461,12,12.5
v4-21-f2-random-zstd1-chacha-768,edge-2,1,train,completed,32.0,f2-random-zstd1-chacha-768,compress-encrypt,768,none,,14,38.4180267295,43,26,36.4479470973,34.1943086201,36.7926920027,37.0773202147,37.0773202147,41.9124114874,38.1803020663,33.30630318,36.6724005438,43,43
v4-21-f2-random-zstd1-chacha-768,edge-2,2,train,completed,32.0,f2-random-zstd1-chacha-768,compress-encrypt,768,none,,14,38.4180267295,43,26,36.4479470973,34.1943086201,36.7926920027,37.0773202147,37.0773202147,41.9124114874,38.1803020663,33.30630318,36.6724005438,43,43
v4-21-f2-random-zstd1-chacha-768,edge-2,3,train,completed,32.0,f2-random-zstd1-chacha-768,compress-encrypt,768,none,,14,38.4180267295,43,26,36.4479470973,34.1943086201,36.7926920027,37.0773202147,37.0773202147,41.9124114874,38.1803020663,33.30630318,36.6724005438,43,43
v4-21-f2-random-zstd1-chacha-768,on-prem,1,train,completed,11.0,f2-random-zstd1-chacha-768,compress-encrypt,768,none,,14,11.8863811372,14,26,17.5440799366,16.3069848113,15.7945077012,15.7903126712,15.7903126712,12.0863682294,10.0317296286,11.5889177956,12.1677420191,15,14.5
v4-21-f2-random-zstd1-chacha-768,on-prem,2,train,completed,11.0,f2-random-zstd1-chacha-768,compress-encrypt,768,none,,14,11.8863811372,14,26,17.5440799366,16.3069848113,15.7945077012,15.7903126712,15.7903126712,12.0863682294,10.0317296286,11.5889177956,12.1677420191,15,14.5
v4-21-f2-random-zstd1-chacha-768,on-prem,3,train,completed,11.0,f2-random-zstd1-chacha-768,compress-encrypt,768,none,,14,11.8863811372,14,26,17.5440799366,16.3069848113,15.7945077012,15.7903126712,15.7903126712,12.0863682294,10.0317296286,11.5889177956,12.1677420191,15,14.5
v4-21-f2-random-zstd1-chacha-768,public-cloud,1,train,completed,10.0,f2-random-zstd1-chacha-768,compress-encrypt,768,none,,14,10.1174119999,11,26,15.7188575693,14.5776312374,13.6971392321,12.9292633095,12.9292633095,11.6724267991,8.35189304743,9.9355952347,9.6522430577,11,11.5
v4-21-f2-random-zstd1-chacha-768,public-cloud,2,train,completed,10.0,f2-random-zstd1-chacha-768,compress-encrypt,768,none,,14,10.1174119999,11,26,15.7188575693,14.5776312374,13.6971392321,12.9292633095,12.9292633095,11.6724267991,8.35189304743,9.9355952347,9.6522430577,11,11.5
v4-21-f2-random-zstd1-chacha-768,public-cloud,3,train,completed,9.0,f2-random-zstd1-chacha-768,compress-encrypt,768,none,,14,10.1174119999,11,26,15.7188575693,14.5776312374,13.6971392321,12.9292633095,12.9292633095,11.6724267991,8.35189304743,9.9355952347,9.6522430577,11,11.5
v4-22-f1-x264-720p-testsrc2-med-2400,edge-1,1,train,completed,55.0,f1-x264-720p-testsrc2-med-2400,video-transcode,2400,none,,41.5,33.7122033119,33.5,26,40.4413100543,39.1090656178,39.4402643771,39.6010740012,39.6010740012,52.0130433019,46.2389048967,61.360953772,51.0828388958,34,33.5
v4-22-f1-x264-720p-testsrc2-med-2400,edge-1,2,train,completed,56.0,f1-x264-720p-testsrc2-med-2400,video-transcode,2400,none,,41.5,33.7122033119,33.5,26,40.4413100543,39.1090656178,39.4402643771,39.6010740012,39.6010740012,52.0130433019,46.2389048967,61.360953772,51.0828388958,34,33.5
v4-22-f1-x264-720p-testsrc2-med-2400,edge-2,1,train,completed,198.0,f1-x264-720p-testsrc2-med-2400,video-transcode,2400,r2-heavy,,41.5,104.834897508,87,26,97.0661074739,94.711158491,97.0196445226,97.9295459925,97.9295459925,170.914660312,106.880557514,191.669597414,126.328587096,87,87
v4-22-f1-x264-720p-testsrc2-med-2400,edge-2,2,train,completed,194.0,f1-x264-720p-testsrc2-med-2400,video-transcode,2400,r2-heavy,,41.5,104.834897508,87,26,97.0661074739,94.711158491,97.0196445226,97.9295459925,97.9295459925,170.914660312,106.880557514,191.669597414,126.328587096,87,87
v4-22-f1-x264-720p-testsrc2-med-2400,on-prem,1,train,completed,48.0,f1-x264-720p-testsrc2-med-2400,video-transcode,2400,r3-cpu-pressure,,41.5,30.2062805505,29,26,35.9553348192,34.7950322023,34.4196714566,35.0869862703,35.0869862703,27.9355459151,36.9975427577,40.4473573227,43.5055255927,29,29
v4-22-f1-x264-720p-testsrc2-med-2400,on-prem,2,train,completed,48.0,f1-x264-720p-testsrc2-med-2400,video-transcode,2400,r3-cpu-pressure,,41.5,30.2062805505,29,26,35.9553348192,34.7950322023,34.4196714566,35.0869862703,35.0869862703,27.9355459151,36.9975427577,40.4473573227,43.5055255927,29,29
v4-22-f1-x264-720p-testsrc2-med-2400,public-cloud,1,train,completed,35.0,f1-x264-720p-testsrc2-med-2400,video-transcode,2400,none,,41.5,24.9524218618,29,26,31.1416825048,30.1550322373,29.5143987066,29.2850105046,29.2850105046,27.2654772462,32.5110512872,33.2836377617,35.003414658,29,29
v4-22-f1-x264-720p-testsrc2-med-2400,public-cloud,2,train,completed,35.0,f1-x264-720p-testsrc2-med-2400,video-transcode,2400,none,,41.5,24.9524218618,29,26,31.1416825048,30.1550322373,29.5143987066,29.2850105046,29.2850105046,27.2654772462,32.5110512872,33.2836377617,35.003414658,29,29
v4-23-f3-r50-int8-224-128,edge-1,1,train,completed,9.0,f3-r50-int8-224-128,onnx-inference-int8,128,r3-cpu-pressure,,26,8.71038477499,17,26,18.762729088,18.5356232963,18.82659624,19.2400110213,19.2400110213,14.3771793636,12.5919682955,10.2500517038,17.166878418,121,70
v4-23-f3-r50-int8-224-128,edge-1,2,train,completed,9.0,f3-r50-int8-224-128,onnx-inference-int8,128,r3-cpu-pressure,,26,8.71038477499,17,26,18.762729088,18.5356232963,18.82659624,19.2400110213,19.2400110213,14.3771793636,12.5919682955,10.2500517038,17.166878418,121,70
v4-23-f3-r50-int8-224-128,edge-1,3,train,completed,9.0,f3-r50-int8-224-128,onnx-inference-int8,128,r3-cpu-pressure,,26,8.71038477499,17,26,18.762729088,18.5356232963,18.82659624,19.2400110213,19.2400110213,14.3771793636,12.5919682955,10.2500517038,17.166878418,121,70
v4-23-f3-r50-int8-224-128,edge-2,1,train,completed,50.0,f3-r50-int8-224-128,onnx-inference-int8,128,none,,26,47.7282651864,83,26,45.386589527,45.481065207,48.3283999752,48.9440846458,48.9440846458,49.2862762374,53.8061910089,47.5943607468,43.4131504724,85,85.5
v4-23-f3-r50-int8-224-128,edge-2,2,train,completed,47.0,f3-r50-int8-224-128,onnx-inference-int8,128,none,,26,47.7282651864,83,26,45.386589527,45.481065207,48.3283999752,48.9440846458,48.9440846458,49.2862762374,53.8061910089,47.5943607468,43.4131504724,85,85.5
v4-23-f3-r50-int8-224-128,edge-2,3,train,completed,46.0,f3-r50-int8-224-128,onnx-inference-int8,128,none,,26,47.7282651864,83,26,45.386589527,45.481065207,48.3283999752,48.9440846458,48.9440846458,49.2862762374,53.8061910089,47.5943607468,43.4131504724,85,85.5
v4-23-f3-r50-int8-224-128,on-prem,1,train,completed,26.0,f3-r50-int8-224-128,onnx-inference-int8,128,none,,26,26.4276364041,29,26,26.0388819292,25.4861546292,24.7363992567,24.4477453843,24.4477453843,19.0690709853,15.7572235614,22.6142863557,14.5238556406,37,37
v4-23-f3-r50-int8-224-128,on-prem,2,train,completed,27.0,f3-r50-int8-224-128,onnx-inference-int8,128,none,,26,26.4276364041,29,26,26.0388819292,25.4861546292,24.7363992567,24.4477453843,24.4477453843,19.0690709853,15.7572235614,22.6142863557,14.5238556406,37,37
v4-23-f3-r50-int8-224-128,on-prem,3,train,completed,27.0,f3-r50-int8-224-128,onnx-inference-int8,128,none,,26,26.4276364041,29,26,26.0388819292,25.4861546292,24.7363992567,24.4477453843,24.4477453843,19.0690709853,15.7572235614,22.6142863557,14.5238556406,37,37
v4-23-f3-r50-int8-224-128,public-cloud,1,train,completed,12.0,f3-r50-int8-224-128,onnx-inference-int8,128,r3-cpu-pressure,,26,11.0467926146,13,26,16.5419370888,15.9691094858,15.0890491114,14.8330837747,14.8330837747,13.5760838996,10.2534624791,11.795059919,11.5582566272,22,21.5
v4-23-f3-r50-int8-224-128,public-cloud,2,train,completed,11.0,f3-r50-int8-224-128,onnx-inference-int8,128,r3-cpu-pressure,,26,11.0467926146,13,26,16.5419370888,15.9691094858,15.0890491114,14.8330837747,14.8330837747,13.5760838996,10.2534624791,11.795059919,11.5582566272,22,21.5
v4-23-f3-r50-int8-224-128,public-cloud,3,train,completed,11.0,f3-r50-int8-224-128,onnx-inference-int8,128,r3-cpu-pressure,,26,11.0467926146,13,26,16.5419370888,15.9691094858,15.0890491114,14.8330837747,14.8330837747,13.5760838996,10.2534624791,11.795059919,11.5582566272,22,21.5
v4-24-f5-sf2-q1-r2,edge-1,1,train,completed,34.0,f5-sf2-q1-r2,duckdb-tpch,2,r3-cpu-pressure,,21,33.4962684489,21,26,29.1382263031,28.7821127644,29.1891008526,29.6330266825,29.6330266825,22.0808751052,32.1983474011,29.7892617623,35.0786156398,19,19
v4-24-f5-sf2-q1-r2,edge-1,2,train,completed,33.0,f5-sf2-q1-r2,duckdb-tpch,2,r3-cpu-pressure,,21,33.4962684489,21,26,29.1382263031,28.7821127644,29.1891008526,29.6330266825,29.6330266825,22.0808751052,32.1983474011,29.7892617623,35.0786156398,19,19
v4-24-f5-sf2-q1-r2,edge-2,1,train,completed,106.0,f5-sf2-q1-r2,duckdb-tpch,2,none,,21,106.995327001,48.5,26,65.7160609595,65.6787837697,68.4140850659,69.0511992374,69.0511992374,82.3000193212,103.589154618,103.881243248,87.2025490775,46,46
v4-24-f5-sf2-q1-r2,edge-2,2,train,completed,108.0,f5-sf2-q1-r2,duckdb-tpch,2,none,,21,106.995327001,48.5,26,65.7160609595,65.6787837697,68.4140850659,69.0511992374,69.0511992374,82.3000193212,103.589154618,103.881243248,87.2025490775,46,46
v4-24-f5-sf2-q1-r2,on-prem,1,train,completed,25.0,f5-sf2-q1-r2,duckdb-tpch,2,r2-heavy,,21,28.2842712475,19,26,24.6534547323,24.345793108,23.8975450365,23.9649037765,23.9649037765,18.7211595255,28.199806155,27.3886852135,29.8296895051,19,19
v4-24-f5-sf2-q1-r2,on-prem,2,train,completed,32.0,f5-sf2-q1-r2,duckdb-tpch,2,r2-heavy,,21,28.2842712475,19,26,24.6534547323,24.345793108,23.8975450365,23.9649037765,23.9649037765,18.7211595255,28.199806155,27.3886852135,29.8296895051,19,19
v4-24-f5-sf2-q1-r2,public-cloud,1,train,completed,26.0,f5-sf2-q1-r2,duckdb-tpch,2,r1-moderate,,21,22.2261107709,16,26,21.7491226268,21.4316935747,20.6791646443,20.3294825479,20.3294825479,17.8517353529,22.9925046407,21.9122710505,23.9401412578,12,14
v4-24-f5-sf2-q1-r2,public-cloud,2,train,completed,19.0,f5-sf2-q1-r2,duckdb-tpch,2,r1-moderate,,21,22.2261107709,16,26,21.7491226268,21.4316935747,20.6791646443,20.3294825479,20.3294825479,17.8517353529,22.9925046407,21.9122710505,23.9401412578,12,14
v4-cal2-none,edge-1,1,startup-calibration,completed,4.0,f9-startup-null,startup-calibration,1,none,,26,20.0717473345,23.5,26,28.0418038895,27.6998544462,29.7016768142,30.7677273502,30.7677273502,18.3348058222,30.7768032966,17.5618029003,22.9012090498,5,5.5
v4-cal2-none,edge-2,1,startup-calibration,completed,10.0,f9-startup-null,startup-calibration,1,none,,26,20.0717473345,78.5,26,28.0418499274,27.9271692598,33.986928513,35.5748986387,35.5748986387,58.4168446927,76.4206210922,45.4718024543,57.4320525286,8,9
v4-cal2-none,on-prem,1,startup-calibration,completed,5.0,f9-startup-null,startup-calibration,1,none,,26,20.0717473345,21,26,28.0417253748,27.6732710919,25.8619138763,26.3739391739,26.3739391739,16.8396425563,23.2640699798,14.2553358359,19.4239226127,5,5.5
v4-cal2-none,public-cloud,1,startup-calibration,completed,5.0,f9-startup-null,startup-calibration,1,none,,26,20.0717473345,15,26,28.0417174254,27.6696108253,24.0132530872,21.7604976263,21.7604976263,16.260541112,14.971489713,13.65305013,15.5222395417,5,5
v4-cal2-r1-moderate,edge-1,1,startup-calibration,completed,4.0,f9-startup-null,startup-calibration,1,r1-moderate,,26,20.0717473345,23.5,26,28.0418038895,27.8307667808,29.8698354535,31.3199371847,31.3199371847,17.0953359222,27.2652995141,16.3654467402,22.9012090498,4,4.5
v4-cal2-r1-moderate,edge-2,1,startup-calibration,completed,10.0,f9-startup-null,startup-calibration,1,r1-moderate,,26,20.0717473345,78.5,26,28.0418499274,28.1087396404,34.2251959982,36.1830166437,36.1830166437,57.6065109081,73.0718952925,52.8063055132,57.4320525286,10,9
v4-cal2-r1-moderate,on-prem,1,startup-calibration,completed,5.0,f9-startup-null,startup-calibration,1,r1-moderate,,26,20.0717473345,21,26,28.0417253748,27.8394337303,26.0363599287,26.369359433,26.369359433,15.7493949143,23.4568399644,15.0061849413,19.4239226127,5,5
v4-cal2-r1-moderate,public-cloud,1,startup-calibration,completed,5.0,f9-startup-null,startup-calibration,1,r1-moderate,,26,20.0717473345,15,26,28.0417174254,27.8394259965,24.1780486804,21.9761205306,21.9761205306,14.9992797371,15.0963458039,14.2281759416,15.5222395417,5,5
v4-cal2-r2-heavy,edge-1,1,startup-calibration,completed,5.0,f9-startup-null,startup-calibration,1,r2-heavy,,26,20.0717473345,23.5,26,28.0418038895,27.9978421124,30.0703096624,31.3631088323,31.3631088323,13.3543422701,25.7444326119,14.1289437906,22.9012090498,4,4
v4-cal2-r2-heavy,edge-2,1,startup-calibration,completed,10.0,f9-startup-null,startup-calibration,1,r2-heavy,,26,20.0717473345,78.5,26,28.0418499274,28.3156958098,34.4925438785,36.330416005,36.330416005,83.028719167,67.7126072611,65.434347148,57.4320525286,10,10
v4-cal2-r2-heavy,on-prem,1,startup-calibration,completed,5.0,f9-startup-null,startup-calibration,1,r2-heavy,,26,20.0717473345,21,26,28.0417253748,28.0102547926,26.2144844196,26.5189769884,26.5189769884,13.3838620026,20.9716465784,13.105065188,19.4239226127,5,5
v4-cal2-r2-heavy,public-cloud,1,startup-calibration,completed,5.0,f9-startup-null,startup-calibration,1,r2-heavy,,26,20.0717473345,15,26,28.0417174254,28.010247013,24.3439300015,22.6692733915,22.6692733915,13.1084763245,18.8346600771,12.1489526079,15.5222395417,5,5
v4-cal2-r3-cpu-pressure,edge-1,1,startup-calibration,completed,4.0,f9-startup-null,startup-calibration,1,r3-cpu-pressure,,26,20.0717473345,23.5,26,28.0418038895,28.1784452544,30.281383467,31.9026289438,31.9026289438,13.3260546753,25.7960090233,14.0545987866,22.9012090498,5,4.5
v4-cal2-r3-cpu-pressure,edge-2,1,startup-calibration,completed,10.0,f9-startup-null,startup-calibration,1,r3-cpu-pressure,,26,20.0717473345,78.5,26,28.0418499274,28.5166019367,34.7552310473,36.7610444182,36.7610444182,67.0861444939,75.1529307806,52.5707028905,57.4320525286,10,10
v4-cal2-r3-cpu-pressure,on-prem,1,startup-calibration,completed,5.0,f9-startup-null,startup-calibration,1,r3-cpu-pressure,,26,20.0717473345,21,26,28.0417253748,28.1820876582,26.3937824537,26.2615547566,26.2615547566,13.0387439518,20.874557673,12.1312927387,19.4239226127,5,5
v4-cal2-r3-cpu-pressure,public-cloud,1,startup-calibration,completed,6.0,f9-startup-null,startup-calibration,1,r3-cpu-pressure,,26,20.0717473345,15,26,28.0417174254,28.1820798325,24.5109042037,22.6904493951,22.6904493951,12.9347164903,17.3626432492,12.9594447274,15.5222395417,5,5
v4-25-f3-r50-fp32-224-128,edge-1,1,calibration,completed,30.0,f3-r50-fp32-224-128,onnx-inference-fp32,128,none,,29,22.0606803985,40,26,29.3516620205,28.3096509484,28.9476766647,29.3222503515,29.3222503515,25.8191101451,21.9337319017,17.6697298228,19.3557479946,29,28.5
v4-25-f3-r50-fp32-224-128,edge-1,2,calibration,completed,29.0,f3-r50-fp32-224-128,onnx-inference-fp32,128,none,,29,22.0606803985,40,26,29.3516620205,28.3096509484,28.9476766647,29.3222503515,29.3222503515,25.8191101451,21.9337319017,17.6697298228,19.3557479946,29,28.5
v4-25-f3-r50-fp32-224-128,edge-2,1,calibration,completed,116.0,f3-r50-fp32-224-128,onnx-inference-fp32,128,r2-heavy,,29,73.1576635433,133,26,63.5236634196,63.7692851962,67.7119167936,68.8547560005,68.8547560005,101.69739805,63.3457886762,92.4903746593,48.7643501466,90,93
v4-25-f3-r50-fp32-224-128,edge-2,2,calibration,completed,114.0,f3-r50-fp32-224-128,onnx-inference-fp32,128,r2-heavy,,29,73.1576635433,133,26,63.5236634196,63.7692851962,67.7119167936,68.8547560005,68.8547560005,101.69739805,63.3457886762,92.4903746593,48.7643501466,90,93
v4-25-f3-r50-fp32-224-128,on-prem,1,calibration,completed,19.0,f3-r50-fp32-224-128,onnx-inference-fp32,128,none,,29,15.8905866925,20,26,22.0175755926,21.0883444052,20.5130177556,20.7285006551,20.7285006551,14.8979455481,16.8175992752,15.5378653003,16.3942757833,18,18.5
v4-25-f3-r50-fp32-224-128,on-prem,2,calibration,completed,18.0,f3-r50-fp32-224-128,onnx-inference-fp32,128,none,,29,15.8905866925,20,26,22.0175755926,21.0883444052,20.5130177556,20.7285006551,20.7285006551,14.8979455481,16.8175992752,15.5378653003,16.3942757833,18,18.5
v4-25-f3-r50-fp32-224-128,public-cloud,1,calibration,completed,12.0,f3-r50-fp32-224-128,onnx-inference-fp32,128,r3-cpu-pressure,,29,8.66794374853,14,26,17.3711346525,16.5621552544,15.6772476181,15.4502013326,15.4502013326,12.982029075,9.68047446227,11.6070474805,13.0713611482,12,11.5
v4-25-f3-r50-fp32-224-128,public-cloud,2,calibration,completed,11.0,f3-r50-fp32-224-128,onnx-inference-fp32,128,r3-cpu-pressure,,29,8.66794374853,14,26,17.3711346525,16.5621552544,15.6772476181,15.4502013326,15.4502013326,12.982029075,9.68047446227,11.6070474805,13.0713611482,12,11.5
v4-26-f5-sf2-q9-r2,edge-1,1,calibration,completed,35.0,f5-sf2-q9-r2,duckdb-tpch,2,none,,21,33.4962684489,21,26,25.0766448074,24.3301842765,24.2852393916,24.0468755189,24.0468755189,19.0624023697,25.0596425429,27.1920437765,37.4649291904,33,33.5
v4-26-f5-sf2-q9-r2,edge-1,2,calibration,completed,24.0,f5-sf2-q9-r2,duckdb-tpch,2,none,,21,33.4962684489,21,26,25.0766448074,24.3301842765,24.2852393916,24.0468755189,24.0468755189,19.0624023697,25.0596425429,27.1920437765,37.4649291904,33,33.5
v4-26-f5-sf2-q9-r2,edge-2,1,calibration,completed,132.0,f5-sf2-q9-r2,duckdb-tpch,2,r2-heavy,,21,106.995327001,48.5,26,68.1290681427,67.6972075623,67.1044573089,67.7513053525,67.7513053525,35.0371014334,54.8829857956,67.2463876248,93.0364463689,108,107
v4-26-f5-sf2-q9-r2,edge-2,2,calibration,completed,170.0,f5-sf2-q9-r2,duckdb-tpch,2,r2-heavy,,21,106.995327001,48.5,26,68.1290681427,67.6972075623,67.1044573089,67.7513053525,67.7513053525,35.0371014334,54.8829857956,67.2463876248,93.0364463689,108,107
v4-26-f5-sf2-q9-r2,on-prem,1,calibration,completed,25.0,f5-sf2-q9-r2,duckdb-tpch,2,r3-cpu-pressure,,21,28.2842712475,19,26,22.3615290006,21.7507921553,21.6958762543,21.6443250929,21.6443250929,14.8460781786,19.1319898069,20.8946735651,31.868828328,32,28.5
v4-26-f5-sf2-q9-r2,on-prem,2,calibration,completed,24.0,f5-sf2-q9-r2,duckdb-tpch,2,r3-cpu-pressure,,21,28.2842712475,19,26,22.3615290006,21.7507921553,21.6958762543,21.6443250929,21.6443250929,14.8460781786,19.1319898069,20.8946735651,31.868828328,32,28.5
v4-26-f5-sf2-q9-r2,public-cloud,1,calibration,completed,20.0,f5-sf2-q9-r2,duckdb-tpch,2,none,,21,22.2261107709,16,26,17.5410090665,16.9594032616,16.9423484051,16.7928098903,16.7928098903,14.1838341851,15.2833812577,15.0882131391,25.589733294,19,22.5
v4-26-f5-sf2-q9-r2,public-cloud,2,calibration,completed,26.0,f5-sf2-q9-r2,duckdb-tpch,2,none,,21,22.2261107709,16,26,17.5410090665,16.9594032616,16.9423484051,16.7928098903,16.7928098903,14.1838341851,15.2833812577,15.0882131391,25.589733294,19,22.5
v4-27-f4-bfs-kron-22-n6,edge-1,1,calibration,completed,27.0,f4-bfs-kron-22-n6,graph-kernel,22,none,,17,78.6638417572,17,26,30.187918419,29.9323644015,30.0635757403,30.0033855677,30.0033855677,32.4790650692,34.1387004881,47.6041053802,41.8761978076,28,124.5
v4-27-f4-bfs-kron-22-n6,edge-1,2,calibration,completed,27.0,f4-bfs-kron-22-n6,graph-kernel,22,none,,17,78.6638417572,17,26,30.187918419,29.9323644015,30.0635757403,30.0033855677,30.0033855677,32.4790650692,34.1387004881,47.6041053802,41.8761978076,28,124.5
v4-27-f4-bfs-kron-22-n6,edge-2,1,calibration,completed,68.0,f4-bfs-kron-22-n6,graph-kernel,22,none,,17,157.327683514,36,26,56.1953441676,57.4964732415,58.8349091898,58.3088012166,58.3088012166,66.4355215061,91.4270563685,69.1978371739,103.820816273,68,216
v4-27-f4-bfs-kron-22-n6,edge-2,2,calibration,completed,68.0,f4-bfs-kron-22-n6,graph-kernel,22,none,,17,157.327683514,36,26,56.1953441676,57.4964732415,58.8349091898,58.3088012166,58.3088012166,66.4355215061,91.4270563685,69.1978371739,103.820816273,68,216
v4-27-f4-bfs-kron-22-n6,on-prem,1,calibration,completed,21.0,f4-bfs-kron-22-n6,graph-kernel,22,none,,17,25,13.5,26,20.2289105822,19.5094202245,19.1553142141,18.4164125549,18.4164125549,14.1900691602,23.8767397142,19.8138233797,35.6383200166,25,25
v4-27-f4-bfs-kron-22-n6,on-prem,2,calibration,completed,21.0,f4-bfs-kron-22-n6,graph-kernel,22,none,,17,25,13.5,26,20.2289105822,19.5094202245,19.1553142141,18.4164125549,18.4164125549,14.1900691602,23.8767397142,19.8138233797,35.6383200166,25,25
v4-27-f4-bfs-kron-22-n6,public-cloud,1,calibration,completed,23.0,f4-bfs-kron-22-n6,graph-kernel,22,r2-heavy,,17,17.4928556845,13,26,18.2801981094,17.5729039954,16.9913816224,16.4588516568,16.4588516568,13.334211786,22.1462562306,15.4576914372,28.6391203197,17,17.5
v4-27-f4-bfs-kron-22-n6,public-cloud,2,calibration,completed,23.0,f4-bfs-kron-22-n6,graph-kernel,22,r2-heavy,,17,17.4928556845,13,26,18.2801981094,17.5729039954,16.9913816224,16.4588516568,16.4588516568,13.334211786,22.1462562306,15.4576914372,28.6391203197,17,17.5
v4-28-f2-text-zstd12-aes-512,edge-1,1,calibration,completed,125.0,f2-text-zstd12-aes-512,compress-encrypt,512,none,,14,9.45487363819,13,26,4.89414707936,4.77632167719,4.35617741791,4.04083216639,4.04083216639,16.4072120683,8.47966472503,19.1065706079,5.49732377761,10,10.5
v4-28-f2-text-zstd12-aes-512,edge-1,2,calibration,completed,124.0,f2-text-zstd12-aes-512,compress-encrypt,512,none,,14,9.45487363819,13,26,4.89414707936,4.77632167719,4.35617741791,4.04083216639,4.04083216639,16.4072120683,8.47966472503,19.1065706079,5.49732377761,10,10.5
v4-28-f2-text-zstd12-aes-512,edge-1,3,calibration,completed,126.0,f2-text-zstd12-aes-512,compress-encrypt,512,none,,14,9.45487363819,13,26,4.89414707936,4.77632167719,4.35617741791,4.04083216639,4.04083216639,16.4072120683,8.47966472503,19.1065706079,5.49732377761,10,10.5
v4-28-f2-text-zstd12-aes-512,edge-2,1,calibration,completed,423.0,f2-text-zstd12-aes-512,compress-encrypt,512,none,,14,24.0311915462,43,26,87.8238981416,80.4188128895,63.8844570394,59.6844715025,59.6844715025,68.0373574479,24.2474131438,51.4774677659,14.884215877,32,32
v4-28-f2-text-zstd12-aes-512,edge-2,2,calibration,completed,425.0,f2-text-zstd12-aes-512,compress-encrypt,512,none,,14,24.0311915462,43,26,87.8238981416,80.4188128895,63.8844570394,59.6844715025,59.6844715025,68.0373574479,24.2474131438,51.4774677659,14.884215877,32,32
v4-28-f2-text-zstd12-aes-512,edge-2,3,calibration,completed,424.0,f2-text-zstd12-aes-512,compress-encrypt,512,none,,14,24.0311915462,43,26,87.8238981416,80.4188128895,63.8844570394,59.6844715025,59.6844715025,68.0373574479,24.2474131438,51.4774677659,14.884215877,32,32
v4-28-f2-text-zstd12-aes-512,on-prem,1,calibration,completed,62.0,f2-text-zstd12-aes-512,compress-encrypt,512,r1-moderate,,14,8.07520606464,14,26,4.77090571007,4.66264978178,5.2768687183,5.26680133637,5.26680133637,12.3612461492,6.65804425852,13.292970831,4.5520554524,11,11
v4-28-f2-text-zstd12-aes-512,on-prem,2,calibration,completed,62.0,f2-text-zstd12-aes-512,compress-encrypt,512,r1-moderate,,14,8.07520606464,14,26,4.77090571007,4.66264978178,5.2768687183,5.26680133637,5.26680133637,12.3612461492,6.65804425852,13.292970831,4.5520554524,11,11
v4-28-f2-text-zstd12-aes-512,on-prem,3,calibration,completed,62.0,f2-text-zstd12-aes-512,compress-encrypt,512,r1-moderate,,14,8.07520606464,14,26,4.77090571007,4.66264978178,5.2768687183,5.26680133637,5.26680133637,12.3612461492,6.65804425852,13.292970831,4.5520554524,11,11
v4-28-f2-text-zstd12-aes-512,public-cloud,1,calibration,completed,47.0,f2-text-zstd12-aes-512,compress-encrypt,512,r1-moderate,,14,7.18892863305,11,26,2.87358577716,2.81544898107,3.6505015007,4.43862104087,4.43862104087,11.8687430152,3.8979282298,9.64436375427,3.49141880689,9,9.5
v4-28-f2-text-zstd12-aes-512,public-cloud,2,calibration,completed,47.0,f2-text-zstd12-aes-512,compress-encrypt,512,r1-moderate,,14,7.18892863305,11,26,2.87358577716,2.81544898107,3.6505015007,4.43862104087,4.43862104087,11.8687430152,3.8979282298,9.64436375427,3.49141880689,9,9.5
v4-28-f2-text-zstd12-aes-512,public-cloud,3,calibration,completed,47.0,f2-text-zstd12-aes-512,compress-encrypt,512,r1-moderate,,14,7.18892863305,11,26,2.87358577716,2.81544898107,3.6505015007,4.43862104087,4.43862104087,11.8687430152,3.8979282298,9.64436375427,3.49141880689,9,9.5
v4-29-f4-bfs-uniform-21-n4,edge-1,1,calibration,completed,14.0,f4-bfs-uniform-21-n4,graph-kernel,21,none,,17,15.4272486205,17,26,26.4369548285,24.8100559629,25.2045335804,25.4530610861,25.4530610861,23.7490673042,16.880587655,27.4154193973,16.2268530743,27,27
v4-29-f4-bfs-uniform-21-n4,edge-1,2,calibration,completed,13.0,f4-bfs-uniform-21-n4,graph-kernel,21,none,,17,15.4272486205,17,26,26.4369548285,24.8100559629,25.2045335804,25.4530610861,25.4530610861,23.7490673042,16.880587655,27.4154193973,16.2268530743,27,27
v4-29-f4-bfs-uniform-21-n4,edge-2,1,calibration,completed,32.0,f4-bfs-uniform-21-n4,graph-kernel,21,none,,17,35.7473528132,36,26,46.4405093459,44.7934541063,46.8572041278,47.175417958,47.175417958,53.5010675655,44.0570833554,40.4204874857,41.1150403581,68,68
v4-29-f4-bfs-uniform-21-n4,edge-2,2,calibration,completed,32.0,f4-bfs-uniform-21-n4,graph-kernel,21,none,,17,35.7473528132,36,26,46.4405093459,44.7934541063,46.8572041278,47.175417958,47.175417958,53.5010675655,44.0570833554,40.4204874857,41.1150403581,68,68
v4-29-f4-bfs-uniform-21-n4,on-prem,1,calibration,completed,10.0,f4-bfs-uniform-21-n4,graph-kernel,21,r1-moderate,,17,12.4497700445,13.5,26,18.0985305711,16.8986712424,16.5139810917,16.3694580212,16.3694580212,14.4078542278,13.3111341341,14.3181986589,13.7205906328,21,21
v4-29-f4-bfs-uniform-21-n4,on-prem,2,calibration,completed,10.0,f4-bfs-uniform-21-n4,graph-kernel,21,r1-moderate,,17,12.4497700445,13.5,26,18.0985305711,16.8986712424,16.5139810917,16.3694580212,16.3694580212,14.4078542278,13.3111341341,14.3181986589,13.7205906328,21,21
v4-29-f4-bfs-uniform-21-n4,public-cloud,1,calibration,completed,12.0,f4-bfs-uniform-21-n4,graph-kernel,21,r2-heavy,,17,11.9582607431,13,26,16.3381040802,15.2480927988,14.5776283056,13.8954121336,13.8954121336,13.9046527795,10.3183176789,10.9898879695,10.9084433114,23,23
v4-29-f4-bfs-uniform-21-n4,public-cloud,2,calibration,completed,12.0,f4-bfs-uniform-21-n4,graph-kernel,21,r2-heavy,,17,11.9582607431,13,26,16.3381040802,15.2480927988,14.5776283056,13.8954121336,13.8954121336,13.9046527795,10.3183176789,10.9898879695,10.9084433114,23,23
v4-30-f1-x264-720p-testsrc2-med-3600,edge-1,1,calibration,completed,114.0,f1-x264-720p-testsrc2-med-3600,video-transcode,3600,r2-heavy,,41.5,27.4059304276,33.5,26,40.8505273576,39.2582641879,39.1850436741,39.1590308158,39.1590308158,27.4504263932,51.160617525,38.3705743719,69.8154502103,56,55.5
v4-30-f1-x264-720p-testsrc2-med-3600,edge-1,2,calibration,completed,114.0,f1-x264-720p-testsrc2-med-3600,video-transcode,3600,r2-heavy,,41.5,27.4059304276,33.5,26,40.8505273576,39.2582641879,39.1850436741,39.1590308158,39.1590308158,27.4504263932,51.160617525,38.3705743719,69.8154502103,56,55.5
v4-30-f1-x264-720p-testsrc2-med-3600,edge-2,1,calibration,completed,213.0,f1-x264-720p-testsrc2-med-3600,video-transcode,3600,none,,41.5,95.4590109134,87,26,111.358857166,111.913260411,110.605768155,110.193790452,110.193790452,73.3159558157,142.899963944,73.4026555716,172.12480293,194,196
v4-30-f1-x264-720p-testsrc2-med-3600,edge-2,2,calibration,completed,210.0,f1-x264-720p-testsrc2-med-3600,video-transcode,3600,none,,41.5,95.4590109134,87,26,111.358857166,111.913260411,110.605768155,110.193790452,110.193790452,73.3159558157,142.899963944,73.4026555716,172.12480293,194,196
v4-30-f1-x264-720p-testsrc2-med-3600,on-prem,1,calibration,completed,68.0,f1-x264-720p-testsrc2-med-3600,video-transcode,3600,r1-moderate,,41.5,25.0884189044,29,26,35.7505877093,34.3031631805,34.1434089504,33.2498379466,33.2498379466,24.9947084212,43.8825147966,34.7593079816,59.5128080286,48,48
v4-30-f1-x264-720p-testsrc2-med-3600,on-prem,2,calibration,completed,68.0,f1-x264-720p-testsrc2-med-3600,video-transcode,3600,r1-moderate,,41.5,25.0884189044,29,26,35.7505877093,34.3031631805,34.1434089504,33.2498379466,33.2498379466,24.9947084212,43.8825147966,34.7593079816,59.5128080286,48,48
v4-30-f1-x264-720p-testsrc2-med-3600,public-cloud,1,calibration,completed,52.0,f1-x264-720p-testsrc2-med-3600,video-transcode,3600,r1-moderate,,41.5,20.2079868978,29,26,30.2952873043,28.9758182038,28.8235475757,28.9212928371,28.9212928371,25.6409569057,43.8679352451,33.3390931354,47.9527466661,35,35
v4-30-f1-x264-720p-testsrc2-med-3600,public-cloud,2,calibration,completed,51.0,f1-x264-720p-testsrc2-med-3600,video-transcode,3600,r1-moderate,,41.5,20.2079868978,29,26,30.2952873043,28.9758182038,28.8235475757,28.9212928371,28.9212928371,25.6409569057,43.8679352451,33.3390931354,47.9527466661,35,35
v4-31-f3-r50-int8-224-192,edge-1,1,calibration,completed,13.0,f3-r50-int8-224-192,onnx-inference-int8,192,r1-moderate,,26,10.2708221816,17,26,19.0363231411,17.5424841506,18.0215958944,18.4403619898,18.4403619898,17.1629696755,15.0056544332,21.5438607877,17.4421529345,9,9
v4-31-f3-r50-int8-224-192,edge-1,2,calibration,completed,13.0,f3-r50-int8-224-192,onnx-inference-int8,192,r1-moderate,,26,10.2708221816,17,26,19.0363231411,17.5424841506,18.0215958944,18.4403619898,18.4403619898,17.1629696755,15.0056544332,21.5438607877,17.4421529345,9,9
v4-31-f3-r50-int8-224-192,edge-1,3,calibration,completed,14.0,f3-r50-int8-224-192,onnx-inference-int8,192,r1-moderate,,26,10.2708221816,17,26,19.0363231411,17.5424841506,18.0215958944,18.4403619898,18.4403619898,17.1629696755,15.0056544332,21.5438607877,17.4421529345,9,9
v4-31-f3-r50-int8-224-192,edge-2,1,calibration,completed,66.0,f3-r50-int8-224-192,onnx-inference-int8,192,none,,26,52.1252312248,83,26,46.6197858181,44.4822395783,47.4185829693,48.4615607504,48.4615607504,63.3473352318,52.7892249468,69.6610173151,44.086122914,46,46.5
v4-31-f3-r50-int8-224-192,edge-2,2,calibration,completed,64.0,f3-r50-int8-224-192,onnx-inference-int8,192,none,,26,52.1252312248,83,26,46.6197858181,44.4822395783,47.4185829693,48.4615607504,48.4615607504,63.3473352318,52.7892249468,69.6610173151,44.086122914,46,46.5
v4-31-f3-r50-int8-224-192,edge-2,3,calibration,completed,64.0,f3-r50-int8-224-192,onnx-inference-int8,192,none,,26,52.1252312248,83,26,46.6197858181,44.4822395783,47.4185829693,48.4615607504,48.4615607504,63.3473352318,52.7892249468,69.6610173151,44.086122914,46,46.5
v4-31-f3-r50-int8-224-192,on-prem,1,calibration,completed,35.0,f3-r50-int8-224-192,onnx-inference-int8,192,none,,26,27.311304261,29,26,26.4189065883,24.9228656226,24.2458333449,25.0417432948,25.0417432948,17.0739265792,14.85107809,19.2649254738,14.7590816248,27,27
v4-31-f3-r50-int8-224-192,on-prem,2,calibration,completed,34.0,f3-r50-int8-224-192,onnx-inference-int8,192,none,,26,27.311304261,29,26,26.4189065883,24.9228656226,24.2458333449,25.0417432948,25.0417432948,17.0739265792,14.85107809,19.2649254738,14.7590816248,27,27
v4-31-f3-r50-int8-224-192,on-prem,3,calibration,completed,34.0,f3-r50-int8-224-192,onnx-inference-int8,192,none,,26,27.311304261,29,26,26.4189065883,24.9228656226,24.2458333449,25.0417432948,25.0417432948,17.0739265792,14.85107809,19.2649254738,14.7590816248,27,27
v4-31-f3-r50-int8-224-192,public-cloud,1,calibration,completed,15.0,f3-r50-int8-224-192,onnx-inference-int8,192,r3-cpu-pressure,,26,11.7980767531,13,26,16.6739472706,15.4787414658,14.6768815571,14.6493521164,14.6493521164,13.2309188867,9.69316974998,13.7269078247,11.7485462268,11,11
v4-31-f3-r50-int8-224-192,public-cloud,2,calibration,completed,14.0,f3-r50-int8-224-192,onnx-inference-int8,192,r3-cpu-pressure,,26,11.7980767531,13,26,16.6739472706,15.4787414658,14.6768815571,14.6493521164,14.6493521164,13.2309188867,9.69316974998,13.7269078247,11.7485462268,11,11
v4-31-f3-r50-int8-224-192,public-cloud,3,calibration,completed,14.0,f3-r50-int8-224-192,onnx-inference-int8,192,r3-cpu-pressure,,26,11.7980767531,13,26,16.6739472706,15.4787414658,14.6768815571,14.6493521164,14.6493521164,13.2309188867,9.69316974998,13.7269078247,11.7485462268,11,11
v4-32-f2-text-zstd12-chacha-512,edge-1,1,calibration,completed,125.0,f2-text-zstd12-chacha-512,compress-encrypt,512,none,,14,9.45487363819,13,26,4.89414707936,4.86258056356,4.35456249181,4.01159076173,4.01159076173,33.4784248536,5.05876245242,33.284667683,5.49732377761,126,125
v4-32-f2-text-zstd12-chacha-512,edge-1,2,calibration,completed,124.0,f2-text-zstd12-chacha-512,compress-encrypt,512,none,,14,9.45487363819,13,26,4.89414707936,4.86258056356,4.35456249181,4.01159076173,4.01159076173,33.4784248536,5.05876245242,33.284667683,5.49732377761,126,125
v4-32-f2-text-zstd12-chacha-512,edge-1,3,calibration,completed,125.0,f2-text-zstd12-chacha-512,compress-encrypt,512,none,,14,9.45487363819,13,26,4.89414707936,4.86258056356,4.35456249181,4.01159076173,4.01159076173,33.4784248536,5.05876245242,33.284667683,5.49732377761,126,125
v4-32-f2-text-zstd12-chacha-512,edge-2,1,calibration,completed,437.0,f2-text-zstd12-chacha-512,compress-encrypt,512,r3-cpu-pressure,,14,24.0311915462,43,26,87.8238981416,92.3320712797,69.5756387518,64.7584076525,64.7584076525,29.3364175727,7.72808132145,22.1425595349,14.884215877,424,424.5
v4-32-f2-text-zstd12-chacha-512,edge-2,2,calibration,completed,438.0,f2-text-zstd12-chacha-512,compress-encrypt,512,r3-cpu-pressure,,14,24.0311915462,43,26,87.8238981416,92.3320712797,69.5756387518,64.7584076525,64.7584076525,29.3364175727,7.72808132145,22.1425595349,14.884215877,424,424.5
v4-32-f2-text-zstd12-chacha-512,edge-2,3,calibration,completed,439.0,f2-text-zstd12-chacha-512,compress-encrypt,512,r3-cpu-pressure,,14,24.0311915462,43,26,87.8238981416,92.3320712797,69.5756387518,64.7584076525,64.7584076525,29.3364175727,7.72808132145,22.1425595349,14.884215877,424,424.5
v4-32-f2-text-zstd12-chacha-512,on-prem,1,calibration,completed,60.0,f2-text-zstd12-chacha-512,compress-encrypt,512,none,,14,8.07520606464,14,26,4.77090571007,4.59241899641,5.15812497168,5.06426961886,5.06426961886,13.9600774093,4.66772719944,14.504863006,4.5520554524,62,62
v4-32-f2-text-zstd12-chacha-512,on-prem,2,calibration,completed,60.0,f2-text-zstd12-chacha-512,compress-encrypt,512,none,,14,8.07520606464,14,26,4.77090571007,4.59241899641,5.15812497168,5.06426961886,5.06426961886,13.9600774093,4.66772719944,14.504863006,4.5520554524,62,62
v4-32-f2-text-zstd12-chacha-512,on-prem,3,calibration,completed,60.0,f2-text-zstd12-chacha-512,compress-encrypt,512,none,,14,8.07520606464,14,26,4.77090571007,4.59241899641,5.15812497168,5.06426961886,5.06426961886,13.9600774093,4.66772719944,14.504863006,4.5520554524,62,62
v4-32-f2-text-zstd12-chacha-512,public-cloud,1,calibration,completed,47.0,f2-text-zstd12-chacha-512,compress-encrypt,512,r1-moderate,,14,7.18892863305,11,26,2.87358577716,2.74661962663,3.54450173512,4.28104782897,4.28104782897,13.3717198361,3.33821160183,10.391783188,3.49141880689,47,47
v4-32-f2-text-zstd12-chacha-512,public-cloud,2,calibration,completed,47.0,f2-text-zstd12-chacha-512,compress-encrypt,512,r1-moderate,,14,7.18892863305,11,26,2.87358577716,2.74661962663,3.54450173512,4.28104782897,4.28104782897,13.3717198361,3.33821160183,10.391783188,3.49141880689,47,47
v4-32-f2-text-zstd12-chacha-512,public-cloud,3,calibration,completed,46.0,f2-text-zstd12-chacha-512,compress-encrypt,512,r1-moderate,,14,7.18892863305,11,26,2.87358577716,2.74661962663,3.54450173512,4.28104782897,4.28104782897,13.3717198361,3.33821160183,10.391783188,3.49141880689,47,47
v4-33-f3-r50-fp32-224-192,edge-1,1,calibration,completed,40.0,f3-r50-fp32-224-192,onnx-inference-fp32,192,none,,29,25.0434679479,40,26,29.9464420878,28.1627684347,28.7913075706,29.1210008607,29.1210008607,20.5031115717,19.453867442,18.7922091219,19.7864982637,29,29.5
v4-33-f3-r50-fp32-224-192,edge-1,2,calibration,completed,40.0,f3-r50-fp32-224-192,onnx-inference-fp32,192,none,,29,25.0434679479,40,26,29.9464420878,28.1627684347,28.7913075706,29.1210008607,29.1210008607,20.5031115717,19.453867442,18.7922091219,19.7864982637,29,29.5
v4-33-f3-r50-fp32-224-192,edge-2,1,calibration,completed,127.0,f3-r50-fp32-224-192,onnx-inference-fp32,192,none,,29,82.6200990122,133,26,65.6009893048,64.6678758999,68.387696064,68.938729506,68.938729506,75.3185774775,59.0898842337,57.3496278046,49.8174191482,114,115
v4-33-f3-r50-fp32-224-192,edge-2,2,calibration,completed,126.0,f3-r50-fp32-224-192,onnx-inference-fp32,192,none,,29,82.6200990122,133,26,65.6009893048,64.6678758999,68.387696064,68.938729506,68.938729506,75.3185774775,59.0898842337,57.3496278046,49.8174191482,114,115
v4-33-f3-r50-fp32-224-192,on-prem,1,calibration,completed,25.0,f3-r50-fp32-224-192,onnx-inference-fp32,192,none,,29,16.9780976142,20,26,22.2757343632,20.8526587826,20.3008853586,20.2356090683,20.2356090683,14.4277147638,14.3475308652,17.2676209906,16.7623580064,18,18.5
v4-33-f3-r50-fp32-224-192,on-prem,2,calibration,completed,24.0,f3-r50-fp32-224-192,onnx-inference-fp32,192,none,,29,16.9780976142,20,26,22.2757343632,20.8526587826,20.3008853586,20.2356090683,20.2356090683,14.4277147638,14.3475308652,17.2676209906,16.7623580064,18,18.5
v4-33-f3-r50-fp32-224-192,public-cloud,1,calibration,completed,18.0,f3-r50-fp32-224-192,onnx-inference-fp32,192,r2-heavy,,29,9.8395715419,14,26,17.5427091364,16.3350748324,15.4899373251,16.127268876,16.127268876,13.3311502461,11.6219330894,14.3616293107,13.3691268015,11,11.5
v4-33-f3-r50-fp32-224-192,public-cloud,2,calibration,completed,18.0,f3-r50-fp32-224-192,onnx-inference-fp32,192,r2-heavy,,29,9.8395715419,14,26,17.5427091364,16.3350748324,15.4899373251,16.127268876,16.127268876,13.3311502461,11.6219330894,14.3616293107,13.3691268015,11,11.5
v4-34-f3-r50-int8-224-288,edge-1,1,calibration,completed,17.0,f3-r50-int8-224-288,onnx-inference-int8,288,r1-moderate,,26,12.1108069289,17,26,19.3717383081,17.2770459298,17.7232913526,18.0125080038,18.0125080038,13.2268931201,12.1989579725,14.3215845697,17.9366779149,14,13.5
v4-34-f3-r50-int8-224-288,edge-1,2,calibration,completed,17.0,f3-r50-int8-224-288,onnx-inference-int8,288,r1-moderate,,26,12.1108069289,17,26,19.3717383081,17.2770459298,17.7232913526,18.0125080038,18.0125080038,13.2268931201,12.1989579725,14.3215845697,17.9366779149,14,13.5
v4-34-f3-r50-int8-224-288,edge-1,3,calibration,completed,17.0,f3-r50-int8-224-288,onnx-inference-int8,288,r1-moderate,,26,12.1108069289,17,26,19.3717383081,17.2770459298,17.7232913526,18.0125080038,18.0125080038,13.2268931201,12.1989579725,14.3215845697,17.9366779149,14,13.5
v4-34-f3-r50-int8-224-288,edge-2,1,calibration,completed,130.0,f3-r50-int8-224-288,onnx-inference-int8,288,r2-heavy,,26,56.9272677235,83,26,48.1261092555,44.5113641673,47.2597435164,48.3206099991,48.3206099991,24.0153684654,40.2944841068,29.6881846614,45.2951039982,64,64
v4-34-f3-r50-int8-224-288,edge-2,2,calibration,completed,117.0,f3-r50-int8-224-288,onnx-inference-int8,288,r2-heavy,,26,56.9272677235,83,26,48.1261092555,44.5113641673,47.2597435164,48.3206099991,48.3206099991,24.0153684654,40.2944841068,29.6881846614,45.2951039982,64,64
v4-34-f3-r50-int8-224-288,edge-2,3,calibration,completed,118.0,f3-r50-int8-224-288,onnx-inference-int8,288,r2-heavy,,26,56.9272677235,83,26,48.1261092555,44.5113641673,47.2597435164,48.3206099991,48.3206099991,24.0153684654,40.2944841068,29.6881846614,45.2951039982,64,64
v4-34-f3-r50-int8-224-288,on-prem,1,calibration,completed,48.0,f3-r50-int8-224-288,onnx-inference-int8,288,none,,26,28.2245195534,29,26,26.8595584606,24.6083034229,23.9369268872,23.753379799,23.753379799,16.2628433696,10.5296148641,17.4227863208,15.1816602445,34,34
v4-34-f3-r50-int8-224-288,on-prem,2,calibration,completed,48.0,f3-r50-int8-224-288,onnx-inference-int8,288,none,,26,28.2245195534,29,26,26.8595584606,24.6083034229,23.9369268872,23.753379799,23.753379799,16.2628433696,10.5296148641,17.4227863208,15.1816602445,34,34
v4-34-f3-r50-int8-224-288,on-prem,3,calibration,completed,48.0,f3-r50-int8-224-288,onnx-inference-int8,288,none,,26,28.2245195534,29,26,26.8595584606,24.6083034229,23.9369268872,23.753379799,23.753379799,16.2628433696,10.5296148641,17.4227863208,15.1816602445,34,34
v4-34-f3-r50-int8-224-288,public-cloud,1,calibration,completed,17.0,f3-r50-int8-224-288,onnx-inference-int8,288,none,,26,12.6004551664,13,26,16.8219970828,15.1159104274,14.3558056617,13.0570477895,13.0570477895,12.8518996869,8.79762489656,11.2530598574,12.0903975603,14,14
v4-34-f3-r50-int8-224-288,public-cloud,2,calibration,completed,18.0,f3-r50-int8-224-288,onnx-inference-int8,288,none,,26,12.6004551664,13,26,16.8219970828,15.1159104274,14.3558056617,13.0570477895,13.0570477895,12.8518996869,8.79762489656,11.2530598574,12.0903975603,14,14
v4-34-f3-r50-int8-224-288,public-cloud,3,calibration,completed,19.0,f3-r50-int8-224-288,onnx-inference-int8,288,none,,26,12.6004551664,13,26,16.8219970828,15.1159104274,14.3558056617,13.0570477895,13.0570477895,12.8518996869,8.79762489656,11.2530598574,12.0903975603,14,14
v4-35-f3-mnv2-int8-224-1500,edge-1,1,calibration,completed,18.0,f3-mnv2-int8-224-1500,onnx-inference-int8,1500,none,,26,23.6841224984,17,26,22.4515132642,19.5038205238,19.9482265986,20.0535138061,20.0535138061,38.1018439376,14.4256275071,49.3507012482,27.2746585085,17,17
v4-35-f3-mnv2-int8-224-1500,edge-1,2,calibration,completed,17.0,f3-mnv2-int8-224-1500,onnx-inference-int8,1500,none,,26,23.6841224984,17,26,22.4515132642,19.5038205238,19.9482265986,20.0535138061,20.0535138061,38.1018439376,14.4256275071,49.3507012482,27.2746585085,17,17
v4-35-f3-mnv2-int8-224-1500,edge-1,3,calibration,completed,16.0,f3-mnv2-int8-224-1500,onnx-inference-int8,1500,none,,26,23.6841224984,17,26,22.4515132642,19.5038205238,19.9482265986,20.0535138061,20.0535138061,38.1018439376,14.4256275071,49.3507012482,27.2746585085,17,17
v4-35-f3-mnv2-int8-224-1500,edge-2,1,calibration,completed,67.0,f3-mnv2-int8-224-1500,onnx-inference-int8,1500,none,,26,81.4873853038,83,26,62.2446779314,62.3168844329,63.9990847811,64.2529390108,64.2529390108,107.74719543,63.7416675707,82.7011543963,68.1239647233,118,117.5
v4-35-f3-mnv2-int8-224-1500,edge-2,2,calibration,completed,67.0,f3-mnv2-int8-224-1500,onnx-inference-int8,1500,none,,26,81.4873853038,83,26,62.2446779314,62.3168844329,63.9990847811,64.2529390108,64.2529390108,107.74719543,63.7416675707,82.7011543963,68.1239647233,118,117.5
v4-35-f3-mnv2-int8-224-1500,edge-2,3,calibration,completed,67.0,f3-mnv2-int8-224-1500,onnx-inference-int8,1500,none,,26,81.4873853038,83,26,62.2446779314,62.3168844329,63.9990847811,64.2529390108,64.2529390108,107.74719543,63.7416675707,82.7011543963,68.1239647233,118,117.5
v4-35-f3-mnv2-int8-224-1500,on-prem,1,calibration,completed,28.0,f3-mnv2-int8-224-1500,onnx-inference-int8,1500,r3-cpu-pressure,,26,32.2673657568,29,26,30.2821460328,27.5261731138,27.1001149546,27.172444023,27.172444023,19.4772460525,11.9558876172,23.2654848951,23.1610972933,48,48
v4-35-f3-mnv2-int8-224-1500,on-prem,2,calibration,completed,30.0,f3-mnv2-int8-224-1500,onnx-inference-int8,1500,r3-cpu-pressure,,26,32.2673657568,29,26,30.2821460328,27.5261731138,27.1001149546,27.172444023,27.172444023,19.4772460525,11.9558876172,23.2654848951,23.1610972933,48,48
v4-35-f3-mnv2-int8-224-1500,on-prem,3,calibration,completed,30.0,f3-mnv2-int8-224-1500,onnx-inference-int8,1500,r3-cpu-pressure,,26,32.2673657568,29,26,30.2821460328,27.5261731138,27.1001149546,27.172444023,27.172444023,19.4772460525,11.9558876172,23.2654848951,23.1610972933,48,48
v4-35-f3-mnv2-int8-224-1500,public-cloud,1,calibration,completed,13.0,f3-mnv2-int8-224-1500,onnx-inference-int8,1500,r3-cpu-pressure,,26,16.4697778689,13,26,17.8414983797,15.5023435461,15.0971673978,14.7391099134,14.7391099134,16.3862616737,7.72478658861,15.6226023912,18.5454832375,19,18.5
v4-35-f3-mnv2-int8-224-1500,public-cloud,2,calibration,completed,13.0,f3-mnv2-int8-224-1500,onnx-inference-int8,1500,r3-cpu-pressure,,26,16.4697778689,13,26,17.8414983797,15.5023435461,15.0971673978,14.7391099134,14.7391099134,16.3862616737,7.72478658861,15.6226023912,18.5454832375,19,18.5
v4-35-f3-mnv2-int8-224-1500,public-cloud,3,calibration,completed,14.0,f3-mnv2-int8-224-1500,onnx-inference-int8,1500,r3-cpu-pressure,,26,16.4697778689,13,26,17.8414983797,15.5023435461,15.0971673978,14.7391099134,14.7391099134,16.3862616737,7.72478658861,15.6226023912,18.5454832375,19,18.5
v4-36-f5-sf3-q1-r2,edge-1,1,calibration,completed,45.0,f5-sf3-q1-r2,duckdb-tpch,3,r3-cpu-pressure,,21,46.1284807371,21,26,32.1837881901,30.718912838,30.7504007275,30.9832735592,30.9832735592,17.0993783886,38.9044811992,24.4327201292,54.791414446,24,29.5
v4-36-f5-sf3-q1-r2,edge-1,2,calibration,completed,48.0,f5-sf3-q1-r2,duckdb-tpch,3,r3-cpu-pressure,,21,46.1284807371,21,26,32.1837881901,30.718912838,30.7504007275,30.9832735592,30.9832735592,17.0993783886,38.9044811992,24.4327201292,54.791414446,24,29.5
v4-36-f5-sf3-q1-r2,edge-2,1,calibration,completed,149.0,f5-sf3-q1-r2,duckdb-tpch,3,r3-cpu-pressure,,21,172.68823875,48.5,26,91.717827571,93.7933431477,92.5746354361,93.6189716969,93.6189716969,66.0119050291,87.6707700817,76.8243990279,135.395060717,170,151
v4-36-f5-sf3-q1-r2,edge-2,2,calibration,completed,122.0,f5-sf3-q1-r2,duckdb-tpch,3,r3-cpu-pressure,,21,172.68823875,48.5,26,91.717827571,93.7933431477,92.5746354361,93.6189716969,93.6189716969,66.0119050291,87.6707700817,76.8243990279,135.395060717,170,151
v4-36-f5-sf3-q1-r2,on-prem,1,calibration,completed,27.0,f5-sf3-q1-r2,duckdb-tpch,3,r3-cpu-pressure,,21,40.8312476446,19,26,26.3826535543,25.1690014492,25.0668290862,25.0446226266,25.0446226266,15.3828307076,32.3151371378,23.2507194101,46.6745560748,24,24.5
v4-36-f5-sf3-q1-r2,on-prem,2,calibration,completed,28.0,f5-sf3-q1-r2,duckdb-tpch,3,r3-cpu-pressure,,21,40.8312476446,19,26,26.3826535543,25.1690014492,25.0668290862,25.0446226266,25.0446226266,15.3828307076,32.3151371378,23.2507194101,46.6745560748,24,24.5
v4-36-f5-sf3-q1-r2,public-cloud,1,calibration,completed,35.0,f5-sf3-q1-r2,duckdb-tpch,3,none,,21,29.3025423502,16,26,22.1169538992,21.0871373339,20.9373457788,20.8146225493,20.8146225493,13.7065456599,26.4027793173,14.9949960217,37.5670495549,26,23
v4-36-f5-sf3-q1-r2,public-cloud,2,calibration,completed,36.0,f5-sf3-q1-r2,duckdb-tpch,3,none,,21,29.3025423502,16,26,22.1169538992,21.0871373339,20.9373457788,20.8146225493,20.8146225493,13.7065456599,26.4027793173,14.9949960217,37.5670495549,26,23
v4-37-f3-r50-fp32-224-224,edge-1,1,calibration,completed,45.0,f3-r50-fp32-224-224,onnx-inference-fp32,224,r3-cpu-pressure,,29,26.2804759887,40,26,30.2046051078,28.0053302937,28.5636611335,29.4172115191,29.4172115191,18.1183190752,14.5627503267,17.7282657898,20.017451009,40,40
v4-37-f3-r50-fp32-224-224,edge-1,2,calibration,completed,45.0,f3-r50-fp32-224-224,onnx-inference-fp32,224,r3-cpu-pressure,,29,26.2804759887,40,26,30.2046051078,28.0053302937,28.5636611335,29.4172115191,29.4172115191,18.1183190752,14.5627503267,17.7282657898,20.017451009,40,40
v4-37-f3-r50-fp32-224-224,edge-2,1,calibration,completed,146.0,f3-r50-fp32-224-224,onnx-inference-fp32,224,none,,29,86.5304934237,133,26,66.5079276587,64.566971482,68.0982533134,68.6393100485,68.6393100485,86.7674778171,54.7529887954,49.1824033531,50.3820367337,126,126.5
v4-37-f3-r50-fp32-224-224,edge-2,2,calibration,completed,142.0,f3-r50-fp32-224-224,onnx-inference-fp32,224,none,,29,86.5304934237,133,26,66.5079276587,64.566971482,68.0982533134,68.6393100485,68.6393100485,86.7674778171,54.7529887954,49.1824033531,50.3820367337,126,126.5
v4-37-f3-r50-fp32-224-224,on-prem,1,calibration,completed,28.0,f3-r50-fp32-224-224,onnx-inference-fp32,224,r1-moderate,,29,17.4108079295,20,26,22.3822906024,20.5524669912,19.9976896543,20.2194600245,20.2194600245,14.718741999,13.2647321247,16.6315715569,16.9597104076,24,24.5
v4-37-f3-r50-fp32-224-224,on-prem,2,calibration,completed,29.0,f3-r50-fp32-224-224,onnx-inference-fp32,224,r1-moderate,,29,17.4108079295,20,26,22.3822906024,20.5524669912,19.9976896543,20.2194600245,20.2194600245,14.718741999,13.2647321247,16.6315715569,16.9597104076,24,24.5
v4-37-f3-r50-fp32-224-224,public-cloud,1,calibration,completed,16.0,f3-r50-fp32-224-224,onnx-inference-fp32,224,none,,29,10.3254518922,14,26,17.6151263186,16.0961362346,15.257392388,15.4853265997,15.4853265997,13.9909417055,10.1089909264,15.1889195558,13.5287779963,18,18
v4-37-f3-r50-fp32-224-224,public-cloud,2,calibration,completed,15.0,f3-r50-fp32-224-224,onnx-inference-fp32,224,none,,29,10.3254518922,14,26,17.6151263186,16.0961362346,15.257392388,15.4853265997,15.4853265997,13.9909417055,10.1089909264,15.1889195558,13.5287779963,18,18
v4-38-f1-x264-720p-testsrc2-med-800,edge-1,1,calibration,completed,24.0,f1-x264-720p-testsrc2-med-800,video-transcode,800,r1-moderate,,41.5,59.086408294,33.5,26,40.9556883947,38.1428168185,38.4628684596,38.9850881919,38.9850881919,52.5951279193,26.3162061563,43.5971363303,60.745412486,114,114
v4-38-f1-x264-720p-testsrc2-med-800,edge-1,2,calibration,completed,24.0,f1-x264-720p-testsrc2-med-800,video-transcode,800,r1-moderate,,41.5,59.086408294,33.5,26,40.9556883947,38.1428168185,38.4628684596,38.9850881919,38.9850881919,52.5951279193,26.3162061563,43.5971363303,60.745412486,114,114
v4-38-f1-x264-720p-testsrc2-med-800,edge-2,1,calibration,completed,54.0,f1-x264-720p-testsrc2-med-800,video-transcode,800,none,,41.5,135.130390019,87,26,82.2104296172,81.3983179119,84.0851316443,83.8846598906,83.8846598906,49.836276699,89.9000798278,61.9138637095,149.950990733,210,211.5
v4-38-f1-x264-720p-testsrc2-med-800,edge-2,2,calibration,completed,54.0,f1-x264-720p-testsrc2-med-800,video-transcode,800,none,,41.5,135.130390019,87,26,82.2104296172,81.3983179119,84.0851316443,83.8846598906,83.8846598906,49.836276699,89.9000798278,61.9138637095,149.950990733,210,211.5
v4-38-f1-x264-720p-testsrc2-med-800,on-prem,1,calibration,completed,19.0,f1-x264-720p-testsrc2-med-800,video-transcode,800,none,,41.5,49.9515282107,29,26,37.229772764,33.9753740061,33.0629813561,32.1154655962,32.1154655962,47.2065317274,23.6777729736,62.2772450952,51.7623319674,68,68
v4-38-f1-x264-720p-testsrc2-med-800,on-prem,2,calibration,completed,19.0,f1-x264-720p-testsrc2-med-800,video-transcode,800,none,,41.5,49.9515282107,29,26,37.229772764,33.9753740061,33.0629813561,32.1154655962,32.1154655962,47.2065317274,23.6777729736,62.2772450952,51.7623319674,68,68
v4-38-f1-x264-720p-testsrc2-med-800,public-cloud,1,calibration,completed,17.0,f1-x264-720p-testsrc2-med-800,video-transcode,800,r3-cpu-pressure,,41.5,44.1851061106,29,26,33.2429793342,30.0524792111,28.6657239542,27.8583215302,27.8583215302,46.5307613071,19.155643498,48.257837919,41.6828824253,51,51.5
v4-38-f1-x264-720p-testsrc2-med-800,public-cloud,2,calibration,completed,17.0,f1-x264-720p-testsrc2-med-800,video-transcode,800,r3-cpu-pressure,,41.5,44.1851061106,29,26,33.2429793342,30.0524792111,28.6657239542,27.8583215302,27.8583215302,46.5307613071,19.155643498,48.257837919,41.6828824253,51,51.5
v4-39-f4-cc-kron-21-n1,edge-1,1,calibration,completed,15.0,f4-cc-kron-21-n1,graph-kernel,21,r3-cpu-pressure,,17,15.4272486205,17,26,32.4198454346,29.5862089065,30.3845110188,31.3052980653,31.3052980653,13.8831172888,21.1577046781,11.9428102083,17.7899087977,13,13.5
v4-39-f4-cc-kron-21-n1,edge-1,2,calibration,completed,14.0,f4-cc-kron-21-n1,graph-kernel,21,r3-cpu-pressure,,17,15.4272486205,17,26,32.4198454346,29.5862089065,30.3845110188,31.3052980653,31.3052980653,13.8831172888,21.1577046781,11.9428102083,17.7899087977,13,13.5
v4-39-f4-cc-kron-21-n1,edge-2,1,calibration,completed,36.0,f4-cc-kron-21-n1,graph-kernel,21,none,,17,35.7473528132,36,26,50.3341537435,46.5460263518,50.2817429292,51.1195165196,51.1195165196,60.1450068436,71.484075282,44.8269676961,44.936292829,32,32
v4-39-f4-cc-kron-21-n1,edge-2,2,calibration,completed,35.0,f4-cc-kron-21-n1,graph-kernel,21,none,,17,35.7473528132,36,26,50.3341537435,46.5460263518,50.2817429292,51.1195165196,51.1195165196,60.1450068436,71.484075282,44.8269676961,44.936292829,32,32
v4-39-f4-cc-kron-21-n1,on-prem,1,calibration,completed,11.0,f4-cc-kron-21-n1,graph-kernel,21,r3-cpu-pressure,,17,12.4497700445,13.5,26,23.290625251,21.1776834515,20.5205812808,20.4718601128,20.4718601128,13.3379138637,19.8155589464,13.142850918,15.0562439493,10,10
v4-39-f4-cc-kron-21-n1,on-prem,2,calibration,completed,11.0,f4-cc-kron-21-n1,graph-kernel,21,r3-cpu-pressure,,17,12.4497700445,13.5,26,23.290625251,21.1776834515,20.5205812808,20.4718601128,20.4718601128,13.3379138637,19.8155589464,13.142850918,15.0562439493,10,10
v4-39-f4-cc-kron-21-n1,public-cloud,1,calibration,completed,11.0,f4-cc-kron-21-n1,graph-kernel,21,r1-moderate,,17,11.9582607431,13,26,21.0120578041,19.1151251193,17.9323170011,17.1865324417,17.1865324417,12.9176661658,15.0215742255,11.2754900931,11.988940161,12,12
v4-39-f4-cc-kron-21-n1,public-cloud,2,calibration,completed,12.0,f4-cc-kron-21-n1,graph-kernel,21,r1-moderate,,17,11.9582607431,13,26,21.0120578041,19.1151251193,17.9323170011,17.1865324417,17.1865324417,12.9176661658,15.0215742255,11.2754900931,11.988940161,12,12
v4-40-f4-pr-kron-21-n1,edge-1,1,calibration,completed,25.0,f4-pr-kron-21-n1,graph-kernel,21,r2-heavy,,17,15.4272486205,17,26,32.4198454346,29.0006310085,29.7799265872,30.5962933253,30.5962933253,15.6632300889,19.4767723459,18.5695483949,17.7899087977,14,14.5
v4-40-f4-pr-kron-21-n1,edge-1,2,calibration,completed,25.0,f4-pr-kron-21-n1,graph-kernel,21,r2-heavy,,17,15.4272486205,17,26,32.4198454346,29.0006310085,29.7799265872,30.5962933253,30.5962933253,15.6632300889,19.4767723459,18.5695483949,17.7899087977,14,14.5
v4-40-f4-pr-kron-21-n1,edge-2,1,calibration,completed,55.0,f4-pr-kron-21-n1,graph-kernel,21,r3-cpu-pressure,,17,35.7473528132,36,26,50.3341537435,45.7098616271,49.3531149315,50.8758391258,50.8758391258,77.6648187,57.5092622552,61.7643433226,44.936292829,35,35.5
v4-40-f4-pr-kron-21-n1,edge-2,2,calibration,completed,54.0,f4-pr-kron-21-n1,graph-kernel,21,r3-cpu-pressure,,17,35.7473528132,36,26,50.3341537435,45.7098616271,49.3531149315,50.8758391258,50.8758391258,77.6648187,57.5092622552,61.7643433226,44.936292829,35,35.5
v4-40-f4-pr-kron-21-n1,on-prem,1,calibration,completed,12.0,f4-pr-kron-21-n1,graph-kernel,21,none,,17,12.4497700445,13.5,26,23.290625251,20.7530881282,20.1060134581,20.2093962154,20.2093962154,12.954816733,18.8376217057,12.5936294368,15.0562439493,11,11
v4-40-f4-pr-kron-21-n1,on-prem,2,calibration,completed,14.0,f4-pr-kron-21-n1,graph-kernel,21,none,,17,12.4497700445,13.5,26,23.290625251,20.7530881282,20.1060134581,20.2093962154,20.2093962154,12.954816733,18.8376217057,12.5936294368,15.0562439493,11,11
v4-40-f4-pr-kron-21-n1,public-cloud,1,calibration,completed,12.0,f4-pr-kron-21-n1,graph-kernel,21,none,,17,11.9582607431,13,26,21.0120578041,18.724923971,17.5648956815,16.8205119,16.8205119,12.7285543413,12.3736291944,12.5838128324,11.988940161,12,11.5
v4-40-f4-pr-kron-21-n1,public-cloud,2,calibration,completed,12.0,f4-pr-kron-21-n1,graph-kernel,21,none,,17,11.9582607431,13,26,21.0120578041,18.724923971,17.5648956815,16.8205119,16.8205119,12.7285543413,12.3736291944,12.5838128324,11.988940161,12,11.5
v4-41-f5-sf3-q21-r2,edge-1,1,calibration,completed,33.0,f5-sf3-q21-r2,duckdb-tpch,3,none,,21,46.1284807371,21,26,24.0917657043,22.6274509507,21.9602229512,21.3198600554,21.3198600554,29.7516836054,22.6746221951,39.1249367415,61.1814028359,48,46.5
v4-41-f5-sf3-q21-r2,edge-1,2,calibration,completed,46.0,f5-sf3-q21-r2,duckdb-tpch,3,none,,21,46.1284807371,21,26,24.0917657043,22.6274509507,21.9602229512,21.3198600554,21.3198600554,29.7516836054,22.6746221951,39.1249367415,61.1814028359,48,46.5
v4-41-f5-sf3-q21-r2,edge-2,1,calibration,completed,147.0,f5-sf3-q21-r2,duckdb-tpch,3,none,,21,172.68823875,48.5,26,99.6802378079,97.9674580452,89.2441329717,86.3768202059,86.3768202059,91.2835341161,70.8001833187,89.493766649,151.016870328,122,135.5
v4-41-f5-sf3-q21-r2,edge-2,2,calibration,completed,134.0,f5-sf3-q21-r2,duckdb-tpch,3,none,,21,172.68823875,48.5,26,99.6802378079,97.9674580452,89.2441329717,86.3768202059,86.3768202059,91.2835341161,70.8001833187,89.493766649,151.016870328,122,135.5
v4-41-f5-sf3-q21-r2,on-prem,1,calibration,completed,28.0,f5-sf3-q21-r2,duckdb-tpch,3,none,,21,40.8312476446,19,26,21.6227639703,20.2546504241,20.8923048894,21.4236255975,21.4236255975,16.7525746468,18.6824629763,24.9205135749,52.1348919139,28,27.5
v4-41-f5-sf3-q21-r2,on-prem,2,calibration,completed,28.0,f5-sf3-q21-r2,duckdb-tpch,3,none,,21,40.8312476446,19,26,21.6227639703,20.2546504241,20.8923048894,21.4236255975,21.4236255975,16.7525746468,18.6824629763,24.9205135749,52.1348919139,28,27.5
v4-41-f5-sf3-q21-r2,public-cloud,1,calibration,completed,25.0,f5-sf3-q21-r2,duckdb-tpch,3,none,,21,29.3025423502,16,26,14.4901161006,13.559536029,14.4544994543,14.8310541468,14.8310541468,14.1570062353,12.4743594634,15.1864302154,41.9842704004,36,35.5
v4-41-f5-sf3-q21-r2,public-cloud,2,calibration,completed,24.0,f5-sf3-q21-r2,duckdb-tpch,3,none,,21,29.3025423502,16,26,14.4901161006,13.559536029,14.4544994543,14.8310541468,14.8310541468,14.1570062353,12.4743594634,15.1864302154,41.9842704004,36,35.5
v4-42-f3-mnv2-int8-224-2000,edge-1,1,calibration,completed,19.0,f3-mnv2-int8-224-2000,onnx-inference-int8,2000,none,,26,26.6216831835,17,26,23.6608452151,19.9117154704,20.3001140689,20.3107715955,20.3107715955,22.7073818914,14.8059697519,24.5253770993,32.6128491593,16,16.5
v4-42-f3-mnv2-int8-224-2000,edge-1,2,calibration,completed,19.0,f3-mnv2-int8-224-2000,onnx-inference-int8,2000,none,,26,26.6216831835,17,26,23.6608452151,19.9117154704,20.3001140689,20.3107715955,20.3107715955,22.7073818914,14.8059697519,24.5253770993,32.6128491593,16,16.5
v4-42-f3-mnv2-int8-224-2000,edge-1,3,calibration,completed,19.0,f3-mnv2-int8-224-2000,onnx-inference-int8,2000,none,,26,26.6216831835,17,26,23.6608452151,19.9117154704,20.3001140689,20.3107715955,20.3107715955,22.7073818914,14.8059697519,24.5253770993,32.6128491593,16,16.5
v4-42-f3-mnv2-int8-224-2000,edge-2,1,calibration,completed,91.0,f3-mnv2-int8-224-2000,onnx-inference-int8,2000,r1-moderate,,26,86.7451183752,83,26,68.0822868737,64.1908524941,65.8908821431,66.4382019266,66.4382019266,91.5191385467,62.8586721881,82.290435058,81.1744106594,67,67
v4-42-f3-mnv2-int8-224-2000,edge-2,2,calibration,completed,91.0,f3-mnv2-int8-224-2000,onnx-inference-int8,2000,r1-moderate,,26,86.7451183752,83,26,68.0822868737,64.1908524941,65.8908821431,66.4382019266,66.4382019266,91.5191385467,62.8586721881,82.290435058,81.1744106594,67,67
v4-42-f3-mnv2-int8-224-2000,edge-2,3,calibration,completed,92.0,f3-mnv2-int8-224-2000,onnx-inference-int8,2000,r1-moderate,,26,86.7451183752,83,26,68.0822868737,64.1908524941,65.8908821431,66.4382019266,66.4382019266,91.5191385467,62.8586721881,82.290435058,81.1744106594,67,67
v4-42-f3-mnv2-int8-224-2000,on-prem,1,calibration,completed,36.0,f3-mnv2-int8-224-2000,onnx-inference-int8,2000,none,,26,33.0292151919,29,26,31.4976974391,27.1935433595,26.896873709,26.9401367333,26.9401367333,19.942460841,14.2315308926,27.8915932846,27.7226570252,30,30
v4-42-f3-mnv2-int8-224-2000,on-prem,2,calibration,completed,36.0,f3-mnv2-int8-224-2000,onnx-inference-int8,2000,none,,26,33.0292151919,29,26,31.4976974391,27.1935433595,26.896873709,26.9401367333,26.9401367333,19.942460841,14.2315308926,27.8915932846,27.7226570252,30,30
v4-42-f3-mnv2-int8-224-2000,on-prem,3,calibration,completed,37.0,f3-mnv2-int8-224-2000,onnx-inference-int8,2000,none,,26,33.0292151919,29,26,31.4976974391,27.1935433595,26.896873709,26.9401367333,26.9401367333,19.942460841,14.2315308926,27.8915932846,27.7226570252,30,30
v4-42-f3-mnv2-int8-224-2000,public-cloud,1,calibration,completed,22.0,f3-mnv2-int8-224-2000,onnx-inference-int8,2000,r2-heavy,,26,17.2568704372,13,26,18.170633692,15.3685518691,15.0643355014,14.9589068456,14.9589068456,15.9643166849,13.018410719,17.6032538928,22.235625626,14,13.5
v4-42-f3-mnv2-int8-224-2000,public-cloud,2,calibration,completed,22.0,f3-mnv2-int8-224-2000,onnx-inference-int8,2000,r2-heavy,,26,17.2568704372,13,26,18.170633692,15.3685518691,15.0643355014,14.9589068456,14.9589068456,15.9643166849,13.018410719,17.6032538928,22.235625626,14,13.5
v4-42-f3-mnv2-int8-224-2000,public-cloud,3,calibration,completed,22.0,f3-mnv2-int8-224-2000,onnx-inference-int8,2000,r2-heavy,,26,17.2568704372,13,26,18.170633692,15.3685518691,15.0643355014,14.9589068456,14.9589068456,15.9643166849,13.018410719,17.6032538928,22.235625626,14,13.5
v4-43-f0-cpu-45k,edge-1,1,calibration,completed,82.0,f0-cpu-45k,stress-ng-cpu,45000,none,,51,81.4984662432,81.5,26,55.3828349914,60.2220948136,60.9560704665,61.2106628237,61.2106628237,38.5226881124,53.5936260374,39.6500442155,42.6451571105,83,82.5
v4-43-f0-cpu-45k,edge-1,2,calibration,completed,82.0,f0-cpu-45k,stress-ng-cpu,45000,none,,51,81.4984662432,81.5,26,55.3828349914,60.2220948136,60.9560704665,61.2106628237,61.2106628237,38.5226881124,53.5936260374,39.6500442155,42.6451571105,83,82.5
v4-43-f0-cpu-45k,edge-2,1,calibration,completed,148.0,f0-cpu-45k,stress-ng-cpu,45000,none,,51,155.740168229,156,26,83.0213690026,102.624533862,106.631380635,106.433314644,106.433314644,73.4091036502,255.56458215,80.0403783684,105.70071575,166,165.5
v4-43-f0-cpu-45k,edge-2,2,calibration,completed,147.0,f0-cpu-45k,stress-ng-cpu,45000,none,,51,155.740168229,156,26,83.0213690026,102.624533862,106.631380635,106.433314644,106.433314644,73.4091036502,255.56458215,80.0403783684,105.70071575,166,165.5
v4-43-f0-cpu-45k,on-prem,1,calibration,completed,21.0,f0-cpu-45k,stress-ng-cpu,45000,none,,51,20.4939015319,20.5,26,23.5912918604,23.2305960988,22.684922549,22.778714812,22.778714812,20.6045342072,24.985996556,25.4274650058,36.2954066628,21,20.5
v4-43-f0-cpu-45k,on-prem,2,calibration,completed,22.0,f0-cpu-45k,stress-ng-cpu,45000,none,,51,20.4939015319,20.5,26,23.5912918604,23.2305960988,22.684922549,22.778714812,22.778714812,20.6045342072,24.985996556,25.4274650058,36.2954066628,21,20.5
v4-43-f0-cpu-45k,public-cloud,1,calibration,completed,19.0,f0-cpu-45k,stress-ng-cpu,45000,r2-heavy,,51,18,18,26,21.9512016853,21.5172449469,20.4386615496,20.4173257851,20.4173257851,20.5457080981,18.1838793264,24.7422082847,29.1706804502,18,18
v4-43-f0-cpu-45k,public-cloud,2,calibration,completed,20.0,f0-cpu-45k,stress-ng-cpu,45000,r2-heavy,,51,18,18,26,21.9512016853,21.5172449469,20.4386615496,20.4173257851,20.4173257851,20.5457080981,18.1838793264,24.7422082847,29.1706804502,18,18
v4-44-f0-cpu-45k,edge-1,1,test,completed,82.0,f0-cpu-45k,stress-ng-cpu,45000,r3-cpu-pressure,,51,81.4984662432,81.5,26,55.3828349914,60.9643418485,61.7907266682,63.0164958824,63.0164958824,31.6021134258,47.331901255,35.4959866966,42.6451571105,82,82
v4-44-f0-cpu-45k,edge-1,2,test,completed,82.0,f0-cpu-45k,stress-ng-cpu,45000,r3-cpu-pressure,,51,81.4984662432,81.5,26,55.3828349914,60.9643418485,61.7907266682,63.0164958824,63.0164958824,31.6021134258,47.331901255,35.4959866966,42.6451571105,82,82
v4-44-f0-cpu-45k,edge-2,1,test,completed,148.0,f0-cpu-45k,stress-ng-cpu,45000,none,,51,155.740168229,156,26,83.0213690026,101.367451134,105.944159453,104.93434989,104.93434989,89.5826282024,249.943764373,125.069036083,105.70071575,147,147.5
v4-44-f0-cpu-45k,edge-2,2,test,completed,147.0,f0-cpu-45k,stress-ng-cpu,45000,none,,51,155.740168229,156,26,83.0213690026,101.367451134,105.944159453,104.93434989,104.93434989,89.5826282024,249.943764373,125.069036083,105.70071575,147,147.5
v4-44-f0-cpu-45k,on-prem,1,test,completed,21.0,f0-cpu-45k,stress-ng-cpu,45000,r3-cpu-pressure,,51,20.4939015319,20.5,26,23.5912918604,23.5423635025,23.0160287765,23.2825656992,23.2825656992,19.0829496087,24.4530179371,26.3457424661,36.2954066628,22,21.5
v4-44-f0-cpu-45k,on-prem,2,test,completed,22.0,f0-cpu-45k,stress-ng-cpu,45000,r3-cpu-pressure,,51,20.4939015319,20.5,26,23.5912918604,23.5423635025,23.0160287765,23.2825656992,23.2825656992,19.0829496087,24.4530179371,26.3457424661,36.2954066628,22,21.5
v4-44-f0-cpu-45k,public-cloud,1,test,completed,18.0,f0-cpu-45k,stress-ng-cpu,45000,r1-moderate,,51,18,18,26,21.9512016853,21.8138819449,20.7427951163,20.6703135275,20.6703135275,17.0210530541,20.9777580332,17.7730960498,29.1706804502,20,19.5
v4-44-f0-cpu-45k,public-cloud,2,test,completed,19.0,f0-cpu-45k,stress-ng-cpu,45000,r1-moderate,,51,18,18,26,21.9512016853,21.8138819449,20.7427951163,20.6703135275,20.6703135275,17.0210530541,20.9777580332,17.7730960498,29.1706804502,20,19.5
v4-45-f3-r50-int8-224-128,edge-1,1,test,completed,9.0,f3-r50-int8-224-128,onnx-inference-int8,128,r3-cpu-pressure,,26,8.71038477499,17,26,18.762729088,15.1492610901,15.6791022467,16.2185698782,16.2185698782,21.1101927258,6.66782250085,16.4262904779,17.166878418,19,19
v4-45-f3-r50-int8-224-128,edge-1,2,test,completed,10.0,f3-r50-int8-224-128,onnx-inference-int8,128,r3-cpu-pressure,,26,8.71038477499,17,26,18.762729088,15.1492610901,15.6791022467,16.2185698782,16.2185698782,21.1101927258,6.66782250085,16.4262904779,17.166878418,19,19
v4-45-f3-r50-int8-224-128,edge-1,3,test,completed,10.0,f3-r50-int8-224-128,onnx-inference-int8,128,r3-cpu-pressure,,26,8.71038477499,17,26,18.762729088,15.1492610901,15.6791022467,16.2185698782,16.2185698782,21.1101927258,6.66782250085,16.4262904779,17.166878418,19,19
v4-45-f3-r50-int8-224-128,edge-2,1,test,completed,48.0,f3-r50-int8-224-128,onnx-inference-int8,128,none,,26,47.7282651864,83,26,45.386589527,40.67131143,43.3033285326,43.9834935122,43.9834935122,57.226666052,31.9540794272,39.9740241545,43.4131504724,92,91.5
v4-45-f3-r50-int8-224-128,edge-2,2,test,completed,46.0,f3-r50-int8-224-128,onnx-inference-int8,128,none,,26,47.7282651864,83,26,45.386589527,40.67131143,43.3033285326,43.9834935122,43.9834935122,57.226666052,31.9540794272,39.9740241545,43.4131504724,92,91.5
v4-45-f3-r50-int8-224-128,edge-2,3,test,completed,47.0,f3-r50-int8-224-128,onnx-inference-int8,128,none,,26,47.7282651864,83,26,45.386589527,40.67131143,43.3033285326,43.9834935122,43.9834935122,57.226666052,31.9540794272,39.9740241545,43.4131504724,92,91.5
v4-45-f3-r50-int8-224-128,on-prem,1,test,completed,26.0,f3-r50-int8-224-128,onnx-inference-int8,128,none,,26,26.4276364041,29,26,26.0388819292,22.1553375809,21.6051811771,22.0894566205,22.0894566205,16.6224227918,8.44093353871,17.451538995,14.5238556406,37,36.5
v4-45-f3-r50-int8-224-128,on-prem,2,test,completed,25.0,f3-r50-int8-224-128,onnx-inference-int8,128,none,,26,26.4276364041,29,26,26.0388819292,22.1553375809,21.6051811771,22.0894566205,22.0894566205,16.6224227918,8.44093353871,17.451538995,14.5238556406,37,36.5
v4-45-f3-r50-int8-224-128,on-prem,3,test,completed,24.0,f3-r50-int8-224-128,onnx-inference-int8,128,none,,26,26.4276364041,29,26,26.0388819292,22.1553375809,21.6051811771,22.0894566205,22.0894566205,16.6224227918,8.44093353871,17.451538995,14.5238556406,37,36.5
v4-45-f3-r50-int8-224-128,public-cloud,1,test,completed,14.0,f3-r50-int8-224-128,onnx-inference-int8,128,r2-heavy,,26,11.0467926146,13,26,16.5419370888,13.4931382718,12.8413617529,12.6094268111,12.6094268111,13.962713411,4.79104148063,11.3887283125,11.5582566272,22,22
v4-45-f3-r50-int8-224-128,public-cloud,2,test,completed,15.0,f3-r50-int8-224-128,onnx-inference-int8,128,r2-heavy,,26,11.0467926146,13,26,16.5419370888,13.4931382718,12.8413617529,12.6094268111,12.6094268111,13.962713411,4.79104148063,11.3887283125,11.5582566272,22,22
v4-45-f3-r50-int8-224-128,public-cloud,3,test,completed,16.0,f3-r50-int8-224-128,onnx-inference-int8,128,r2-heavy,,26,11.0467926146,13,26,16.5419370888,13.4931382718,12.8413617529,12.6094268111,12.6094268111,13.962713411,4.79104148063,11.3887283125,11.5582566272,22,22
v4-46-f3-r50-int8-224-192,edge-1,1,test,completed,12.0,f3-r50-int8-224-192,onnx-inference-int8,192,none,,26,10.2708221816,17,26,19.0363231411,14.8978104628,15.416864403,15.6298291302,15.6298291302,22.7016403444,7.18919509792,25.388881904,17.4421529345,10,10
v4-46-f3-r50-int8-224-192,edge-1,2,test,completed,11.0,f3-r50-int8-224-192,onnx-inference-int8,192,none,,26,10.2708221816,17,26,19.0363231411,14.8978104628,15.416864403,15.6298291302,15.6298291302,22.7016403444,7.18919509792,25.388881904,17.4421529345,10,10
v4-46-f3-r50-int8-224-192,edge-1,3,test,completed,12.0,f3-r50-int8-224-192,onnx-inference-int8,192,none,,26,10.2708221816,17,26,19.0363231411,14.8978104628,15.416864403,15.6298291302,15.6298291302,22.7016403444,7.18919509792,25.388881904,17.4421529345,10,10
v4-46-f3-r50-int8-224-192,edge-2,1,test,completed,64.0,f3-r50-int8-224-192,onnx-inference-int8,192,none,,26,52.1252312248,83,26,46.6197858181,40.3377903457,43.0643318605,43.8689628291,43.8689628291,97.7205155403,34.8084645842,59.3311328852,44.086122914,47,46.5
v4-46-f3-r50-int8-224-192,edge-2,2,test,completed,64.0,f3-r50-int8-224-192,onnx-inference-int8,192,none,,26,52.1252312248,83,26,46.6197858181,40.3377903457,43.0643318605,43.8689628291,43.8689628291,97.7205155403,34.8084645842,59.3311328852,44.086122914,47,46.5
v4-46-f3-r50-int8-224-192,edge-2,3,test,completed,65.0,f3-r50-int8-224-192,onnx-inference-int8,192,none,,26,52.1252312248,83,26,46.6197858181,40.3377903457,43.0643318605,43.8689628291,43.8689628291,97.7205155403,34.8084645842,59.3311328852,44.086122914,47,46.5
v4-46-f3-r50-int8-224-192,on-prem,1,test,completed,35.0,f3-r50-int8-224-192,onnx-inference-int8,192,none,,26,27.311304261,29,26,26.4189065883,21.8070799299,21.3071046499,22.1470038237,22.1470038237,17.6956980251,7.92675096537,17.4071299123,14.7590816248,24,24.5
v4-46-f3-r50-int8-224-192,on-prem,2,test,completed,34.0,f3-r50-int8-224-192,onnx-inference-int8,192,none,,26,27.311304261,29,26,26.4189065883,21.8070799299,21.3071046499,22.1470038237,22.1470038237,17.6956980251,7.92675096537,17.4071299123,14.7590816248,24,24.5
v4-46-f3-r50-int8-224-192,on-prem,3,test,completed,35.0,f3-r50-int8-224-192,onnx-inference-int8,192,none,,26,27.311304261,29,26,26.4189065883,21.8070799299,21.3071046499,22.1470038237,22.1470038237,17.6956980251,7.92675096537,17.4071299123,14.7590816248,24,24.5
v4-46-f3-r50-int8-224-192,public-cloud,1,test,completed,13.0,f3-r50-int8-224-192,onnx-inference-int8,192,none,,26,11.7980767531,13,26,16.6739472706,13.1813921351,12.5701961472,12.0215315242,12.0215315242,12.9074485454,4.27757618573,14.0379859295,11.7485462268,16,15.5
v4-46-f3-r50-int8-224-192,public-cloud,2,test,completed,13.0,f3-r50-int8-224-192,onnx-inference-int8,192,none,,26,11.7980767531,13,26,16.6739472706,13.1813921351,12.5701961472,12.0215315242,12.0215315242,12.9074485454,4.27757618573,14.0379859295,11.7485462268,16,15.5
v4-46-f3-r50-int8-224-192,public-cloud,3,test,completed,14.0,f3-r50-int8-224-192,onnx-inference-int8,192,none,,26,11.7980767531,13,26,16.6739472706,13.1813921351,12.5701961472,12.0215315242,12.0215315242,12.9074485454,4.27757618573,14.0379859295,11.7485462268,16,15.5
v4-47-f3-r50-fp32-224-288,edge-1,1,test,completed,81.0,f3-r50-fp32-224-288,onnx-inference-fp32,288,r2-heavy,,29,28.4295531927,40,26,30.6755083538,27.8782203576,28.3992266949,29.0658462723,29.0658462723,29.9034285682,12.6988074073,31.9181532702,20.5016885043,45,45
v4-47-f3-r50-fp32-224-288,edge-1,2,test,completed,81.0,f3-r50-fp32-224-288,onnx-inference-fp32,288,r2-heavy,,29,28.4295531927,40,26,30.6755083538,27.8782203576,28.3992266949,29.0658462723,29.0658462723,29.9034285682,12.6988074073,31.9181532702,20.5016885043,45,45
v4-47-f3-r50-fp32-224-288,edge-2,1,test,completed,188.0,f3-r50-fp32-224-288,onnx-inference-fp32,288,r1-moderate,,29,93.3064347626,133,26,68.1706822633,65.3179307381,68.6081409116,69.4854934583,69.4854934583,91.8159116501,40.2667036837,52.6153349449,51.5658676731,142,144
v4-47-f3-r50-fp32-224-288,edge-2,2,test,completed,185.0,f3-r50-fp32-224-288,onnx-inference-fp32,288,r1-moderate,,29,93.3064347626,133,26,68.1706822633,65.3179307381,68.6081409116,69.4854934583,69.4854934583,91.8159116501,40.2667036837,52.6153349449,51.5658676731,142,144
v4-47-f3-r50-fp32-224-288,on-prem,1,test,completed,33.0,f3-r50-fp32-224-288,onnx-inference-fp32,288,none,,29,18.140034989,20,26,22.5689541571,20.3295116782,19.7761713559,19.9917635866,19.9917635866,16.3860070164,13.0341810386,17.6303959082,17.3734982251,29,28.5
v4-47-f3-r50-fp32-224-288,on-prem,2,test,completed,33.0,f3-r50-fp32-224-288,onnx-inference-fp32,288,none,,29,18.140034989,20,26,22.5689541571,20.3295116782,19.7761713559,19.9917635866,19.9917635866,16.3860070164,13.0341810386,17.6303959082,17.3734982251,29,28.5
v4-47-f3-r50-fp32-224-288,public-cloud,1,test,completed,19.0,f3-r50-fp32-224-288,onnx-inference-fp32,288,r3-cpu-pressure,,29,11.169565809,14,26,17.7443085041,15.8355500591,15.0340735449,15.2436893313,15.2436893313,13.2369007828,7.97483601688,13.2038147164,13.8635178781,15,15.5
v4-47-f3-r50-fp32-224-288,public-cloud,2,test,completed,18.0,f3-r50-fp32-224-288,onnx-inference-fp32,288,r3-cpu-pressure,,29,11.169565809,14,26,17.7443085041,15.8355500591,15.0340735449,15.2436893313,15.2436893313,13.2369007828,7.97483601688,13.2038147164,13.8635178781,15,15.5
v4-48-f1-x264-720p-testsrc2-veryfast-2400,edge-1,1,test,completed,30.0,f1-x264-720p-testsrc2-veryfast-2400,video-transcode,2400,none,,41.5,33.7122033119,33.5,26,40.4413100543,36.0364283057,36.4186489999,36.4730259651,36.4730259651,31.4242854393,29.128158853,34.9276247312,51.0828388958,24,24
v4-48-f1-x264-720p-testsrc2-veryfast-2400,edge-1,2,test,completed,30.0,f1-x264-720p-testsrc2-veryfast-2400,video-transcode,2400,none,,41.5,33.7122033119,33.5,26,40.4413100543,36.0364283057,36.4186489999,36.4730259651,36.4730259651,31.4242854393,29.128158853,34.9276247312,51.0828388958,24,24
v4-48-f1-x264-720p-testsrc2-veryfast-2400,edge-2,1,test,completed,74.0,f1-x264-720p-testsrc2-veryfast-2400,video-transcode,2400,none,,41.5,104.834897508,87,26,97.0661074739,86.6545147125,89.2017161088,89.4528116597,89.4528116597,84.8195847891,86.0718094481,101.575735237,126.328587096,54,54
v4-48-f1-x264-720p-testsrc2-veryfast-2400,edge-2,2,test,completed,75.0,f1-x264-720p-testsrc2-veryfast-2400,video-transcode,2400,none,,41.5,104.834897508,87,26,97.0661074739,86.6545147125,89.2017161088,89.4528116597,89.4528116597,84.8195847891,86.0718094481,101.575735237,126.328587096,54,54
v4-48-f1-x264-720p-testsrc2-veryfast-2400,on-prem,1,test,completed,26.0,f1-x264-720p-testsrc2-veryfast-2400,video-transcode,2400,none,,41.5,30.2062805505,29,26,35.9553348192,32.009072444,31.7380630111,31.9532756442,31.9532756442,25.4609995599,22.2723000199,35.7668847275,43.5055255927,19,19
v4-48-f1-x264-720p-testsrc2-veryfast-2400,on-prem,2,test,completed,27.0,f1-x264-720p-testsrc2-veryfast-2400,video-transcode,2400,none,,41.5,30.2062805505,29,26,35.9553348192,32.009072444,31.7380630111,31.9532756442,31.9532756442,25.4609995599,22.2723000199,35.7668847275,43.5055255927,19,19
v4-48-f1-x264-720p-testsrc2-veryfast-2400,public-cloud,1,test,completed,22.0,f1-x264-720p-testsrc2-veryfast-2400,video-transcode,2400,none,,41.5,24.9524218618,29,26,31.1416825048,27.7571475696,27.2288134044,26.2808070824,26.2808070824,23.6937374222,17.8972089124,28.5359509094,35.003414658,17,17
v4-48-f1-x264-720p-testsrc2-veryfast-2400,public-cloud,2,test,completed,20.0,f1-x264-720p-testsrc2-veryfast-2400,video-transcode,2400,none,,41.5,24.9524218618,29,26,31.1416825048,27.7571475696,27.2288134044,26.2808070824,26.2808070824,23.6937374222,17.8972089124,28.5359509094,35.003414658,17,17
v4-49-f4-pr-kron-22-n1,edge-1,1,test,completed,33.0,f4-pr-kron-22-n1,graph-kernel,22,none,,17,78.6638417572,17,26,40.2511762159,35.6761512335,36.5362739292,36.7984929306,36.7984929306,20.6151681007,45.6029165666,25.1405953869,47.4846820698,25,25
v4-49-f4-pr-kron-22-n1,edge-1,2,test,completed,34.0,f4-pr-kron-22-n1,graph-kernel,22,none,,17,78.6638417572,17,26,40.2511762159,35.6761512335,36.5362739292,36.7984929306,36.7984929306,20.6151681007,45.6029165666,25.1405953869,47.4846820698,25,25
v4-49-f4-pr-kron-22-n1,edge-2,1,test,completed,104.0,f4-pr-kron-22-n1,graph-kernel,22,none,,17,157.327683514,36,26,62.8137890438,56.673226248,60.8855465084,61.3081016373,61.3081016373,53.2792827099,113.697242574,61.5731235568,117.532057673,54,54.5
v4-49-f4-pr-kron-22-n1,edge-2,2,test,completed,104.0,f4-pr-kron-22-n1,graph-kernel,22,none,,17,157.327683514,36,26,62.8137890438,56.673226248,60.8855465084,61.3081016373,61.3081016373,53.2792827099,113.697242574,61.5731235568,117.532057673,54,54.5
v4-49-f4-pr-kron-22-n1,on-prem,1,test,completed,26.0,f4-pr-kron-22-n1,graph-kernel,22,none,,17,25,13.5,26,28.8149812768,25.3350872086,24.552100342,24.7792455112,24.7792455112,13.0947717163,39.0250631656,22.0886491033,40.4308494786,14,13
v4-49-f4-pr-kron-22-n1,on-prem,2,test,completed,24.0,f4-pr-kron-22-n1,graph-kernel,22,none,,17,25,13.5,26,28.8149812768,25.3350872086,24.552100342,24.7792455112,24.7792455112,13.0947717163,39.0250631656,22.0886491033,40.4308494786,14,13
v4-49-f4-pr-kron-22-n1,public-cloud,1,test,completed,26.0,f4-pr-kron-22-n1,graph-kernel,22,r2-heavy,,17,17.4928556845,13,26,25.9701945708,22.8085865096,21.4319343257,20.5003140436,20.5003140436,12.9405192028,22.585074716,14.1772791775,32.5161091471,12,12
v4-49-f4-pr-kron-22-n1,public-cloud,2,test,completed,26.0,f4-pr-kron-22-n1,graph-kernel,22,r2-heavy,,17,17.4928556845,13,26,25.9701945708,22.8085865096,21.4319343257,20.5003140436,20.5003140436,12.9405192028,22.585074716,14.1772791775,32.5161091471,12,12
v4-50-f2-mixed-zstd1-aes-1024,edge-1,1,test,completed,29.0,f2-mixed-zstd1-aes-1024,compress-encrypt,1024,r3-cpu-pressure,,14,15.4806233545,13,26,18.6396031291,16.5339675629,16.7207666209,17.0191821056,17.0191821056,22.7879390605,5.71716762677,22.4687877646,18.5645038157,125,124.5
v4-50-f2-mixed-zstd1-aes-1024,edge-1,2,test,completed,29.0,f2-mixed-zstd1-aes-1024,compress-encrypt,1024,r3-cpu-pressure,,14,15.4806233545,13,26,18.6396031291,16.5339675629,16.7207666209,17.0191821056,17.0191821056,22.7879390605,5.71716762677,22.4687877646,18.5645038157,125,124.5
v4-50-f2-mixed-zstd1-aes-1024,edge-1,3,test,completed,30.0,f2-mixed-zstd1-aes-1024,compress-encrypt,1024,r3-cpu-pressure,,14,15.4806233545,13,26,18.6396031291,16.5339675629,16.7207666209,17.0191821056,17.0191821056,22.7879390605,5.71716762677,22.4687877646,18.5645038157,125,124.5
v4-50-f2-mixed-zstd1-aes-1024,edge-2,1,test,completed,106.0,f2-mixed-zstd1-aes-1024,compress-encrypt,1024,none,,14,53.5926086646,43,26,41.9180093457,47.3113899827,47.4078284725,46.5842038022,46.5842038022,74.2444772058,18.7979859882,60.6654698709,46.829970119,439,438.5
v4-50-f2-mixed-zstd1-aes-1024,edge-2,2,test,completed,106.0,f2-mixed-zstd1-aes-1024,compress-encrypt,1024,none,,14,53.5926086646,43,26,41.9180093457,47.3113899827,47.4078284725,46.5842038022,46.5842038022,74.2444772058,18.7979859882,60.6654698709,46.829970119,439,438.5
v4-50-f2-mixed-zstd1-aes-1024,edge-2,3,test,completed,105.0,f2-mixed-zstd1-aes-1024,compress-encrypt,1024,none,,14,53.5926086646,43,26,41.9180093457,47.3113899827,47.4078284725,46.5842038022,46.5842038022,74.2444772058,18.7979859882,60.6654698709,46.829970119,439,438.5
v4-50-f2-mixed-zstd1-aes-1024,on-prem,1,test,completed,26.0,f2-mixed-zstd1-aes-1024,compress-encrypt,1024,none,,14,15.6377327498,14,26,18.5773626256,15.9504842504,15.537827884,15.5702022673,15.5702022673,15.2208897461,6.07756651303,17.17744919,15.7181463941,60,60
v4-50-f2-mixed-zstd1-aes-1024,on-prem,2,test,completed,27.0,f2-mixed-zstd1-aes-1024,compress-encrypt,1024,none,,14,15.6377327498,14,26,18.5773626256,15.9504842504,15.537827884,15.5702022673,15.5702022673,15.2208897461,6.07756651303,17.17744919,15.7181463941,60,60
v4-50-f2-mixed-zstd1-aes-1024,on-prem,3,test,completed,26.0,f2-mixed-zstd1-aes-1024,compress-encrypt,1024,none,,14,15.6377327498,14,26,18.5773626256,15.9504842504,15.537827884,15.5702022673,15.5702022673,15.2208897461,6.07756651303,17.17744919,15.7181463941,60,60
v4-50-f2-mixed-zstd1-aes-1024,public-cloud,1,test,completed,28.0,f2-mixed-zstd1-aes-1024,compress-encrypt,1024,r2-heavy,,14,12.8933165602,11,26,16.4337230504,13.9307334057,13.2590148147,13.2808852468,13.2808852468,15.0354281558,4.72117226321,15.8140378967,12.5243961042,46,46.5
v4-50-f2-mixed-zstd1-aes-1024,public-cloud,2,test,completed,28.0,f2-mixed-zstd1-aes-1024,compress-encrypt,1024,r2-heavy,,14,12.8933165602,11,26,16.4337230504,13.9307334057,13.2590148147,13.2808852468,13.2808852468,15.0354281558,4.72117226321,15.8140378967,12.5243961042,46,46.5
v4-50-f2-mixed-zstd1-aes-1024,public-cloud,3,test,completed,29.0,f2-mixed-zstd1-aes-1024,compress-encrypt,1024,r2-heavy,,14,12.8933165602,11,26,16.4337230504,13.9307334057,13.2590148147,13.2808852468,13.2808852468,15.0354281558,4.72117226321,15.8140378967,12.5243961042,46,46.5
v4-51-f2-random-zstd1-aes-1152,edge-1,1,test,completed,13.0,f2-random-zstd1-aes-1152,compress-encrypt,1152,r1-moderate,,14,16.8335202705,13,26,19.0951948097,15.3567794063,15.7336357786,15.8733111179,15.8733111179,18.6078310277,6.7595945468,19.3061513529,20.4330392022,30,29.5
v4-51-f2-random-zstd1-aes-1152,edge-1,2,test,completed,13.0,f2-random-zstd1-aes-1152,compress-encrypt,1152,r1-moderate,,14,16.8335202705,13,26,19.0951948097,15.3567794063,15.7336357786,15.8733111179,15.8733111179,18.6078310277,6.7595945468,19.3061513529,20.4330392022,30,29.5
v4-51-f2-random-zstd1-aes-1152,edge-1,3,test,completed,14.0,f2-random-zstd1-aes-1152,compress-encrypt,1152,r1-moderate,,14,16.8335202705,13,26,19.0951948097,15.3567794063,15.7336357786,15.8733111179,15.8733111179,18.6078310277,6.7595945468,19.3061513529,20.4330392022,30,29.5
v4-51-f2-random-zstd1-aes-1152,edge-2,1,test,completed,52.0,f2-random-zstd1-aes-1152,compress-encrypt,1152,r3-cpu-pressure,,14,61.4178774679,43,26,44.7223027086,39.5466166181,41.423624117,42.3454660561,42.3454660561,61.8647215135,23.9817255384,44.0535611516,51.3980385218,105,105.5
v4-51-f2-random-zstd1-aes-1152,edge-2,2,test,completed,52.0,f2-random-zstd1-aes-1152,compress-encrypt,1152,r3-cpu-pressure,,14,61.4178774679,43,26,44.7223027086,39.5466166181,41.423624117,42.3454660561,42.3454660561,61.8647215135,23.9817255384,44.0535611516,51.3980385218,105,105.5
v4-51-f2-random-zstd1-aes-1152,edge-2,3,test,completed,51.0,f2-random-zstd1-aes-1152,compress-encrypt,1152,r3-cpu-pressure,,14,61.4178774679,43,26,44.7223027086,39.5466166181,41.423624117,42.3454660561,42.3454660561,61.8647215135,23.9817255384,44.0535611516,51.3980385218,105,105.5
v4-51-f2-random-zstd1-aes-1152,on-prem,1,test,completed,14.0,f2-random-zstd1-aes-1152,compress-encrypt,1152,r3-cpu-pressure,,14,17.4962787831,14,26,19.032177249,15.298196292,15.0329837857,15.2345035359,15.2345035359,15.2424542588,7.37305765399,14.5235201116,17.3148364214,26,26.5
v4-51-f2-random-zstd1-aes-1152,on-prem,2,test,completed,13.0,f2-random-zstd1-aes-1152,compress-encrypt,1152,r3-cpu-pressure,,14,17.4962787831,14,26,19.032177249,15.298196292,15.0329837857,15.2345035359,15.2345035359,15.2424542588,7.37305765399,14.5235201116,17.3148364214,26,26.5
v4-51-f2-random-zstd1-aes-1152,on-prem,3,test,completed,14.0,f2-random-zstd1-aes-1152,compress-encrypt,1152,r3-cpu-pressure,,14,17.4962787831,14,26,19.032177249,15.298196292,15.0329837857,15.2345035359,15.2345035359,15.2424542588,7.37305765399,14.5235201116,17.3148364214,26,26.5
v4-51-f2-random-zstd1-aes-1152,public-cloud,1,test,completed,11.0,f2-random-zstd1-aes-1152,compress-encrypt,1152,none,,14,14.2388429209,11,26,16.7307789156,13.3835407021,12.8523342256,12.5755497068,12.5755497068,14.2210066681,3.73626342892,11.4094274137,13.8160625292,29,28.5
v4-51-f2-random-zstd1-aes-1152,public-cloud,2,test,completed,11.0,f2-random-zstd1-aes-1152,compress-encrypt,1152,none,,14,14.2388429209,11,26,16.7307789156,13.3835407021,12.8523342256,12.5755497068,12.5755497068,14.2210066681,3.73626342892,11.4094274137,13.8160625292,29,28.5
v4-51-f2-random-zstd1-aes-1152,public-cloud,3,test,completed,12.0,f2-random-zstd1-aes-1152,compress-encrypt,1152,none,,14,14.2388429209,11,26,16.7307789156,13.3835407021,12.8523342256,12.5755497068,12.5755497068,14.2210066681,3.73626342892,11.4094274137,13.8160625292,29,28.5
v4-52-f3-r50-fp32-224-384,edge-1,1,test,completed,110.0,f3-r50-fp32-224-384,onnx-inference-fp32,384,r2-heavy,,29,31.1061863889,40,26,31.3122259531,28.2668026885,28.6324065096,29.2135939128,29.2135939128,30.9363337651,10.2696893815,31.9479431892,21.2727440642,81,81
v4-52-f3-r50-fp32-224-384,edge-1,2,test,completed,112.0,f3-r50-fp32-224-384,onnx-inference-fp32,384,r2-heavy,,29,31.1061863889,40,26,31.3122259531,28.2668026885,28.6324065096,29.2135939128,29.2135939128,30.9363337651,10.2696893815,31.9479431892,21.2727440642,81,81
v4-52-f3-r50-fp32-224-384,edge-2,1,test,completed,230.0,f3-r50-fp32-224-384,onnx-inference-fp32,384,none,,29,101.716675366,133,26,70.4369139592,67.3405489563,70.158019873,70.2248291016,70.2248291016,71.6135879196,37.6141580533,45.327138314,53.4508919362,185,186.5
v4-52-f3-r50-fp32-224-384,edge-2,2,test,completed,235.0,f3-r50-fp32-224-384,onnx-inference-fp32,384,none,,29,101.716675366,133,26,70.4369139592,67.3405489563,70.158019873,70.2248291016,70.2248291016,71.6135879196,37.6141580533,45.327138314,53.4508919362,185,186.5
v4-52-f3-r50-fp32-224-384,on-prem,1,test,completed,41.0,f3-r50-fp32-224-384,onnx-inference-fp32,384,none,,29,19.0123555466,20,26,22.8075518523,20.1485824719,19.5998818138,19.7185230018,19.7185230018,15.86039521,10.351249155,17.9742728589,18.0323761527,33,33
v4-52-f3-r50-fp32-224-384,on-prem,2,test,completed,42.0,f3-r50-fp32-224-384,onnx-inference-fp32,384,none,,29,19.0123555466,20,26,22.8075518523,20.1485824719,19.5998818138,19.7185230018,19.7185230018,15.86039521,10.351249155,17.9742728589,18.0323761527,33,33
v4-52-f3-r50-fp32-224-384,public-cloud,1,test,completed,30.0,f3-r50-fp32-224-384,onnx-inference-fp32,384,r2-heavy,,29,12.220868089,14,26,17.9136688576,15.651281776,14.8766063351,14.9005108074,14.9005108074,13.700078121,7.78493974575,11.7823057038,14.3965270925,18,18.5
v4-52-f3-r50-fp32-224-384,public-cloud,2,test,completed,29.0,f3-r50-fp32-224-384,onnx-inference-fp32,384,r2-heavy,,29,12.220868089,14,26,17.9136688576,15.651281776,14.8766063351,14.9005108074,14.9005108074,13.700078121,7.78493974575,11.7823057038,14.3965270925,18,18.5
v4-53-f0-cpu-45k,edge-1,1,test,completed,82.0,f0-cpu-45k,stress-ng-cpu,45000,none,,51,81.4984662432,81.5,26,55.3828349914,61.7005673003,62.6208243637,62.7494315677,62.7494315677,37.408170095,57.1507793723,53.9051749238,42.6451571105,82,82
v4-53-f0-cpu-45k,edge-1,2,test,completed,82.0,f0-cpu-45k,stress-ng-cpu,45000,none,,51,81.4984662432,81.5,26,55.3828349914,61.7005673003,62.6208243637,62.7494315677,62.7494315677,37.408170095,57.1507793723,53.9051749238,42.6451571105,82,82
v4-53-f0-cpu-45k,edge-2,1,test,completed,165.0,f0-cpu-45k,stress-ng-cpu,45000,r2-heavy,,51,155.740168229,156,26,83.0213690026,102.583723602,107.357968546,108.181816485,108.181816485,135.453303365,232.553894269,173.505009549,105.70071575,147,147.5
v4-53-f0-cpu-45k,edge-2,2,test,completed,165.0,f0-cpu-45k,stress-ng-cpu,45000,r2-heavy,,51,155.740168229,156,26,83.0213690026,102.583723602,107.357968546,108.181816485,108.181816485,135.453303365,232.553894269,173.505009549,105.70071575,147,147.5
v4-53-f0-cpu-45k,on-prem,1,test,completed,21.0,f0-cpu-45k,stress-ng-cpu,45000,r1-moderate,,51,20.4939015319,20.5,26,23.5912918604,23.8339620593,23.3335223173,23.5379271345,23.5379271345,18.9438459563,30.8477354044,24.8890706274,36.2954066628,22,21.5
v4-53-f0-cpu-45k,on-prem,2,test,completed,21.0,f0-cpu-45k,stress-ng-cpu,45000,r1-moderate,,51,20.4939015319,20.5,26,23.5912918604,23.8339620593,23.3335223173,23.5379271345,23.5379271345,18.9438459563,30.8477354044,24.8890706274,36.2954066628,22,21.5
v4-53-f0-cpu-45k,public-cloud,1,test,completed,20.0,f0-cpu-45k,stress-ng-cpu,45000,r2-heavy,,51,18,18,26,21.9512016853,22.075006947,21.0236883657,20.3596341154,20.3596341154,17.0264230422,19.592062768,18.0809037308,29.1706804502,19,18.5
v4-53-f0-cpu-45k,public-cloud,2,test,completed,20.0,f0-cpu-45k,stress-ng-cpu,45000,r2-heavy,,51,18,18,26,21.9512016853,22.075006947,21.0236883657,20.3596341154,20.3596341154,17.0264230422,19.592062768,18.0809037308,29.1706804502,19,18.5
v4-54-f5-sf1-q1-r2,edge-1,1,test,completed,23.0,f5-sf1-q1-r2,duckdb-tpch,1,r2-heavy,,21,19.3829997351,21,26,25.2012467446,22.7042042555,23.3908906344,23.8092711731,23.8092711731,17.7226829412,10.2126293592,17.9350467112,18.653420015,46,39.5
v4-54-f5-sf1-q1-r2,edge-1,2,test,completed,21.0,f5-sf1-q1-r2,duckdb-tpch,1,r2-heavy,,21,19.3829997351,21,26,25.2012467446,22.7042042555,23.3908906344,23.8092711731,23.8092711731,17.7226829412,10.2126293592,17.9350467112,18.653420015,46,39.5
v4-54-f5-sf1-q1-r2,edge-2,1,test,completed,54.0,f5-sf1-q1-r2,duckdb-tpch,1,r2-heavy,,21,47.2020562163,48.5,26,42.0720826495,42.821043626,45.7570894049,47.1183081676,47.1183081676,85.1376080551,42.0943562839,57.6491323096,47.0473464038,134,140.5
v4-54-f5-sf1-q1-r2,edge-2,2,test,completed,55.0,f5-sf1-q1-r2,duckdb-tpch,1,r2-heavy,,21,47.2020562163,48.5,26,42.0720826495,42.821043626,45.7570894049,47.1183081676,47.1183081676,85.1376080551,42.0943562839,57.6491323096,47.0473464038,134,140.5
v4-54-f5-sf1-q1-r2,on-prem,1,test,completed,16.0,f5-sf1-q1-r2,duckdb-tpch,1,none,,21,15.0996688705,19,26,22.0158142673,19.4230689452,18.7873436724,19.1396197966,19.1396197966,16.5243410679,10.0547470213,16.5840582798,15.7941265493,28,28
v4-54-f5-sf1-q1-r2,on-prem,2,test,completed,12.0,f5-sf1-q1-r2,duckdb-tpch,1,none,,21,15.0996688705,19,26,22.0158142673,19.4230689452,18.7873436724,19.1396197966,19.1396197966,16.5243410679,10.0547470213,16.5840582798,15.7941265493,28,28
v4-54-f5-sf1-q1-r2,public-cloud,1,test,completed,16.0,f5-sf1-q1-r2,duckdb-tpch,1,r3-cpu-pressure,,21,13.8564064606,16,26,20.8898438685,18.4118218735,17.1854234995,16.3347350925,16.3347350925,14.4751962696,5.89490065445,12.0542621902,12.5858613941,24,24.5
v4-54-f5-sf1-q1-r2,public-cloud,2,test,completed,12.0,f5-sf1-q1-r2,duckdb-tpch,1,r3-cpu-pressure,,21,13.8564064606,16,26,20.8898438685,18.4118218735,17.1854234995,16.3347350925,16.3347350925,14.4751962696,5.89490065445,12.0542621902,12.5858613941,24,24.5
v4-55-f3-r50-fp32-288-96,edge-1,1,test,completed,33.0,f3-r50-fp32-288-96,onnx-inference-fp32,96,none,,29,20.1623972484,40,26,29.8666080237,26.8870530187,27.0843109375,27.1029871739,27.1029871739,24.6096589146,8.29059211277,20.5989295775,15.8964822189,112,111
v4-55-f3-r50-fp32-288-96,edge-1,2,test,completed,32.0,f3-r50-fp32-288-96,onnx-inference-fp32,96,none,,29,20.1623972484,40,26,29.8666080237,26.8870530187,27.0843109375,27.1029871739,27.1029871739,24.6096589146,8.29059211277,20.5989295775,15.8964822189,112,111
v4-55-f3-r50-fp32-288-96,edge-2,1,test,completed,106.0,f3-r50-fp32-288-96,onnx-inference-fp32,96,none,,29,67.1087679204,133,26,67.3903447544,64.8496177863,67.0397802755,66.41850351,66.41850351,110.349470676,26.9634277843,78.6735605589,40.3073721294,235,232.5
v4-55-f3-r50-fp32-288-96,edge-2,2,test,completed,104.0,f3-r50-fp32-288-96,onnx-inference-fp32,96,none,,29,67.1087679204,133,26,67.3903447544,64.8496177863,67.0397802755,66.41850351,66.41850351,110.349470676,26.9634277843,78.6735605589,40.3073721294,235,232.5
v4-55-f3-r50-fp32-288-96,on-prem,1,test,completed,20.0,f3-r50-fp32-288-96,onnx-inference-fp32,96,none,,29,15.1614984209,20,26,22.1617121296,19.3291675196,18.7459753683,19.0630846018,19.0630846018,16.8202800232,7.72201814893,19.2183306555,13.4382840444,42,41.5
v4-55-f3-r50-fp32-288-96,on-prem,2,test,completed,21.0,f3-r50-fp32-288-96,onnx-inference-fp32,96,none,,29,15.1614984209,20,26,22.1617121296,19.3291675196,18.7459753683,19.0630846018,19.0630846018,16.8202800232,7.72201814893,19.2183306555,13.4382840444,42,41.5
v4-55-f3-r50-fp32-288-96,public-cloud,1,test,completed,17.0,f3-r50-fp32-288-96,onnx-inference-fp32,96,r2-heavy,,29,7.92228239624,14,26,17.2388729522,14.876620493,14.0889446166,14.307347885,14.307347885,14.4485319579,4.68215809794,16.6118966425,10.6800671485,29,29.5
v4-55-f3-r50-fp32-288-96,public-cloud,2,test,completed,17.0,f3-r50-fp32-288-96,onnx-inference-fp32,96,r2-heavy,,29,7.92228239624,14,26,17.2388729522,14.876620493,14.0889446166,14.307347885,14.307347885,14.4485319579,4.68215809794,16.6118966425,10.6800671485,29,29.5
v4-56-f1-x265-720p-mandelbrot-med-500,edge-1,1,test,completed,77.0,f1-x265-720p-mandelbrot-med-500,video-transcode,500,r2-heavy,,41.5,75.1184263119,33.5,26,41.5620360908,35.5448022088,36.386085955,37.4450993803,37.4450993803,51.3624302567,36.3260953494,49.5886877576,82.8710277142,30,30
v4-56-f1-x265-720p-mandelbrot-med-500,edge-1,2,test,completed,81.0,f1-x265-720p-mandelbrot-med-500,video-transcode,500,r2-heavy,,41.5,75.1184263119,33.5,26,41.5620360908,35.5448022088,36.386085955,37.4450993803,37.4450993803,51.3624302567,36.3260953494,49.5886877576,82.8710277142,30,30
v4-56-f1-x265-720p-mandelbrot-med-500,edge-2,1,test,completed,171.0,f1-x265-720p-mandelbrot-med-500,video-transcode,500,r1-moderate,,41.5,150.632435685,87,26,80.3435464539,69.5753761608,74.1491421118,75.60648258,75.60648258,62.7257175039,115.594878295,78.4632527599,204.042192084,75,74.5
v4-56-f1-x265-720p-mandelbrot-med-500,edge-2,2,test,completed,170.0,f1-x265-720p-mandelbrot-med-500,video-transcode,500,r1-moderate,,41.5,150.632435685,87,26,80.3435464539,69.5753761608,74.1491421118,75.60648258,75.60648258,62.7257175039,115.594878295,78.4632527599,204.042192084,75,74.5
v4-56-f1-x265-720p-mandelbrot-med-500,on-prem,1,test,completed,47.0,f1-x265-720p-mandelbrot-med-500,video-transcode,500,none,,41.5,61.944932142,29,26,37.9589564667,32.4579182955,31.7172539599,31.5438818347,31.5438818347,47.5397695415,35.3093211205,67.2811517737,70.66898444,27,26.5
v4-56-f1-x265-720p-mandelbrot-med-500,on-prem,2,test,completed,46.0,f1-x265-720p-mandelbrot-med-500,video-transcode,500,none,,41.5,61.944932142,29,26,37.9589564667,32.4579182955,31.7172539599,31.5438818347,31.5438818347,47.5397695415,35.3093211205,67.2811517737,70.66898444,27,26.5
v4-56-f1-x265-720p-mandelbrot-med-500,public-cloud,1,test,completed,36.0,f1-x265-720p-mandelbrot-med-500,video-transcode,500,r3-cpu-pressure,,41.5,56.4214216003,29,26,34.1099186313,29.0940436744,27.7426414604,26.8221046576,26.8221046576,45.8076664301,23.4336211444,44.3625779294,56.9777034549,20,21
v4-56-f1-x265-720p-mandelbrot-med-500,public-cloud,2,test,completed,34.0,f1-x265-720p-mandelbrot-med-500,video-transcode,500,r3-cpu-pressure,,41.5,56.4214216003,29,26,34.1099186313,29.0940436744,27.7426414604,26.8221046576,26.8221046576,45.8076664301,23.4336211444,44.3625779294,56.9777034549,20,21
v4-57-f2-random-zstd1-aes-768,edge-1,1,test,completed,10.0,f2-random-zstd1-aes-768,compress-encrypt,768,none,,14,12.6158157502,13,26,17.6041194137,13.6791161362,14.1430079908,14.3105924004,14.3105924004,13.8419483741,4.77310315117,11.8977804047,14.4096233461,14,13.5
v4-57-f2-random-zstd1-aes-768,edge-1,2,test,completed,10.0,f2-random-zstd1-aes-768,compress-encrypt,768,none,,14,12.6158157502,13,26,17.6041194137,13.6791161362,14.1430079908,14.3105924004,14.3105924004,13.8419483741,4.77310315117,11.8977804047,14.4096233461,14,13.5
v4-57-f2-random-zstd1-aes-768,edge-1,3,test,completed,9.0,f2-random-zstd1-aes-768,compress-encrypt,768,none,,14,12.6158157502,13,26,17.6041194137,13.6791161362,14.1430079908,14.3105924004,14.3105924004,13.8419483741,4.77310315117,11.8977804047,14.4096233461,14,13.5
v4-57-f2-random-zstd1-aes-768,edge-2,1,test,completed,38.0,f2-random-zstd1-aes-768,compress-encrypt,768,none,,14,38.4180267295,43,26,36.4479470973,29.9306914201,32.3124031383,32.7558952679,32.7558952679,58.6351860365,17.4540390145,44.3551376261,36.6724005438,51,51.5
v4-57-f2-random-zstd1-aes-768,edge-2,2,test,completed,38.0,f2-random-zstd1-aes-768,compress-encrypt,768,none,,14,38.4180267295,43,26,36.4479470973,29.9306914201,32.3124031383,32.7558952679,32.7558952679,58.6351860365,17.4540390145,44.3551376261,36.6724005438,51,51.5
v4-57-f2-random-zstd1-aes-768,edge-2,3,test,completed,38.0,f2-random-zstd1-aes-768,compress-encrypt,768,none,,14,38.4180267295,43,26,36.4479470973,29.9306914201,32.3124031383,32.7558952679,32.7558952679,58.6351860365,17.4540390145,44.3551376261,36.6724005438,51,51.5
v4-57-f2-random-zstd1-aes-768,on-prem,1,test,completed,10.0,f2-random-zstd1-aes-768,compress-encrypt,768,none,,14,11.8863811372,14,26,17.5440799366,13.6260839496,13.3054803104,13.5594192631,13.5594192631,12.1943914884,3.83993745344,11.5941984215,12.1677420191,14,13.5
v4-57-f2-random-zstd1-aes-768,on-prem,2,test,completed,11.0,f2-random-zstd1-aes-768,compress-encrypt,768,none,,14,11.8863811372,14,26,17.5440799366,13.6260839496,13.3054803104,13.5594192631,13.5594192631,12.1943914884,3.83993745344,11.5941984215,12.1677420191,14,13.5
v4-57-f2-random-zstd1-aes-768,on-prem,3,test,completed,11.0,f2-random-zstd1-aes-768,compress-encrypt,768,none,,14,11.8863811372,14,26,17.5440799366,13.6260839496,13.3054803104,13.5594192631,13.5594192631,12.1943914884,3.83993745344,11.5941984215,12.1677420191,14,13.5
v4-57-f2-random-zstd1-aes-768,public-cloud,1,test,completed,11.0,f2-random-zstd1-aes-768,compress-encrypt,768,r2-heavy,,14,10.1174119999,11,26,15.7188575693,12.1397373982,11.495904461,10.9655890882,10.9655890882,12.2827079986,2.43914336833,11.1961994415,9.6522430577,12,11.5
v4-57-f2-random-zstd1-aes-768,public-cloud,2,test,completed,11.0,f2-random-zstd1-aes-768,compress-encrypt,768,r2-heavy,,14,10.1174119999,11,26,15.7188575693,12.1397373982,11.495904461,10.9655890882,10.9655890882,12.2827079986,2.43914336833,11.1961994415,9.6522430577,12,11.5
v4-57-f2-random-zstd1-aes-768,public-cloud,3,test,completed,11.0,f2-random-zstd1-aes-768,compress-encrypt,768,r2-heavy,,14,10.1174119999,11,26,15.7188575693,12.1397373982,11.495904461,10.9655890882,10.9655890882,12.2827079986,2.43914336833,11.1961994415,9.6522430577,12,11.5
v4-58-f3-r50-int8-224-288,edge-1,1,test,completed,17.0,f3-r50-int8-224-288,onnx-inference-int8,288,r1-moderate,,26,12.1108069289,17,26,19.3717383081,14.7425229595,15.2297338831,15.5130124788,15.5130124788,15.4081947124,5.74368302429,14.8586111748,17.9366779149,12,11.5
v4-58-f3-r50-int8-224-288,edge-1,2,test,completed,16.0,f3-r50-int8-224-288,onnx-inference-int8,288,r1-moderate,,26,12.1108069289,17,26,19.3717383081,14.7425229595,15.2297338831,15.5130124788,15.5130124788,15.4081947124,5.74368302429,14.8586111748,17.9366779149,12,11.5
v4-58-f3-r50-int8-224-288,edge-1,3,test,completed,17.0,f3-r50-int8-224-288,onnx-inference-int8,288,r1-moderate,,26,12.1108069289,17,26,19.3717383081,14.7425229595,15.2297338831,15.5130124788,15.5130124788,15.4081947124,5.74368302429,14.8586111748,17.9366779149,12,11.5
v4-58-f3-r50-int8-224-288,edge-2,1,test,completed,119.0,f3-r50-int8-224-288,onnx-inference-int8,288,r2-heavy,,26,56.9272677235,83,26,48.1261092555,43.2952964472,45.7094668724,47.2498763664,47.2498763664,71.3130545399,33.7987140385,59.9339399163,45.2951039982,65,64.5
v4-58-f3-r50-int8-224-288,edge-2,2,test,completed,120.0,f3-r50-int8-224-288,onnx-inference-int8,288,r2-heavy,,26,56.9272677235,83,26,48.1261092555,43.2952964472,45.7094668724,47.2498763664,47.2498763664,71.3130545399,33.7987140385,59.9339399163,45.2951039982,65,64.5
v4-58-f3-r50-int8-224-288,edge-2,3,test,completed,119.0,f3-r50-int8-224-288,onnx-inference-int8,288,r2-heavy,,26,56.9272677235,83,26,48.1261092555,43.2952964472,45.7094668724,47.2498763664,47.2498763664,71.3130545399,33.7987140385,59.9339399163,45.2951039982,65,64.5
v4-58-f3-r50-int8-224-288,on-prem,1,test,completed,49.0,f3-r50-int8-224-288,onnx-inference-int8,288,r1-moderate,,26,28.2245195534,29,26,26.8595584606,21.9751246402,21.4173754373,22.0854371148,22.0854371148,17.4354565075,7.20363217005,18.5759695117,15.1816602445,35,34.5
v4-58-f3-r50-int8-224-288,on-prem,2,test,completed,49.0,f3-r50-int8-224-288,onnx-inference-int8,288,r1-moderate,,26,28.2245195534,29,26,26.8595584606,21.9751246402,21.4173754373,22.0854371148,22.0854371148,17.4354565075,7.20363217005,18.5759695117,15.1816602445,35,34.5
v4-58-f3-r50-int8-224-288,on-prem,3,test,completed,50.0,f3-r50-int8-224-288,onnx-inference-int8,288,r1-moderate,,26,28.2245195534,29,26,26.8595584606,21.9751246402,21.4173754373,22.0854371148,22.0854371148,17.4354565075,7.20363217005,18.5759695117,15.1816602445,35,34.5
v4-58-f3-r50-int8-224-288,public-cloud,1,test,completed,17.0,f3-r50-int8-224-288,onnx-inference-int8,288,none,,26,12.6004551664,13,26,16.8219970828,12.9002886474,12.3258674962,12.0572982276,12.0572982276,12.8552132423,3.18294599027,12.7391020755,12.0903975603,14,13.5
v4-58-f3-r50-int8-224-288,public-cloud,2,test,completed,16.0,f3-r50-int8-224-288,onnx-inference-int8,288,none,,26,12.6004551664,13,26,16.8219970828,12.9002886474,12.3258674962,12.0572982276,12.0572982276,12.8552132423,3.18294599027,12.7391020755,12.0903975603,14,13.5
v4-58-f3-r50-int8-224-288,public-cloud,3,test,completed,17.0,f3-r50-int8-224-288,onnx-inference-int8,288,none,,26,12.6004551664,13,26,16.8219970828,12.9002886474,12.3258674962,12.0572982276,12.0572982276,12.8552132423,3.18294599027,12.7391020755,12.0903975603,14,13.5
v4-59-f4-pr-uniform-21-n1,edge-1,1,test,completed,17.0,f4-pr-uniform-21-n1,graph-kernel,21,none,,17,15.4272486205,17,26,32.4198454346,27.9803729441,28.6495204784,29.0301253734,29.0301253734,18.1822117114,18.560432067,17.0988865535,17.7899087977,34,33.5
v4-59-f4-pr-uniform-21-n1,edge-1,2,test,completed,18.0,f4-pr-uniform-21-n1,graph-kernel,21,none,,17,15.4272486205,17,26,32.4198454346,27.9803729441,28.6495204784,29.0301253734,29.0301253734,18.1822117114,18.560432067,17.0988865535,17.7899087977,34,33.5
v4-59-f4-pr-uniform-21-n1,edge-2,1,test,completed,49.0,f4-pr-uniform-21-n1,graph-kernel,21,r3-cpu-pressure,,17,35.7473528132,36,26,50.3341537435,45.1998705003,48.3166089897,49.511448401,49.511448401,73.6599657869,42.0714772166,49.6345293293,44.936292829,104,104
v4-59-f4-pr-uniform-21-n1,edge-2,2,test,completed,50.0,f4-pr-uniform-21-n1,graph-kernel,21,r3-cpu-pressure,,17,35.7473528132,36,26,50.3341537435,45.1998705003,48.3166089897,49.511448401,49.511448401,73.6599657869,42.0714772166,49.6345293293,44.936292829,104,104
v4-59-f4-pr-uniform-21-n1,on-prem,1,test,completed,15.0,f4-pr-uniform-21-n1,graph-kernel,21,r2-heavy,,17,12.4497700445,13.5,26,23.290625251,19.9105584347,19.2565274649,19.0826641883,19.0826641883,14.4766869407,13.9504749036,13.8530748074,15.0562439493,24,25
v4-59-f4-pr-uniform-21-n1,on-prem,2,test,completed,14.0,f4-pr-uniform-21-n1,graph-kernel,21,r2-heavy,,17,12.4497700445,13.5,26,23.290625251,19.9105584347,19.2565274649,19.0826641883,19.0826641883,14.4766869407,13.9504749036,13.8530748074,15.0562439493,24,25
v4-59-f4-pr-uniform-21-n1,public-cloud,1,test,completed,9.0,f4-pr-uniform-21-n1,graph-kernel,21,r1-moderate,,17,11.9582607431,13,26,21.0120578041,17.9553308927,16.8125976483,16.0681276627,16.0681276627,13.8353733231,10.0531719148,10.2449432323,11.988940161,26,26
v4-59-f4-pr-uniform-21-n1,public-cloud,2,test,completed,10.0,f4-pr-uniform-21-n1,graph-kernel,21,r1-moderate,,17,11.9582607431,13,26,21.0120578041,17.9553308927,16.8125976483,16.0681276627,16.0681276627,13.8353733231,10.0531719148,10.2449432323,11.988940161,26,26
v4-60-f1-x265-720p-testsrc2-med-1100,edge-1,1,test,completed,74.0,f1-x265-720p-testsrc2-med-1100,video-transcode,1100,none,,41.5,50.2164913819,33.5,26,40.6447005753,35.0397256609,35.4533276949,35.6959670763,35.6959670763,30.5972691741,20.3165964623,35.6981367004,52.2098116798,81,79
v4-60-f1-x265-720p-testsrc2-med-1100,edge-1,2,test,completed,72.0,f1-x265-720p-testsrc2-med-1100,video-transcode,1100,none,,41.5,50.2164913819,33.5,26,40.6447005753,35.0397256609,35.4533276949,35.6959670763,35.6959670763,30.5972691741,20.3165964623,35.6981367004,52.2098116798,81,79
v4-60-f1-x265-720p-testsrc2-med-1100,edge-2,1,test,completed,193.0,f1-x265-720p-testsrc2-med-1100,video-transcode,1100,none,,41.5,125.543950063,87,26,84.5173083922,75.2840006245,78.1687341565,78.6746689689,78.6746689689,114.764749859,53.872348896,79.9495022304,129.083733615,170,170.5
v4-60-f1-x265-720p-testsrc2-med-1100,edge-2,2,test,completed,197.0,f1-x265-720p-testsrc2-med-1100,video-transcode,1100,none,,41.5,125.543950063,87,26,84.5173083922,75.2840006245,78.1687341565,78.6746689689,78.6746689689,114.764749859,53.872348896,79.9495022304,129.083733615,170,170.5
v4-60-f1-x265-720p-testsrc2-med-1100,on-prem,1,test,completed,70.0,f1-x265-720p-testsrc2-med-1100,video-transcode,1100,r2-heavy,,41.5,43.1744125008,29,26,36.7851823099,31.2707044746,30.6104442389,30.8397538202,30.8397538202,23.891116434,15.8535958621,31.4402881449,44.4685398434,46,46.5
v4-60-f1-x265-720p-testsrc2-med-1100,on-prem,2,test,completed,71.0,f1-x265-720p-testsrc2-med-1100,video-transcode,1100,r2-heavy,,41.5,43.1744125008,29,26,36.7851823099,31.2707044746,30.6104442389,30.8397538202,30.8397538202,23.891116434,15.8535958621,31.4402881449,44.4685398434,46,46.5
v4-60-f1-x265-720p-testsrc2-med-1100,public-cloud,1,test,completed,49.0,f1-x265-720p-testsrc2-med-1100,video-transcode,1100,r2-heavy,,41.5,37.4404504297,29,26,32.6500754216,27.6607734978,26.5643826623,26.4692544093,26.4692544093,23.0702591473,14.0342622775,23.3535293762,35.7824595279,34,35
v4-60-f1-x265-720p-testsrc2-med-1100,public-cloud,2,test,completed,49.0,f1-x265-720p-testsrc2-med-1100,video-transcode,1100,r2-heavy,,41.5,37.4404504297,29,26,32.6500754216,27.6607734978,26.5643826623,26.4692544093,26.4692544093,23.0702591473,14.0342622775,23.3535293762,35.7824595279,34,35
v4-61-f2-random-zstd1-chacha-1152,edge-1,1,test,completed,13.0,f2-random-zstd1-chacha-1152,compress-encrypt,1152,none,,14,16.8335202705,13,26,19.0951948097,14.1622886661,14.5683456677,14.6247323963,14.6247323963,33.3665953746,5.4575625605,30.8452092681,20.4330392022,9,9.5
v4-61-f2-random-zstd1-chacha-1152,edge-1,2,test,completed,13.0,f2-random-zstd1-chacha-1152,compress-encrypt,1152,none,,14,16.8335202705,13,26,19.0951948097,14.1622886661,14.5683456677,14.6247323963,14.6247323963,33.3665953746,5.4575625605,30.8452092681,20.4330392022,9,9.5
v4-61-f2-random-zstd1-chacha-1152,edge-1,3,test,completed,13.0,f2-random-zstd1-chacha-1152,compress-encrypt,1152,none,,14,16.8335202705,13,26,19.0951948097,14.1622886661,14.5683456677,14.6247323963,14.6247323963,33.3665953746,5.4575625605,30.8452092681,20.4330392022,9,9.5
v4-61-f2-random-zstd1-chacha-1152,edge-2,1,test,completed,42.0,f2-random-zstd1-chacha-1152,compress-encrypt,1152,none,,14,61.4178774679,43,26,44.7223027086,35.0445317136,37.2072867457,37.5105413289,37.5105413289,103.719377598,21.7134232267,75.4338227541,51.3980385218,38,38
v4-61-f2-random-zstd1-chacha-1152,edge-2,2,test,completed,42.0,f2-random-zstd1-chacha-1152,compress-encrypt,1152,none,,14,61.4178774679,43,26,44.7223027086,35.0445317136,37.2072867457,37.5105413289,37.5105413289,103.719377598,21.7134232267,75.4338227541,51.3980385218,38,38
v4-61-f2-random-zstd1-chacha-1152,edge-2,3,test,completed,42.0,f2-random-zstd1-chacha-1152,compress-encrypt,1152,none,,14,61.4178774679,43,26,44.7223027086,35.0445317136,37.2072867457,37.5105413289,37.5105413289,103.719377598,21.7134232267,75.4338227541,51.3980385218,38,38
v4-61-f2-random-zstd1-chacha-1152,on-prem,1,test,completed,14.0,f2-random-zstd1-chacha-1152,compress-encrypt,1152,none,,14,17.4962787831,14,26,19.032177249,14.1594366302,13.9535495814,14.2360839303,14.2360839303,13.4356852475,4.71644321478,13.8640106669,17.3148364214,11,11
v4-61-f2-random-zstd1-chacha-1152,on-prem,2,test,completed,13.0,f2-random-zstd1-chacha-1152,compress-encrypt,1152,none,,14,17.4962787831,14,26,19.032177249,14.1594366302,13.9535495814,14.2360839303,14.2360839303,13.4356852475,4.71644321478,13.8640106669,17.3148364214,11,11
v4-61-f2-random-zstd1-chacha-1152,on-prem,3,test,completed,14.0,f2-random-zstd1-chacha-1152,compress-encrypt,1152,none,,14,17.4962787831,14,26,19.032177249,14.1594366302,13.9535495814,14.2360839303,14.2360839303,13.4356852475,4.71644321478,13.8640106669,17.3148364214,11,11
v4-61-f2-random-zstd1-chacha-1152,public-cloud,1,test,completed,12.0,f2-random-zstd1-chacha-1152,compress-encrypt,1152,none,,14,14.2388429209,11,26,16.7307789156,12.3687009413,11.9137716368,11.4093296614,11.4093296614,13.0303598141,2.41158919886,11.1095624799,13.8160625292,11,11
v4-61-f2-random-zstd1-chacha-1152,public-cloud,2,test,completed,11.0,f2-random-zstd1-chacha-1152,compress-encrypt,1152,none,,14,14.2388429209,11,26,16.7307789156,12.3687009413,11.9137716368,11.4093296614,11.4093296614,13.0303598141,2.41158919886,11.1095624799,13.8160625292,11,11
v4-61-f2-random-zstd1-chacha-1152,public-cloud,3,test,completed,12.0,f2-random-zstd1-chacha-1152,compress-encrypt,1152,none,,14,14.2388429209,11,26,16.7307789156,12.3687009413,11.9137716368,11.4093296614,11.4093296614,13.0303598141,2.41158919886,11.1095624799,13.8160625292,11,11
v4-cal3-none,edge-1,1,startup-calibration,completed,6.0,f9-startup-null,startup-calibration,1,none,,26,20.0717473345,23.5,26,28.0418038895,28.3461164492,30.4840061904,31.5452077352,31.5452077352,18.7396722265,31.5606707922,17.0622667839,22.9012090498,4,4.5
v4-cal3-none,edge-2,1,startup-calibration,completed,9.0,f9-startup-null,startup-calibration,1,none,,26,20.0717473345,78.5,26,28.0418499274,28.6914339859,34.9907983479,36.6526564485,36.6526564485,70.6414744129,82.7103738659,54.2120833922,57.4320525286,10,10
v4-cal3-none,on-prem,1,startup-calibration,completed,6.0,f9-startup-null,startup-calibration,1,none,,26,20.0717473345,21,26,28.0417253748,28.3549383203,26.5742617625,27.4747067646,27.4747067646,13.1459789858,25.9449775848,13.8161995957,19.4239226127,5,5
v4-cal3-none,public-cloud,1,startup-calibration,completed,5.0,f9-startup-null,startup-calibration,1,none,,26,20.0717473345,15,26,28.0417174254,28.3638304361,24.6842106067,21.9677469576,21.9677469576,12.6559511953,16.5247528981,11.1547698386,15.5222395417,6,5.5
v4-cal3-r1-moderate,edge-1,1,startup-calibration,completed,5.0,f9-startup-null,startup-calibration,1,r1-moderate,,26,20.0717473345,23.5,26,28.0418038895,28.5340787155,30.7013833683,31.9669933444,31.9669933444,13.1448469936,29.0346399101,14.1685501388,22.9012090498,6,5
v4-cal3-r1-moderate,edge-2,1,startup-calibration,completed,9.0,f9-startup-null,startup-calibration,1,r1-moderate,,26,20.0717473345,78.5,26,28.0418499274,28.8582490096,35.2205376704,37.0306121718,37.0306121718,82.9640815651,81.0987985757,56.5768795221,57.4320525286,9,9.5
v4-cal3-r1-moderate,on-prem,1,startup-calibration,completed,5.0,f9-startup-null,startup-calibration,1,r1-moderate,,26,20.0717473345,21,26,28.0417253748,28.5377655138,26.7615854295,27.5985123133,27.5985123133,13.2030995016,26.070463641,13.6278029903,19.4239226127,6,5.5
v4-cal3-r1-moderate,public-cloud,1,startup-calibration,completed,5.0,f9-startup-null,startup-calibration,1,r1-moderate,,26,20.0717473345,15,26,28.0417174254,28.5325669294,24.8505780791,22.420667595,22.420667595,13.0591563972,18.3743553424,13.5125740502,15.5222395417,5,5.5
v4-cal3-r2-heavy,edge-1,1,startup-calibration,completed,6.0,f9-startup-null,startup-calibration,1,r2-heavy,,26,20.0717473345,23.5,26,28.0418038895,28.7075778594,30.9097113394,32.3639733119,32.3639733119,14.6499401967,27.2476760008,14.7852299252,22.9012090498,5,5.5
v4-cal3-r2-heavy,edge-2,1,startup-calibration,completed,10.0,f9-startup-null,startup-calibration,1,r2-heavy,,26,20.0717473345,78.5,26,28.0418499274,29.0035391577,35.4263445042,37.3657182169,37.3657182169,107.715528948,75.0369003073,73.0440952223,57.4320525286,9,9
v4-cal3-r2-heavy,on-prem,1,startup-calibration,completed,5.0,f9-startup-null,startup-calibration,1,r2-heavy,,26,20.0717473345,21,26,28.0417253748,28.7075015088,26.9414089354,27.9824596769,27.9824596769,13.4545318004,23.5330645214,13.6429467475,19.4239226127,5,5.5
v4-cal3-r2-heavy,public-cloud,1,startup-calibration,completed,6.0,f9-startup-null,startup-calibration,1,r2-heavy,,26,20.0717473345,15,26,28.0417174254,28.7037092181,25.0184563368,22.9865237874,22.9865237874,13.3223968644,19.4028682193,12.4839460444,15.5222395417,5,5
v4-cal3-r3-cpu-pressure,edge-1,1,startup-calibration,completed,4.0,f9-startup-null,startup-calibration,1,r3-cpu-pressure,,26,20.0717473345,23.5,26,28.0418038895,28.8887934435,31.1234825483,32.8204494261,32.8204494261,14.0460694683,28.134868762,14.9522961094,22.9012090498,6,5.5
v4-cal3-r3-cpu-pressure,edge-2,1,startup-calibration,completed,9.0,f9-startup-null,startup-calibration,1,r3-cpu-pressure,,26,20.0717473345,78.5,26,28.0418499274,29.2183181856,35.7034197496,37.836680875,37.836680875,83.8572263115,74.5155660117,59.2898934936,57.4320525286,10,9.5
v4-cal3-r3-cpu-pressure,on-prem,1,startup-calibration,completed,5.0,f9-startup-null,startup-calibration,1,r3-cpu-pressure,,26,20.0717473345,21,26,28.0417253748,28.8796575497,27.122865421,27.2881684899,27.2881684899,13.3077498958,24.3014052598,13.1116344797,19.4239226127,5,5
v4-cal3-r3-cpu-pressure,public-cloud,1,startup-calibration,completed,5.0,f9-startup-null,startup-calibration,1,r3-cpu-pressure,,26,20.0717473345,15,26,28.0417174254,28.888708612,25.195210757,22.9557970867,22.9557970867,13.0197887704,19.5078751606,11.6792805172,15.5222395417,6,5.5
v4-62-f5-sf1-q9-r2,edge-1,1,test,completed,15.0,f5-sf1-q9-r2,duckdb-tpch,1,r1-moderate,,21,19.3829997351,21,26,21.6702327468,18.811426779,19.1830996868,19.3706680245,19.3706680245,17.0745956599,8.13687715732,15.4350665651,19.9533374776,21,22
v4-62-f5-sf1-q9-r2,edge-1,2,test,completed,20.0,f5-sf1-q9-r2,duckdb-tpch,1,r1-moderate,,21,19.3829997351,21,26,21.6702327468,18.811426779,19.1830996868,19.3706680245,19.3706680245,17.0745956599,8.13687715732,15.4350665651,19.9533374776,21,22
v4-62-f5-sf1-q9-r2,edge-2,1,test,completed,47.0,f5-sf1-q9-r2,duckdb-tpch,1,r1-moderate,,21,47.2020562163,48.5,26,43.6299270926,41.1382526782,42.7029678672,43.1466663626,43.1466663626,82.574749668,38.4681947686,57.5758231221,50.2252963268,55,54.5
v4-62-f5-sf1-q9-r2,edge-2,2,test,completed,36.0,f5-sf1-q9-r2,duckdb-tpch,1,r1-moderate,,21,47.2020562163,48.5,26,43.6299270926,41.1382526782,42.7029678672,43.1466663626,43.1466663626,82.574749668,38.4681947686,57.5758231221,50.2252963268,55,54.5
v4-62-f5-sf1-q9-r2,on-prem,1,test,completed,11.0,f5-sf1-q9-r2,duckdb-tpch,1,none,,21,15.0996688705,19,26,19.9595400731,17.2941630323,17.0522212183,17.1166483692,17.1166483692,14.61909555,7.60857200248,14.1819369599,16.9049244844,12,14
v4-62-f5-sf1-q9-r2,on-prem,2,test,completed,17.0,f5-sf1-q9-r2,duckdb-tpch,1,none,,21,15.0996688705,19,26,19.9595400731,17.2941630323,17.0522212183,17.1166483692,17.1166483692,14.61909555,7.60857200248,14.1819369599,16.9049244844,12,14
v4-62-f5-sf1-q9-r2,public-cloud,1,test,completed,13.0,f5-sf1-q9-r2,duckdb-tpch,1,r3-cpu-pressure,,21,13.8564064606,16,26,16.8406789699,14.4145789145,13.970298523,13.6970619563,13.6970619563,13.7003391332,5.09786480894,11.3621734859,13.4844580993,12,14
v4-62-f5-sf1-q9-r2,public-cloud,2,test,completed,17.0,f5-sf1-q9-r2,duckdb-tpch,1,r3-cpu-pressure,,21,13.8564064606,16,26,16.8406789699,14.4145789145,13.970298523,13.6970619563,13.6970619563,13.7003391332,5.09786480894,11.3621734859,13.4844580993,12,14
v4-63-f1-x265-720p-testsrc2-med-1500,edge-1,1,test,completed,112.0,f1-x265-720p-testsrc2-med-1500,video-transcode,1500,none,,41.5,42.8593941215,33.5,26,40.4493306888,34.3686552534,34.672958323,34.7361956417,34.7361956417,28.2757794044,17.5052119844,30.0885350622,48.1464624891,72,73
v4-63-f1-x265-720p-testsrc2-med-1500,edge-1,2,test,completed,116.0,f1-x265-720p-testsrc2-med-1500,video-transcode,1500,none,,41.5,42.8593941215,33.5,26,40.4493306888,34.3686552534,34.672958323,34.7361956417,34.7361956417,28.2757794044,17.5052119844,30.0885350622,48.1464624891,72,73
v4-63-f1-x265-720p-testsrc2-med-1500,edge-2,1,test,completed,255.0,f1-x265-720p-testsrc2-med-1500,video-transcode,1500,none,,41.5,116.861469535,87,26,88.0052736901,79.7538197272,81.5208392842,81.4395770266,81.4395770266,86.5028294348,47.3702325875,71.4464308903,119.149933494,197,195
v4-63-f1-x265-720p-testsrc2-med-1500,edge-2,2,test,completed,255.0,f1-x265-720p-testsrc2-med-1500,video-transcode,1500,none,,41.5,116.861469535,87,26,88.0052736901,79.7538197272,81.5208392842,81.4395770266,81.4395770266,86.5028294348,47.3702325875,71.4464308903,119.149933494,197,195
v4-63-f1-x265-720p-testsrc2-med-1500,on-prem,1,test,completed,94.0,f1-x265-720p-testsrc2-med-1500,video-transcode,1500,r2-heavy,,41.5,37.4588339133,29,26,36.4031540147,30.8853002112,30.1912849814,30.1243853432,30.1243853432,25.9555594673,13.3773142678,30.7552062511,40.9963502464,71,70.5
v4-63-f1-x265-720p-testsrc2-med-1500,on-prem,2,test,completed,95.0,f1-x265-720p-testsrc2-med-1500,video-transcode,1500,r2-heavy,,41.5,37.4588339133,29,26,36.4031540147,30.8853002112,30.1912849814,30.1243853432,30.1243853432,25.9555594673,13.3773142678,30.7552062511,40.9963502464,71,70.5
v4-63-f1-x265-720p-testsrc2-med-1500,public-cloud,1,test,completed,53.0,f1-x265-720p-testsrc2-med-1500,video-transcode,1500,r1-moderate,,41.5,31.8625717519,29,26,32.0631046487,26.88936489,25.9193790597,25.7448508454,25.7448508454,24.0305348775,12.5245146999,23.5375444817,32.973579503,49,49
v4-63-f1-x265-720p-testsrc2-med-1500,public-cloud,2,test,completed,54.0,f1-x265-720p-testsrc2-med-1500,video-transcode,1500,r1-moderate,,41.5,31.8625717519,29,26,32.0631046487,26.88936489,25.9193790597,25.7448508454,25.7448508454,24.0305348775,12.5245146999,23.5375444817,32.973579503,49,49
v4-64-f1-x265-720p-testsrc2-med-400,edge-1,1,test,completed,29.0,f1-x265-720p-testsrc2-med-400,video-transcode,400,none,,41.5,84.187082322,33.5,26,41.895890241,34.942233371,35.3227788101,35.4797649877,35.4797649877,49.6562162329,32.8318450358,53.544454415,98.5286506397,116,114
v4-64-f1-x265-720p-testsrc2-med-400,edge-1,2,test,completed,33.0,f1-x265-720p-testsrc2-med-400,video-transcode,400,none,,41.5,84.187082322,33.5,26,41.895890241,34.942233371,35.3227788101,35.4797649877,35.4797649877,49.6562162329,32.8318450358,53.544454415,98.5286506397,116,114
v4-64-f1-x265-720p-testsrc2-med-400,edge-2,1,test,completed,74.0,f1-x265-720p-testsrc2-med-400,video-transcode,400,none,,41.5,158.602942652,87,26,79.8956124431,73.2570796065,75.6808251485,75.9698716605,75.9698716605,77.4188322196,96.7683335986,67.7907362251,242.320885156,255,255
v4-64-f1-x265-720p-testsrc2-med-400,edge-2,2,test,completed,75.0,f1-x265-720p-testsrc2-med-400,video-transcode,400,none,,41.5,158.602942652,87,26,79.8956124431,73.2570796065,75.6808251485,75.9698716605,75.9698716605,77.4188322196,96.7683335986,67.7907362251,242.320885156,255,255
v4-64-f1-x265-720p-testsrc2-med-400,on-prem,1,test,completed,27.0,f1-x265-720p-testsrc2-med-400,video-transcode,400,none,,41.5,68.6082509877,29,26,38.3290484598,31.6135024334,30.5418648908,31.184562973,31.184562973,50.8761596997,27.403475591,61.933366516,84.0486456222,95,94.5
v4-64-f1-x265-720p-testsrc2-med-400,on-prem,2,test,completed,26.0,f1-x265-720p-testsrc2-med-400,video-transcode,400,none,,41.5,68.6082509877,29,26,38.3290484598,31.6135024334,30.5418648908,31.184562973,31.184562973,50.8761596997,27.403475591,61.933366516,84.0486456222,95,94.5
v4-64-f1-x265-720p-testsrc2-med-400,public-cloud,1,test,completed,16.0,f1-x265-720p-testsrc2-med-400,video-transcode,400,none,,41.5,63.3650012334,29,26,34.5209699885,27.7952833724,26.331128557,25.2613793616,25.2613793616,45.1547541918,20.6602630178,43.4973000581,67.8013817086,54,53.5
v4-64-f1-x265-720p-testsrc2-med-400,public-cloud,2,test,completed,18.0,f1-x265-720p-testsrc2-med-400,video-transcode,400,none,,41.5,63.3650012334,29,26,34.5209699885,27.7952833724,26.331128557,25.2613793616,25.2613793616,45.1547541918,20.6602630178,43.4973000581,67.8013817086,54,53.5
v4-65-f3-mnv2-int8-224-1500,edge-1,1,test,completed,17.0,f3-mnv2-int8-224-1500,onnx-inference-int8,1500,none,,26,23.6841224984,17,26,22.4515132642,17.4176972959,17.8567190967,17.9456113992,17.9456113992,27.917249285,8.52432871531,37.1727727824,27.2746585085,17,16.5
v4-65-f3-mnv2-int8-224-1500,edge-1,2,test,completed,17.0,f3-mnv2-int8-224-1500,onnx-inference-int8,1500,none,,26,23.6841224984,17,26,22.4515132642,17.4176972959,17.8567190967,17.9456113992,17.9456113992,27.917249285,8.52432871531,37.1727727824,27.2746585085,17,16.5
v4-65-f3-mnv2-int8-224-1500,edge-1,3,test,completed,16.0,f3-mnv2-int8-224-1500,onnx-inference-int8,1500,none,,26,23.6841224984,17,26,22.4515132642,17.4176972959,17.8567190967,17.9456113992,17.9456113992,27.917249285,8.52432871531,37.1727727824,27.2746585085,17,16.5
v4-65-f3-mnv2-int8-224-1500,edge-2,1,test,completed,66.0,f3-mnv2-int8-224-1500,onnx-inference-int8,1500,none,,26,81.4873853038,83,26,62.2446779314,55.033829117,56.7454018715,56.8123921004,56.8123921004,109.007812539,34.7614426661,70.7563483191,68.1239647233,119,119.5
v4-65-f3-mnv2-int8-224-1500,edge-2,2,test,completed,66.0,f3-mnv2-int8-224-1500,onnx-inference-int8,1500,none,,26,81.4873853038,83,26,62.2446779314,55.033829117,56.7454018715,56.8123921004,56.8123921004,109.007812539,34.7614426661,70.7563483191,68.1239647233,119,119.5
v4-65-f3-mnv2-int8-224-1500,edge-2,3,test,completed,67.0,f3-mnv2-int8-224-1500,onnx-inference-int8,1500,none,,26,81.4873853038,83,26,62.2446779314,55.033829117,56.7454018715,56.8123921004,56.8123921004,109.007812539,34.7614426661,70.7563483191,68.1239647233,119,119.5
v4-65-f3-mnv2-int8-224-1500,on-prem,1,test,completed,28.0,f3-mnv2-int8-224-1500,onnx-inference-int8,1500,none,,26,32.2673657568,29,26,30.2821460328,24.661922022,24.3238353318,24.9890856509,24.9890856509,21.2262271193,8.49341941276,25.809872561,23.1610972933,50,49.5
v4-65-f3-mnv2-int8-224-1500,on-prem,2,test,completed,28.0,f3-mnv2-int8-224-1500,onnx-inference-int8,1500,none,,26,32.2673657568,29,26,30.2821460328,24.661922022,24.3238353318,24.9890856509,24.9890856509,21.2262271193,8.49341941276,25.809872561,23.1610972933,50,49.5
v4-65-f3-mnv2-int8-224-1500,on-prem,3,test,completed,29.0,f3-mnv2-int8-224-1500,onnx-inference-int8,1500,none,,26,32.2673657568,29,26,30.2821460328,24.661922022,24.3238353318,24.9890856509,24.9890856509,21.2262271193,8.49341941276,25.809872561,23.1610972933,50,49.5
v4-65-f3-mnv2-int8-224-1500,public-cloud,1,test,completed,14.0,f3-mnv2-int8-224-1500,onnx-inference-int8,1500,none,,26,16.4697778689,13,26,17.8414983797,13.8169119028,13.4862843883,13.0826800587,13.0826800587,16.1036649611,4.46275793464,16.245028994,18.5454832375,17,16.5
v4-65-f3-mnv2-int8-224-1500,public-cloud,2,test,completed,12.0,f3-mnv2-int8-224-1500,onnx-inference-int8,1500,none,,26,16.4697778689,13,26,17.8414983797,13.8169119028,13.4862843883,13.0826800587,13.0826800587,16.1036649611,4.46275793464,16.245028994,18.5454832375,17,16.5
v4-65-f3-mnv2-int8-224-1500,public-cloud,3,test,completed,13.0,f3-mnv2-int8-224-1500,onnx-inference-int8,1500,none,,26,16.4697778689,13,26,17.8414983797,13.8169119028,13.4862843883,13.0826800587,13.0826800587,16.1036649611,4.46275793464,16.245028994,18.5454832375,17,16.5
v4-66-f4-tc-kron-20-n1,edge-1,1,test,completed,19.0,f4-tc-kron-20-n1,graph-kernel,20,r1-moderate,,17,2.79432479336,17,26,25.936746207,21.5654288137,22.1648417518,22.8957099064,22.8957099064,27.4416446559,7.34285989633,27.9011282546,6.11479588911,18,17.5
v4-66-f4-tc-kron-20-n1,edge-1,2,test,completed,20.0,f4-tc-kron-20-n1,graph-kernel,20,r1-moderate,,17,2.79432479336,17,26,25.936746207,21.5654288137,22.1648417518,22.8957099064,22.8957099064,27.4416446559,7.34285989633,27.9011282546,6.11479588911,18,17.5
v4-66-f4-tc-kron-20-n1,edge-2,1,test,completed,39.0,f4-tc-kron-20-n1,graph-kernel,20,none,,17,7.55574384609,36,26,40.0812942927,34.3065066243,37.020530354,37.6258091622,37.6258091622,61.3704963115,22.3199114057,35.5478398663,16.3937697569,50,49.5
v4-66-f4-tc-kron-20-n1,edge-2,2,test,completed,39.0,f4-tc-kron-20-n1,graph-kernel,20,none,,17,7.55574384609,36,26,40.0812942927,34.3065066243,37.020530354,37.6258091622,37.6258091622,61.3704963115,22.3199114057,35.5478398663,16.3937697569,50,49.5
v4-66-f4-tc-kron-20-n1,on-prem,1,test,completed,15.0,f4-tc-kron-20-n1,graph-kernel,20,none,,17,5.99248885676,13.5,26,18.6895492691,15.4536184912,14.9534068943,15.0049669526,15.0049669526,13.1606773747,5.96571919719,12.5117410812,5.07969414192,14,14.5
v4-66-f4-tc-kron-20-n1,on-prem,2,test,completed,14.0,f4-tc-kron-20-n1,graph-kernel,20,none,,17,5.99248885676,13.5,26,18.6895492691,15.4536184912,14.9534068943,15.0049669526,15.0049669526,13.1606773747,5.96571919719,12.5117410812,5.07969414192,14,14.5
v4-66-f4-tc-kron-20-n1,public-cloud,1,test,completed,17.0,f4-tc-kron-20-n1,graph-kernel,20,r2-heavy,,17,8.02442682335,13,26,16.8746103708,13.8943595589,13.0122188225,12.8144067449,12.8144067449,13.3907915856,3.9881383993,13.0103554873,3.9182600648,10,9.5
v4-66-f4-tc-kron-20-n1,public-cloud,2,test,completed,16.0,f4-tc-kron-20-n1,graph-kernel,20,r2-heavy,,17,8.02442682335,13,26,16.8746103708,13.8943595589,13.0122188225,12.8144067449,12.8144067449,13.3907915856,3.9881383993,13.0103554873,3.9182600648,10,9.5
v4-67-f3-mnv2-fp32-224-1500,edge-1,1,test,completed,58.0,f3-mnv2-fp32-224-1500,onnx-inference-fp32,1500,r2-heavy,,29,47.6354074647,40,26,37.4697138802,32.1625345608,32.678806563,33.3870599569,33.3870599569,44.4716150323,13.3760952863,56.980445122,33.3488260264,32,32.5
v4-67-f3-mnv2-fp32-224-1500,edge-1,2,test,completed,58.0,f3-mnv2-fp32-224-1500,onnx-inference-fp32,1500,r2-heavy,,29,47.6354074647,40,26,37.4697138802,32.1625345608,32.678806563,33.3870599569,33.3870599569,44.4716150323,13.3760952863,56.980445122,33.3488260264,32,32.5
v4-67-f3-mnv2-fp32-224-1500,edge-2,1,test,completed,123.0,f3-mnv2-fp32-224-1500,onnx-inference-fp32,1500,none,,29,153.078834974,133,26,93.5395930612,93.8140207444,96.2131882194,96.0794779595,96.0794779595,95.9466797635,97.8934704622,81.9384237311,82.9736769169,104,105
v4-67-f3-mnv2-fp32-224-1500,edge-2,2,test,completed,123.0,f3-mnv2-fp32-224-1500,onnx-inference-fp32,1500,none,,29,153.078834974,133,26,93.5395930612,93.8140207444,96.2131882194,96.0794779595,96.0794779595,95.9466797635,97.8934704622,81.9384237311,82.9736769169,104,105
v4-67-f3-mnv2-fp32-224-1500,on-prem,1,test,completed,19.0,f3-mnv2-fp32-224-1500,onnx-inference-fp32,1500,none,,29,23.7491534343,20,26,24.6856630276,20.5300596055,20.2669027524,20.3003655679,20.3003655679,19.8448244757,11.2144901537,23.0199903181,28.3515597115,21,20.5
v4-67-f3-mnv2-fp32-224-1500,on-prem,2,test,completed,20.0,f3-mnv2-fp32-224-1500,onnx-inference-fp32,1500,none,,29,23.7491534343,20,26,24.6856630276,20.5300596055,20.2669027524,20.3003655679,20.3003655679,19.8448244757,11.2144901537,23.0199903181,28.3515597115,21,20.5
v4-67-f3-mnv2-fp32-224-1500,public-cloud,1,test,completed,19.0,f3-mnv2-fp32-224-1500,onnx-inference-fp32,1500,r2-heavy,,29,18.7125601656,14,26,19.3656032557,15.8942023928,15.4372771944,15.4023555923,15.4023555923,16.5667793159,7.4884671179,19.8792659963,22.7443859179,17,17
v4-67-f3-mnv2-fp32-224-1500,public-cloud,2,test,completed,29.0,f3-mnv2-fp32-224-1500,onnx-inference-fp32,1500,r2-heavy,,29,18.7125601656,14,26,19.3656032557,15.8942023928,15.4372771944,15.4023555923,15.4023555923,16.5667793159,7.4884671179,19.8792659963,22.7443859179,17,17
v4-68-f3-mnv2-int8-224-2000,edge-1,1,test,completed,19.0,f3-mnv2-int8-224-2000,onnx-inference-int8,2000,none,,26,26.6216831835,17,26,23.6608452151,17.7864848654,18.1752671002,18.1156103988,18.1156103988,37.9832011532,8.65997934116,40.7615189819,32.6128491593,16,16.5
v4-68-f3-mnv2-int8-224-2000,edge-1,2,test,completed,19.0,f3-mnv2-int8-224-2000,onnx-inference-int8,2000,none,,26,26.6216831835,17,26,23.6608452151,17.7864848654,18.1752671002,18.1156103988,18.1156103988,37.9832011532,8.65997934116,40.7615189819,32.6128491593,16,16.5
v4-68-f3-mnv2-int8-224-2000,edge-1,3,test,completed,20.0,f3-mnv2-int8-224-2000,onnx-inference-int8,2000,none,,26,26.6216831835,17,26,23.6608452151,17.7864848654,18.1752671002,18.1156103988,18.1156103988,37.9832011532,8.65997934116,40.7615189819,32.6128491593,16,16.5
v4-68-f3-mnv2-int8-224-2000,edge-2,1,test,completed,87.0,f3-mnv2-int8-224-2000,onnx-inference-int8,2000,r3-cpu-pressure,,26,86.7451183752,83,26,68.0822868737,57.5508107628,59.2285006648,60.5657971294,60.5657971294,120.432834998,35.4989259753,91.1726126851,81.1744106594,67,66.5
v4-68-f3-mnv2-int8-224-2000,edge-2,2,test,completed,89.0,f3-mnv2-int8-224-2000,onnx-inference-int8,2000,r3-cpu-pressure,,26,86.7451183752,83,26,68.0822868737,57.5508107628,59.2285006648,60.5657971294,60.5657971294,120.432834998,35.4989259753,91.1726126851,81.1744106594,67,66.5
v4-68-f3-mnv2-int8-224-2000,edge-2,3,test,completed,88.0,f3-mnv2-int8-224-2000,onnx-inference-int8,2000,r3-cpu-pressure,,26,86.7451183752,83,26,68.0822868737,57.5508107628,59.2285006648,60.5657971294,60.5657971294,120.432834998,35.4989259753,91.1726126851,81.1744106594,67,66.5
v4-68-f3-mnv2-int8-224-2000,on-prem,1,test,completed,37.0,f3-mnv2-int8-224-2000,onnx-inference-int8,2000,none,,26,33.0292151919,29,26,31.4976974391,24.3597061347,24.1410182284,24.2416229798,24.2416229798,21.3381452426,8.38840495389,29.0001660636,27.7226570252,29,28.5
v4-68-f3-mnv2-int8-224-2000,on-prem,2,test,completed,37.0,f3-mnv2-int8-224-2000,onnx-inference-int8,2000,none,,26,33.0292151919,29,26,31.4976974391,24.3597061347,24.1410182284,24.2416229798,24.2416229798,21.3381452426,8.38840495389,29.0001660636,27.7226570252,29,28.5
v4-68-f3-mnv2-int8-224-2000,on-prem,3,test,completed,36.0,f3-mnv2-int8-224-2000,onnx-inference-int8,2000,none,,26,33.0292151919,29,26,31.4976974391,24.3597061347,24.1410182284,24.2416229798,24.2416229798,21.3381452426,8.38840495389,29.0001660636,27.7226570252,29,28.5
v4-68-f3-mnv2-int8-224-2000,public-cloud,1,test,completed,22.0,f3-mnv2-int8-224-2000,onnx-inference-int8,2000,r2-heavy,,26,17.2568704372,13,26,18.170633692,13.71707453,13.4737735464,12.8333120771,12.8333120771,15.9014625139,4.39250779824,17.8944645739,22.235625626,13,12.5
v4-68-f3-mnv2-int8-224-2000,public-cloud,2,test,completed,22.0,f3-mnv2-int8-224-2000,onnx-inference-int8,2000,r2-heavy,,26,17.2568704372,13,26,18.170633692,13.71707453,13.4737735464,12.8333120771,12.8333120771,15.9014625139,4.39250779824,17.8944645739,22.235625626,13,12.5
v4-68-f3-mnv2-int8-224-2000,public-cloud,3,test,completed,22.0,f3-mnv2-int8-224-2000,onnx-inference-int8,2000,r2-heavy,,26,17.2568704372,13,26,18.170633692,13.71707453,13.4737735464,12.8333120771,12.8333120771,15.9014625139,4.39250779824,17.8944645739,22.235625626,13,12.5
v4-69-f0-cpu-45k,edge-1,1,test,completed,82.0,f0-cpu-45k,stress-ng-cpu,45000,none,,51,81.4984662432,81.5,26,55.3828349914,62.4455401686,63.4618960074,63.7047219686,63.7047219686,26.7976588895,61.7822490613,42.7333401001,42.6451571105,82,82
v4-69-f0-cpu-45k,edge-1,2,test,completed,81.0,f0-cpu-45k,stress-ng-cpu,45000,none,,51,81.4984662432,81.5,26,55.3828349914,62.4455401686,63.4618960074,63.7047219686,63.7047219686,26.7976588895,61.7822490613,42.7333401001,42.6451571105,82,82
v4-69-f0-cpu-45k,edge-2,1,test,completed,149.0,f0-cpu-45k,stress-ng-cpu,45000,none,,51,155.740168229,156,26,83.0213690026,104.71406442,109.45832234,107.788836947,107.788836947,96.5731726045,260.110150624,98.5323722677,105.70071575,165,165
v4-69-f0-cpu-45k,edge-2,2,test,completed,148.0,f0-cpu-45k,stress-ng-cpu,45000,none,,51,155.740168229,156,26,83.0213690026,104.71406442,109.45832234,107.788836947,107.788836947,96.5731726045,260.110150624,98.5323722677,105.70071575,165,165
v4-69-f0-cpu-45k,on-prem,1,test,completed,21.0,f0-cpu-45k,stress-ng-cpu,45000,none,,51,20.4939015319,20.5,26,23.5912918604,24.1214087804,23.6501906415,24.0266066123,24.0266066123,19.9187679454,28.0754344225,26.868459764,36.2954066628,21,21
v4-69-f0-cpu-45k,on-prem,2,test,completed,21.0,f0-cpu-45k,stress-ng-cpu,45000,none,,51,20.4939015319,20.5,26,23.5912918604,24.1214087804,23.6501906415,24.0266066123,24.0266066123,19.9187679454,28.0754344225,26.868459764,36.2954066628,21,21
v4-69-f0-cpu-45k,public-cloud,1,test,completed,17.0,f0-cpu-45k,stress-ng-cpu,45000,none,,51,18,18,26,21.9512016853,22.3838012882,21.3415928641,20.5655153982,20.5655153982,17.8737183323,21.8762497565,19.0772923621,29.1706804502,20,20
v4-69-f0-cpu-45k,public-cloud,2,test,completed,18.0,f0-cpu-45k,stress-ng-cpu,45000,none,,51,18,18,26,21.9512016853,22.3838012882,21.3415928641,20.5655153982,20.5655153982,17.8737183323,21.8762497565,19.0772923621,29.1706804502,20,20
v4-70-f2-random-zstd1-chacha-768,edge-1,1,test,completed,10.0,f2-random-zstd1-chacha-768,compress-encrypt,768,none,,14,12.6158157502,13,26,17.6041194137,12.7818946782,13.2213675361,13.3907571851,13.3907571851,13.157300812,3.40651589285,10.9245359006,14.4096233461,13,13
v4-70-f2-random-zstd1-chacha-768,edge-1,2,test,completed,10.0,f2-random-zstd1-chacha-768,compress-encrypt,768,none,,14,12.6158157502,13,26,17.6041194137,12.7818946782,13.2213675361,13.3907571851,13.3907571851,13.157300812,3.40651589285,10.9245359006,14.4096233461,13,13
v4-70-f2-random-zstd1-chacha-768,edge-1,3,test,completed,11.0,f2-random-zstd1-chacha-768,compress-encrypt,768,none,,14,12.6158157502,13,26,17.6041194137,12.7818946782,13.2213675361,13.3907571851,13.3907571851,13.157300812,3.40651589285,10.9245359006,14.4096233461,13,13
v4-70-f2-random-zstd1-chacha-768,edge-2,1,test,completed,31.0,f2-random-zstd1-chacha-768,compress-encrypt,768,none,,14,38.4180267295,43,26,36.4479470973,27.8060113453,30.0798664979,30.5985175849,30.5985175849,90.2644093408,13.2761287936,60.2817067463,36.6724005438,42,42
v4-70-f2-random-zstd1-chacha-768,edge-2,2,test,completed,31.0,f2-random-zstd1-chacha-768,compress-encrypt,768,none,,14,38.4180267295,43,26,36.4479470973,27.8060113453,30.0798664979,30.5985175849,30.5985175849,90.2644093408,13.2761287936,60.2817067463,36.6724005438,42,42
v4-70-f2-random-zstd1-chacha-768,edge-2,3,test,completed,33.0,f2-random-zstd1-chacha-768,compress-encrypt,768,none,,14,38.4180267295,43,26,36.4479470973,27.8060113453,30.0798664979,30.5985175849,30.5985175849,90.2644093408,13.2761287936,60.2817067463,36.6724005438,42,42
v4-70-f2-random-zstd1-chacha-768,on-prem,1,test,completed,10.0,f2-random-zstd1-chacha-768,compress-encrypt,768,none,,14,11.8863811372,14,26,17.5440799366,12.7534317542,12.4526780882,12.4526640468,12.4526640468,12.2110372743,2.38864542961,11.281830973,12.1677420191,14,13.5
v4-70-f2-random-zstd1-chacha-768,on-prem,2,test,completed,10.0,f2-random-zstd1-chacha-768,compress-encrypt,768,none,,14,11.8863811372,14,26,17.5440799366,12.7534317542,12.4526780882,12.4526640468,12.4526640468,12.2110372743,2.38864542961,11.281830973,12.1677420191,14,13.5
v4-70-f2-random-zstd1-chacha-768,on-prem,3,test,completed,11.0,f2-random-zstd1-chacha-768,compress-encrypt,768,none,,14,11.8863811372,14,26,17.5440799366,12.7534317542,12.4526780882,12.4526640468,12.4526640468,12.2110372743,2.38864542961,11.281830973,12.1677420191,14,13.5
v4-70-f2-random-zstd1-chacha-768,public-cloud,1,test,completed,11.0,f2-random-zstd1-chacha-768,compress-encrypt,768,r2-heavy,,14,10.1174119999,11,26,15.7188575693,11.3786241072,10.7699641709,10.5213855757,10.5213855757,12.1688435692,1.85889433281,10.84869575,9.6522430577,12,11.5
v4-70-f2-random-zstd1-chacha-768,public-cloud,2,test,completed,12.0,f2-random-zstd1-chacha-768,compress-encrypt,768,r2-heavy,,14,10.1174119999,11,26,15.7188575693,11.3786241072,10.7699641709,10.5213855757,10.5213855757,12.1688435692,1.85889433281,10.84869575,9.6522430577,12,11.5
v4-70-f2-random-zstd1-chacha-768,public-cloud,3,test,completed,10.0,f2-random-zstd1-chacha-768,compress-encrypt,768,r2-heavy,,14,10.1174119999,11,26,15.7188575693,11.3786241072,10.7699641709,10.5213855757,10.5213855757,12.1688435692,1.85889433281,10.84869575,9.6522430577,12,11.5
