history_budget,origin_id,candidate_cluster,repetition,split,point_id,family,primary_size,declared_state_regime,outcome_status,execution_runtime_seconds,prior_count_family_target,selected_learned_model,global-median,family-median,family-target-median,family-target-log-log-size,rank1-target-speed-factor,recency-last,recency-last-two-mean
0,v4-cal1-none,edge-1,1,startup-calibration,f9-startup-null,startup-calibration,1,none,completed,5.0,0,30.6581157884,26,26,23.5,20.0717473345,22.9012090498,26,26
0,v4-cal1-none,edge-2,1,startup-calibration,f9-startup-null,startup-calibration,1,none,completed,9.0,0,35.3069080081,26,26,78.5,20.0717473345,57.4320525286,26,26
0,v4-cal1-none,on-prem,1,startup-calibration,f9-startup-null,startup-calibration,1,none,completed,5.0,0,26.5242960703,26,26,21,20.0717473345,19.4239226127,26,26
0,v4-cal1-none,public-cloud,1,startup-calibration,f9-startup-null,startup-calibration,1,none,completed,4.0,0,21.371971043,26,26,15,20.0717473345,15.5222395417,26,26
0,v4-cal1-r1-moderate,edge-1,1,startup-calibration,f9-startup-null,startup-calibration,1,r1-moderate,completed,6.0,0,30.9239482698,26,26,23.5,20.0717473345,22.9012090498,26,26
0,v4-cal1-r1-moderate,edge-2,1,startup-calibration,f9-startup-null,startup-calibration,1,r1-moderate,completed,9.0,0,35.6022925886,26,26,78.5,20.0717473345,57.4320525286,26,26
0,v4-cal1-r1-moderate,on-prem,1,startup-calibration,f9-startup-null,startup-calibration,1,r1-moderate,completed,5.0,0,25.985605933,26,26,21,20.0717473345,19.4239226127,26,26
0,v4-cal1-r1-moderate,public-cloud,1,startup-calibration,f9-startup-null,startup-calibration,1,r1-moderate,completed,5.0,0,19.9727300757,26,26,15,20.0717473345,15.5222395417,26,26
0,v4-cal1-r2-heavy,edge-1,1,startup-calibration,f9-startup-null,startup-calibration,1,r2-heavy,completed,6.0,0,31.0632135273,26,26,23.5,20.0717473345,22.9012090498,26,26
0,v4-cal1-r2-heavy,edge-2,1,startup-calibration,f9-startup-null,startup-calibration,1,r2-heavy,completed,10.0,0,35.9564362657,26,26,78.5,20.0717473345,57.4320525286,26,26
0,v4-cal1-r2-heavy,on-prem,1,startup-calibration,f9-startup-null,startup-calibration,1,r2-heavy,completed,6.0,0,26.5183725178,26,26,21,20.0717473345,19.4239226127,26,26
0,v4-cal1-r2-heavy,public-cloud,1,startup-calibration,f9-startup-null,startup-calibration,1,r2-heavy,completed,5.0,0,22.6620101719,26,26,15,20.0717473345,15.5222395417,26,26
0,v4-cal1-r3-cpu-pressure,edge-1,1,startup-calibration,f9-startup-null,startup-calibration,1,r3-cpu-pressure,completed,5.0,0,31.251144699,26,26,23.5,20.0717473345,22.9012090498,26,26
0,v4-cal1-r3-cpu-pressure,edge-2,1,startup-calibration,f9-startup-null,startup-calibration,1,r3-cpu-pressure,completed,8.0,0,36.3552690537,26,26,78.5,20.0717473345,57.4320525286,26,26
0,v4-cal1-r3-cpu-pressure,on-prem,1,startup-calibration,f9-startup-null,startup-calibration,1,r3-cpu-pressure,completed,5.0,0,26.1253045817,26,26,21,20.0717473345,19.4239226127,26,26
0,v4-cal1-r3-cpu-pressure,public-cloud,1,startup-calibration,f9-startup-null,startup-calibration,1,r3-cpu-pressure,completed,5.0,0,22.043403249,26,26,15,20.0717473345,15.5222395417,26,26
0,v4-01-f2-mixed-zstd1-aes-1024,edge-1,1,train,f2-mixed-zstd1-aes-1024,compress-encrypt,1024,none,completed,30.0,0,19.0487701262,26,14,13,15.4806233545,18.5645038157,13,13
0,v4-01-f2-mixed-zstd1-aes-1024,edge-1,2,train,f2-mixed-zstd1-aes-1024,compress-encrypt,1024,none,completed,30.0,0,19.0487701262,26,14,13,15.4806233545,18.5645038157,13,13
0,v4-01-f2-mixed-zstd1-aes-1024,edge-1,3,train,f2-mixed-zstd1-aes-1024,compress-encrypt,1024,none,completed,30.0,0,19.0487701262,26,14,13,15.4806233545,18.5645038157,13,13
0,v4-01-f2-mixed-zstd1-aes-1024,edge-2,1,train,f2-mixed-zstd1-aes-1024,compress-encrypt,1024,r1-moderate,completed,111.0,0,45.5410951043,26,14,43,53.5926086646,46.829970119,43,43
0,v4-01-f2-mixed-zstd1-aes-1024,edge-2,2,train,f2-mixed-zstd1-aes-1024,compress-encrypt,1024,r1-moderate,completed,111.0,0,45.5410951043,26,14,43,53.5926086646,46.829970119,43,43
0,v4-01-f2-mixed-zstd1-aes-1024,edge-2,3,train,f2-mixed-zstd1-aes-1024,compress-encrypt,1024,r1-moderate,completed,111.0,0,45.5410951043,26,14,43,53.5926086646,46.829970119,43,43
0,v4-01-f2-mixed-zstd1-aes-1024,on-prem,1,train,f2-mixed-zstd1-aes-1024,compress-encrypt,1024,r1-moderate,completed,27.0,0,18.4046059037,26,14,14,15.6377327498,15.7181463941,14,14
0,v4-01-f2-mixed-zstd1-aes-1024,on-prem,2,train,f2-mixed-zstd1-aes-1024,compress-encrypt,1024,r1-moderate,completed,27.0,0,18.4046059037,26,14,14,15.6377327498,15.7181463941,14,14
0,v4-01-f2-mixed-zstd1-aes-1024,on-prem,3,train,f2-mixed-zstd1-aes-1024,compress-encrypt,1024,r1-moderate,completed,26.0,0,18.4046059037,26,14,14,15.6377327498,15.7181463941,14,14
0,v4-01-f2-mixed-zstd1-aes-1024,public-cloud,1,train,f2-mixed-zstd1-aes-1024,compress-encrypt,1024,r1-moderate,completed,23.0,0,15.0868802863,26,14,11,12.8933165602,12.5243961042,11,11
0,v4-01-f2-mixed-zstd1-aes-1024,public-cloud,2,train,f2-mixed-zstd1-aes-1024,compress-encrypt,1024,r1-moderate,completed,23.0,0,15.0868802863,26,14,11,12.8933165602,12.5243961042,11,11
0,v4-01-f2-mixed-zstd1-aes-1024,public-cloud,3,train,f2-mixed-zstd1-aes-1024,compress-encrypt,1024,r1-moderate,completed,22.0,0,15.0868802863,26,14,11,12.8933165602,12.5243961042,11,11
0,v4-02-f3-mnv2-fp32-224-1500,edge-1,1,train,f3-mnv2-fp32-224-1500,onnx-inference-fp32,1500,none,completed,40.0,0,38.1332930715,26,29,40,47.6354074647,33.3488260264,40,40
0,v4-02-f3-mnv2-fp32-224-1500,edge-1,2,train,f3-mnv2-fp32-224-1500,onnx-inference-fp32,1500,none,completed,40.0,0,38.1332930715,26,29,40,47.6354074647,33.3488260264,40,40
0,v4-02-f3-mnv2-fp32-224-1500,edge-2,1,train,f3-mnv2-fp32-224-1500,onnx-inference-fp32,1500,r1-moderate,completed,134.0,0,98.9532589711,26,29,133,153.078834974,82.9736769169,133,133
0,v4-02-f3-mnv2-fp32-224-1500,edge-2,2,train,f3-mnv2-fp32-224-1500,onnx-inference-fp32,1500,r1-moderate,completed,132.0,0,98.9532589711,26,29,133,153.078834974,82.9736769169,133,133
0,v4-02-f3-mnv2-fp32-224-1500,on-prem,1,train,f3-mnv2-fp32-224-1500,onnx-inference-fp32,1500,r3-cpu-pressure,completed,20.0,0,23.7625665157,26,29,20,23.7491534343,28.3515597115,20,20
0,v4-02-f3-mnv2-fp32-224-1500,on-prem,2,train,f3-mnv2-fp32-224-1500,onnx-inference-fp32,1500,r3-cpu-pressure,completed,20.0,0,23.7625665157,26,29,20,23.7491534343,28.3515597115,20,20
0,v4-02-f3-mnv2-fp32-224-1500,public-cloud,1,train,f3-mnv2-fp32-224-1500,onnx-inference-fp32,1500,r1-moderate,completed,14.0,0,18.7013726507,26,29,14,18.7125601656,22.7443859179,14,14
0,v4-02-f3-mnv2-fp32-224-1500,public-cloud,2,train,f3-mnv2-fp32-224-1500,onnx-inference-fp32,1500,r1-moderate,completed,14.0,0,18.7013726507,26,29,14,18.7125601656,22.7443859179,14,14
0,v4-03-f3-mnv2-int8-224-1500,edge-1,1,train,f3-mnv2-int8-224-1500,onnx-inference-int8,1500,r1-moderate,completed,18.0,0,23.0173731544,26,26,17,23.6841224984,27.2746585085,17,17
0,v4-03-f3-mnv2-int8-224-1500,edge-1,2,train,f3-mnv2-int8-224-1500,onnx-inference-int8,1500,r1-moderate,completed,17.0,0,23.0173731544,26,26,17,23.6841224984,27.2746585085,17,17
0,v4-03-f3-mnv2-int8-224-1500,edge-1,3,train,f3-mnv2-int8-224-1500,onnx-inference-int8,1500,r1-moderate,completed,17.0,0,23.0173731544,26,26,17,23.6841224984,27.2746585085,17,17
0,v4-03-f3-mnv2-int8-224-1500,edge-2,1,train,f3-mnv2-int8-224-1500,onnx-inference-int8,1500,r2-heavy,completed,83.0,0,65.5319107032,26,26,83,81.4873853038,68.1239647233,83,83
0,v4-03-f3-mnv2-int8-224-1500,edge-2,2,train,f3-mnv2-int8-224-1500,onnx-inference-int8,1500,r2-heavy,completed,82.0,0,65.5319107032,26,26,83,81.4873853038,68.1239647233,83,83
0,v4-03-f3-mnv2-int8-224-1500,edge-2,3,train,f3-mnv2-int8-224-1500,onnx-inference-int8,1500,r2-heavy,completed,84.0,0,65.5319107032,26,26,83,81.4873853038,68.1239647233,83,83
0,v4-03-f3-mnv2-int8-224-1500,on-prem,1,train,f3-mnv2-int8-224-1500,onnx-inference-int8,1500,r1-moderate,completed,29.0,0,29.9683098051,26,26,29,32.2673657568,23.1610972933,29,29
0,v4-03-f3-mnv2-int8-224-1500,on-prem,2,train,f3-mnv2-int8-224-1500,onnx-inference-int8,1500,r1-moderate,completed,29.0,0,29.9683098051,26,26,29,32.2673657568,23.1610972933,29,29
0,v4-03-f3-mnv2-int8-224-1500,on-prem,3,train,f3-mnv2-int8-224-1500,onnx-inference-int8,1500,r1-moderate,completed,31.0,0,29.9683098051,26,26,29,32.2673657568,23.1610972933,29,29
0,v4-03-f3-mnv2-int8-224-1500,public-cloud,1,train,f3-mnv2-int8-224-1500,onnx-inference-int8,1500,none,completed,13.0,0,16.3525450643,26,26,13,16.4697778689,18.5454832375,13,13
0,v4-03-f3-mnv2-int8-224-1500,public-cloud,2,train,f3-mnv2-int8-224-1500,onnx-inference-int8,1500,none,completed,13.0,0,16.3525450643,26,26,13,16.4697778689,18.5454832375,13,13
0,v4-03-f3-mnv2-int8-224-1500,public-cloud,3,train,f3-mnv2-int8-224-1500,onnx-inference-int8,1500,none,completed,13.0,0,16.3525450643,26,26,13,16.4697778689,18.5454832375,13,13
0,v4-04-f4-bfs-kron-21-n4,edge-1,1,train,f4-bfs-kron-21-n4,graph-kernel,21,r1-moderate,completed,17.0,0,27.3701333388,26,17,17,15.4272486205,16.2268530743,17,17
0,v4-04-f4-bfs-kron-21-n4,edge-1,2,train,f4-bfs-kron-21-n4,graph-kernel,21,r1-moderate,completed,17.0,0,27.3701333388,26,17,17,15.4272486205,16.2268530743,17,17
0,v4-04-f4-bfs-kron-21-n4,edge-2,1,train,f4-bfs-kron-21-n4,graph-kernel,21,none,completed,35.0,0,49.1273570234,26,17,36,35.7473528132,41.1150403581,36,36
0,v4-04-f4-bfs-kron-21-n4,edge-2,2,train,f4-bfs-kron-21-n4,graph-kernel,21,none,completed,36.0,0,49.1273570234,26,17,36,35.7473528132,41.1150403581,36,36
0,v4-04-f4-bfs-kron-21-n4,on-prem,1,train,f4-bfs-kron-21-n4,graph-kernel,21,r2-heavy,completed,13.0,0,18.0367681158,26,17,13.5,12.4497700445,13.7205906328,13.5,13.5
0,v4-04-f4-bfs-kron-21-n4,on-prem,2,train,f4-bfs-kron-21-n4,graph-kernel,21,r2-heavy,completed,14.0,0,18.0367681158,26,17,13.5,12.4497700445,13.7205906328,13.5,13.5
0,v4-04-f4-bfs-kron-21-n4,public-cloud,1,train,f4-bfs-kron-21-n4,graph-kernel,21,r1-moderate,completed,11.0,0,14.6794147092,26,17,13,11.9582607431,10.9084433114,13,13
0,v4-04-f4-bfs-kron-21-n4,public-cloud,2,train,f4-bfs-kron-21-n4,graph-kernel,21,r1-moderate,completed,11.0,0,14.6794147092,26,17,13,11.9582607431,10.9084433114,13,13
0,v4-05-f0-cpu-45k,edge-1,1,train,f0-cpu-45k,stress-ng-cpu,45000,none,completed,81.0,0,57.0517847373,26,51,81.5,81.4984662432,42.6451571105,81.5,81.5
0,v4-05-f0-cpu-45k,edge-1,2,train,f0-cpu-45k,stress-ng-cpu,45000,none,completed,81.0,0,57.0517847373,26,51,81.5,81.4984662432,42.6451571105,81.5,81.5
0,v4-05-f0-cpu-45k,edge-2,1,train,f0-cpu-45k,stress-ng-cpu,45000,none,completed,147.0,0,89.5351684788,26,51,156,155.740168229,105.70071575,156,156
0,v4-05-f0-cpu-45k,edge-2,2,train,f0-cpu-45k,stress-ng-cpu,45000,none,completed,146.0,0,89.5351684788,26,51,156,155.740168229,105.70071575,156,156
0,v4-05-f0-cpu-45k,on-prem,1,train,f0-cpu-45k,stress-ng-cpu,45000,r3-cpu-pressure,completed,20.0,0,22.6379020165,26,51,20.5,20.4939015319,36.2954066628,20.5,20.5
0,v4-05-f0-cpu-45k,on-prem,2,train,f0-cpu-45k,stress-ng-cpu,45000,r3-cpu-pressure,completed,21.0,0,22.6379020165,26,51,20.5,20.4939015319,36.2954066628,20.5,20.5
0,v4-05-f0-cpu-45k,public-cloud,1,train,f0-cpu-45k,stress-ng-cpu,45000,r3-cpu-pressure,completed,19.0,0,19.656946858,26,51,18,18,29.1706804502,18,18
0,v4-05-f0-cpu-45k,public-cloud,2,train,f0-cpu-45k,stress-ng-cpu,45000,r3-cpu-pressure,completed,18.0,0,19.656946858,26,51,18,18,29.1706804502,18,18
0,v4-06-f2-random-zstd1-aes-1152,edge-1,1,train,f2-random-zstd1-aes-1152,compress-encrypt,1152,r1-moderate,completed,14.0,0,19.7015099626,26,14,13,16.8335202705,20.4330392022,13,13
0,v4-06-f2-random-zstd1-aes-1152,edge-1,2,train,f2-random-zstd1-aes-1152,compress-encrypt,1152,r1-moderate,completed,14.0,0,19.7015099626,26,14,13,16.8335202705,20.4330392022,13,13
0,v4-06-f2-random-zstd1-aes-1152,edge-1,3,train,f2-random-zstd1-aes-1152,compress-encrypt,1152,r1-moderate,completed,14.0,0,19.7015099626,26,14,13,16.8335202705,20.4330392022,13,13
0,v4-06-f2-random-zstd1-aes-1152,edge-2,1,train,f2-random-zstd1-aes-1152,compress-encrypt,1152,r3-cpu-pressure,completed,53.0,0,48.5295859175,26,14,43,61.4178774679,51.3980385218,43,43
0,v4-06-f2-random-zstd1-aes-1152,edge-2,2,train,f2-random-zstd1-aes-1152,compress-encrypt,1152,r3-cpu-pressure,completed,52.0,0,48.5295859175,26,14,43,61.4178774679,51.3980385218,43,43
0,v4-06-f2-random-zstd1-aes-1152,edge-2,3,train,f2-random-zstd1-aes-1152,compress-encrypt,1152,r3-cpu-pressure,completed,52.0,0,48.5295859175,26,14,43,61.4178774679,51.3980385218,43,43
0,v4-06-f2-random-zstd1-aes-1152,on-prem,1,train,f2-random-zstd1-aes-1152,compress-encrypt,1152,r2-heavy,completed,15.0,0,18.5405832752,26,14,14,17.4962787831,17.3148364214,14,14
0,v4-06-f2-random-zstd1-aes-1152,on-prem,2,train,f2-random-zstd1-aes-1152,compress-encrypt,1152,r2-heavy,completed,15.0,0,18.5405832752,26,14,14,17.4962787831,17.3148364214,14,14
0,v4-06-f2-random-zstd1-aes-1152,on-prem,3,train,f2-random-zstd1-aes-1152,compress-encrypt,1152,r2-heavy,completed,15.0,0,18.5405832752,26,14,14,17.4962787831,17.3148364214,14,14
0,v4-06-f2-random-zstd1-aes-1152,public-cloud,1,train,f2-random-zstd1-aes-1152,compress-encrypt,1152,none,completed,12.0,0,15.272888632,26,14,11,14.2388429209,13.8160625292,11,11
0,v4-06-f2-random-zstd1-aes-1152,public-cloud,2,train,f2-random-zstd1-aes-1152,compress-encrypt,1152,none,completed,12.0,0,15.272888632,26,14,11,14.2388429209,13.8160625292,11,11
0,v4-06-f2-random-zstd1-aes-1152,public-cloud,3,train,f2-random-zstd1-aes-1152,compress-encrypt,1152,none,completed,12.0,0,15.272888632,26,14,11,14.2388429209,13.8160625292,11,11
0,v4-07-f2-random-zstd1-aes-768,edge-1,1,train,f2-random-zstd1-aes-768,compress-encrypt,768,r2-heavy,completed,13.0,0,18.6483572151,26,14,13,12.6158157502,14.4096233461,13,13
0,v4-07-f2-random-zstd1-aes-768,edge-1,2,train,f2-random-zstd1-aes-768,compress-encrypt,768,r2-heavy,completed,12.0,0,18.6483572151,26,14,13,12.6158157502,14.4096233461,13,13
0,v4-07-f2-random-zstd1-aes-768,edge-1,3,train,f2-random-zstd1-aes-768,compress-encrypt,768,r2-heavy,completed,12.0,0,18.6483572151,26,14,13,12.6158157502,14.4096233461,13,13
0,v4-07-f2-random-zstd1-aes-768,edge-2,1,train,f2-random-zstd1-aes-768,compress-encrypt,768,r3-cpu-pressure,completed,38.0,0,40.8226162515,26,14,43,38.4180267295,36.6724005438,43,43
0,v4-07-f2-random-zstd1-aes-768,edge-2,2,train,f2-random-zstd1-aes-768,compress-encrypt,768,r3-cpu-pressure,completed,37.0,0,40.8226162515,26,14,43,38.4180267295,36.6724005438,43,43
0,v4-07-f2-random-zstd1-aes-768,edge-2,3,train,f2-random-zstd1-aes-768,compress-encrypt,768,r3-cpu-pressure,completed,37.0,0,40.8226162515,26,14,43,38.4180267295,36.6724005438,43,43
0,v4-07-f2-random-zstd1-aes-768,on-prem,1,train,f2-random-zstd1-aes-768,compress-encrypt,768,none,completed,11.0,0,17.0422626254,26,14,14,11.8863811372,12.1677420191,14,14
0,v4-07-f2-random-zstd1-aes-768,on-prem,2,train,f2-random-zstd1-aes-768,compress-encrypt,768,none,completed,11.0,0,17.0422626254,26,14,14,11.8863811372,12.1677420191,14,14
0,v4-07-f2-random-zstd1-aes-768,on-prem,3,train,f2-random-zstd1-aes-768,compress-encrypt,768,none,completed,11.0,0,17.0422626254,26,14,14,11.8863811372,12.1677420191,14,14
0,v4-07-f2-random-zstd1-aes-768,public-cloud,1,train,f2-random-zstd1-aes-768,compress-encrypt,768,none,completed,9.0,0,13.5739354794,26,14,11,10.1174119999,9.6522430577,11,11
0,v4-07-f2-random-zstd1-aes-768,public-cloud,2,train,f2-random-zstd1-aes-768,compress-encrypt,768,none,completed,9.0,0,13.5739354794,26,14,11,10.1174119999,9.6522430577,11,11
0,v4-07-f2-random-zstd1-aes-768,public-cloud,3,train,f2-random-zstd1-aes-768,compress-encrypt,768,none,completed,9.0,0,13.5739354794,26,14,11,10.1174119999,9.6522430577,11,11
0,v4-08-f1-x264-480p-testsrc2-med-2000,edge-1,1,train,f1-x264-480p-testsrc2-med-2000,video-transcode,2000,none,completed,24.0,0,32.7661004842,26,41.5,33.5,37.002472682,26.6837765361,33.5,33.5
0,v4-08-f1-x264-480p-testsrc2-med-2000,edge-1,2,train,f1-x264-480p-testsrc2-med-2000,video-transcode,2000,none,completed,25.0,0,32.7661004842,26,41.5,33.5,37.002472682,26.6837765361,33.5,33.5
0,v4-08-f1-x264-480p-testsrc2-med-2000,edge-2,1,train,f1-x264-480p-testsrc2-med-2000,video-transcode,2000,none,completed,63.0,0,71.390492509,26,41.5,87,109.345792745,66.6794166093,87,87
0,v4-08-f1-x264-480p-testsrc2-med-2000,edge-2,2,train,f1-x264-480p-testsrc2-med-2000,video-transcode,2000,none,completed,61.0,0,71.390492509,26,41.5,87,109.345792745,66.6794166093,87,87
0,v4-08-f1-x264-480p-testsrc2-med-2000,on-prem,1,train,f1-x264-480p-testsrc2-med-2000,video-transcode,2000,none,completed,22.0,0,27.6538306242,26,41.5,29,32.8360300424,22.6561802553,29,29
0,v4-08-f1-x264-480p-testsrc2-med-2000,on-prem,2,train,f1-x264-480p-testsrc2-med-2000,video-transcode,2000,none,completed,23.0,0,27.6538306242,26,41.5,29,32.8360300424,22.6561802553,29,29
0,v4-08-f1-x264-480p-testsrc2-med-2000,public-cloud,1,train,f1-x264-480p-testsrc2-med-2000,video-transcode,2000,r2-heavy,completed,21.0,0,24.299654274,26,41.5,29,27.4344926888,18.1370230014,29,29
0,v4-08-f1-x264-480p-testsrc2-med-2000,public-cloud,2,train,f1-x264-480p-testsrc2-med-2000,video-transcode,2000,r2-heavy,completed,21.0,0,24.299654274,26,41.5,29,27.4344926888,18.1370230014,29,29
0,v4-09-f4-bfs-kron-21-n8,edge-1,1,train,f4-bfs-kron-21-n8,graph-kernel,21,none,completed,14.0,0,22.8134391577,26,17,17,15.4272486205,15.1071424133,17,17
0,v4-09-f4-bfs-kron-21-n8,edge-1,2,train,f4-bfs-kron-21-n8,graph-kernel,21,none,completed,14.0,0,22.8134391577,26,17,17,15.4272486205,15.1071424133,17,17
0,v4-09-f4-bfs-kron-21-n8,edge-2,1,train,f4-bfs-kron-21-n8,graph-kernel,21,none,completed,36.0,0,45.3329031622,26,17,36,35.7473528132,38.3776477843,36,36
0,v4-09-f4-bfs-kron-21-n8,edge-2,2,train,f4-bfs-kron-21-n8,graph-kernel,21,none,completed,36.0,0,45.3329031622,26,17,36,35.7473528132,38.3776477843,36,36
0,v4-09-f4-bfs-kron-21-n8,on-prem,1,train,f4-bfs-kron-21-n8,graph-kernel,21,none,completed,11.0,0,14.5612040708,26,17,13.5,12.4497700445,12.7637819692,13.5,13.5
0,v4-09-f4-bfs-kron-21-n8,on-prem,2,train,f4-bfs-kron-21-n8,graph-kernel,21,none,completed,12.0,0,14.5612040708,26,17,13.5,12.4497700445,12.7637819692,13.5,13.5
0,v4-09-f4-bfs-kron-21-n8,public-cloud,1,train,f4-bfs-kron-21-n8,graph-kernel,21,r2-heavy,completed,13.0,0,13.0709870804,26,17,13,11.9582607431,10.1344185447,13,13
0,v4-09-f4-bfs-kron-21-n8,public-cloud,2,train,f4-bfs-kron-21-n8,graph-kernel,21,r2-heavy,completed,13.0,0,13.0709870804,26,17,13,11.9582607431,10.1344185447,13,13
0,v4-10-f5-sf1-q1-r2,edge-1,1,train,f5-sf1-q1-r2,duckdb-tpch,1,r2-heavy,completed,17.0,0,26.4532461826,26,21,21,19.3829997351,18.653420015,21,21
0,v4-10-f5-sf1-q1-r2,edge-1,2,train,f5-sf1-q1-r2,duckdb-tpch,1,r2-heavy,completed,23.0,0,26.4532461826,26,21,21,19.3829997351,18.653420015,21,21
0,v4-10-f5-sf1-q1-r2,edge-2,1,train,f5-sf1-q1-r2,duckdb-tpch,1,r1-moderate,completed,51.0,0,46.9228954384,26,21,48.5,47.2020562163,47.0473464038,48.5,48.5
0,v4-10-f5-sf1-q1-r2,edge-2,2,train,f5-sf1-q1-r2,duckdb-tpch,1,r1-moderate,completed,46.0,0,46.9228954384,26,21,48.5,47.2020562163,47.0473464038,48.5,48.5
0,v4-10-f5-sf1-q1-r2,on-prem,1,train,f5-sf1-q1-r2,duckdb-tpch,1,none,completed,12.0,0,21.0570881143,26,21,19,15.0996688705,15.7941265493,19,19
0,v4-10-f5-sf1-q1-r2,on-prem,2,train,f5-sf1-q1-r2,duckdb-tpch,1,none,completed,12.0,0,21.0570881143,26,21,19,15.0996688705,15.7941265493,19,19
0,v4-10-f5-sf1-q1-r2,public-cloud,1,train,f5-sf1-q1-r2,duckdb-tpch,1,r1-moderate,completed,12.0,0,18.3024728949,26,21,16,13.8564064606,12.5858613941,16,16
0,v4-10-f5-sf1-q1-r2,public-cloud,2,train,f5-sf1-q1-r2,duckdb-tpch,1,r1-moderate,completed,16.0,0,18.3024728949,26,21,16,13.8564064606,12.5858613941,16,16
0,v4-11-f3-mnv2-fp32-224-2500,edge-1,1,train,f3-mnv2-fp32-224-2500,onnx-inference-fp32,2500,none,completed,64.0,0,43.491641897,26,29,40,55.88778418,50.0706974939,40,40
0,v4-11-f3-mnv2-fp32-224-2500,edge-1,2,train,f3-mnv2-fp32-224-2500,onnx-inference-fp32,2500,none,completed,64.0,0,43.491641897,26,29,40,55.88778418,50.0706974939,40,40
0,v4-11-f3-mnv2-fp32-224-2500,edge-2,1,train,f3-mnv2-fp32-224-2500,onnx-inference-fp32,2500,none,completed,199.0,0,118.932558835,26,29,133,178.430006648,123.854172541,133,133
0,v4-11-f3-mnv2-fp32-224-2500,edge-2,2,train,f3-mnv2-fp32-224-2500,onnx-inference-fp32,2500,none,completed,199.0,0,118.932558835,26,29,133,178.430006648,123.854172541,133,133
0,v4-11-f3-mnv2-fp32-224-2500,on-prem,1,train,f3-mnv2-fp32-224-2500,onnx-inference-fp32,2500,none,completed,30.0,0,26.2437690701,26,29,20,25.8147372206,42.6406363888,20,20
0,v4-11-f3-mnv2-fp32-224-2500,on-prem,2,train,f3-mnv2-fp32-224-2500,onnx-inference-fp32,2500,none,completed,29.0,0,26.2437690701,26,29,20,25.8147372206,42.6406363888,20,20
0,v4-11-f3-mnv2-fp32-224-2500,public-cloud,1,train,f3-mnv2-fp32-224-2500,onnx-inference-fp32,2500,r2-heavy,completed,27.0,0,20.4651985299,26,29,14,21.9533467171,34.3037495215,14,14
0,v4-11-f3-mnv2-fp32-224-2500,public-cloud,2,train,f3-mnv2-fp32-224-2500,onnx-inference-fp32,2500,r2-heavy,completed,28.0,0,20.4651985299,26,29,14,21.9533467171,34.3037495215,14,14
0,v4-12-f2-random-zstd1-chacha-1152,edge-1,1,train,f2-random-zstd1-chacha-1152,compress-encrypt,1152,r3-cpu-pressure,completed,13.0,0,19.8112174492,26,14,13,16.8335202705,20.4330392022,13,13
0,v4-12-f2-random-zstd1-chacha-1152,edge-1,2,train,f2-random-zstd1-chacha-1152,compress-encrypt,1152,r3-cpu-pressure,completed,13.0,0,19.8112174492,26,14,13,16.8335202705,20.4330392022,13,13
0,v4-12-f2-random-zstd1-chacha-1152,edge-1,3,train,f2-random-zstd1-chacha-1152,compress-encrypt,1152,r3-cpu-pressure,completed,12.0,0,19.8112174492,26,14,13,16.8335202705,20.4330392022,13,13
0,v4-12-f2-random-zstd1-chacha-1152,edge-2,1,train,f2-random-zstd1-chacha-1152,compress-encrypt,1152,none,completed,43.0,0,47.4180225183,26,14,43,61.4178774679,51.3980385218,43,43
0,v4-12-f2-random-zstd1-chacha-1152,edge-2,2,train,f2-random-zstd1-chacha-1152,compress-encrypt,1152,none,completed,43.0,0,47.4180225183,26,14,43,61.4178774679,51.3980385218,43,43
0,v4-12-f2-random-zstd1-chacha-1152,edge-2,3,train,f2-random-zstd1-chacha-1152,compress-encrypt,1152,none,completed,43.0,0,47.4180225183,26,14,43,61.4178774679,51.3980385218,43,43
0,v4-12-f2-random-zstd1-chacha-1152,on-prem,1,train,f2-random-zstd1-chacha-1152,compress-encrypt,1152,r3-cpu-pressure,completed,13.0,0,18.5543683466,26,14,14,17.4962787831,17.3148364214,14,14
0,v4-12-f2-random-zstd1-chacha-1152,on-prem,2,train,f2-random-zstd1-chacha-1152,compress-encrypt,1152,r3-cpu-pressure,completed,14.0,0,18.5543683466,26,14,14,17.4962787831,17.3148364214,14,14
0,v4-12-f2-random-zstd1-chacha-1152,on-prem,3,train,f2-random-zstd1-chacha-1152,compress-encrypt,1152,r3-cpu-pressure,completed,15.0,0,18.5543683466,26,14,14,17.4962787831,17.3148364214,14,14
0,v4-12-f2-random-zstd1-chacha-1152,public-cloud,1,train,f2-random-zstd1-chacha-1152,compress-encrypt,1152,r1-moderate,completed,11.0,0,16.0612209715,26,14,11,14.2388429209,13.8160625292,11,11
0,v4-12-f2-random-zstd1-chacha-1152,public-cloud,2,train,f2-random-zstd1-chacha-1152,compress-encrypt,1152,r1-moderate,completed,12.0,0,16.0612209715,26,14,11,14.2388429209,13.8160625292,11,11
0,v4-12-f2-random-zstd1-chacha-1152,public-cloud,3,train,f2-random-zstd1-chacha-1152,compress-encrypt,1152,r1-moderate,completed,11.0,0,16.0612209715,26,14,11,14.2388429209,13.8160625292,11,11
0,v4-13-f3-mnv2-int8-224-2000,edge-1,1,train,f3-mnv2-int8-224-2000,onnx-inference-int8,2000,none,completed,19.0,0,23.8258928538,26,26,17,26.6216831835,32.6128491593,17,17
0,v4-13-f3-mnv2-int8-224-2000,edge-1,2,train,f3-mnv2-int8-224-2000,onnx-inference-int8,2000,none,completed,19.0,0,23.8258928538,26,26,17,26.6216831835,32.6128491593,17,17
0,v4-13-f3-mnv2-int8-224-2000,edge-1,3,train,f3-mnv2-int8-224-2000,onnx-inference-int8,2000,none,completed,121.0,0,23.8258928538,26,26,17,26.6216831835,32.6128491593,17,17
0,v4-13-f3-mnv2-int8-224-2000,edge-2,1,train,f3-mnv2-int8-224-2000,onnx-inference-int8,2000,none,completed,85.0,0,70.7621843457,26,26,83,86.7451183752,81.1744106594,83,83
0,v4-13-f3-mnv2-int8-224-2000,edge-2,2,train,f3-mnv2-int8-224-2000,onnx-inference-int8,2000,none,completed,86.0,0,70.7621843457,26,26,83,86.7451183752,81.1744106594,83,83
0,v4-13-f3-mnv2-int8-224-2000,edge-2,3,train,f3-mnv2-int8-224-2000,onnx-inference-int8,2000,none,completed,85.0,0,70.7621843457,26,26,83,86.7451183752,81.1744106594,83,83
0,v4-13-f3-mnv2-int8-224-2000,on-prem,1,train,f3-mnv2-int8-224-2000,onnx-inference-int8,2000,r1-moderate,completed,37.0,0,31.2833056795,26,26,29,33.0292151919,27.7226570252,29,29
0,v4-13-f3-mnv2-int8-224-2000,on-prem,2,train,f3-mnv2-int8-224-2000,onnx-inference-int8,2000,r1-moderate,completed,37.0,0,31.2833056795,26,26,29,33.0292151919,27.7226570252,29,29
0,v4-13-f3-mnv2-int8-224-2000,on-prem,3,train,f3-mnv2-int8-224-2000,onnx-inference-int8,2000,r1-moderate,censored,,0,31.2833056795,26,26,29,33.0292151919,27.7226570252,29,29
0,v4-13-f3-mnv2-int8-224-2000,public-cloud,1,train,f3-mnv2-int8-224-2000,onnx-inference-int8,2000,r2-heavy,completed,21.0,0,17.9609091464,26,26,13,17.2568704372,22.235625626,13,13
0,v4-13-f3-mnv2-int8-224-2000,public-cloud,2,train,f3-mnv2-int8-224-2000,onnx-inference-int8,2000,r2-heavy,completed,21.0,0,17.9609091464,26,26,13,17.2568704372,22.235625626,13,13
0,v4-13-f3-mnv2-int8-224-2000,public-cloud,3,train,f3-mnv2-int8-224-2000,onnx-inference-int8,2000,r2-heavy,completed,22.0,0,17.9609091464,26,26,13,17.2568704372,22.235625626,13,13
0,v4-14-f4-bfs-kron-22-n4,edge-1,1,train,f4-bfs-kron-22-n4,graph-kernel,22,none,completed,221.0,0,33.4620344398,26,17,17,78.6638417572,43.4514395125,17,17
0,v4-14-f4-bfs-kron-22-n4,edge-1,2,train,f4-bfs-kron-22-n4,graph-kernel,22,none,completed,28.0,0,33.4620344398,26,17,17,78.6638417572,43.4514395125,17,17
0,v4-14-f4-bfs-kron-22-n4,edge-2,1,train,f4-bfs-kron-22-n4,graph-kernel,22,r3-cpu-pressure,completed,364.0,0,62.9519047545,26,17,36,157.327683514,107.671860204,36,36
0,v4-14-f4-bfs-kron-22-n4,edge-2,2,train,f4-bfs-kron-22-n4,graph-kernel,22,r3-cpu-pressure,completed,68.0,0,62.9519047545,26,17,36,157.327683514,107.671860204,36,36
0,v4-14-f4-bfs-kron-22-n4,on-prem,1,train,f4-bfs-kron-22-n4,graph-kernel,22,r2-heavy,completed,25.0,0,22.0905063819,26,17,13.5,25,36.9843864274,13.5,13.5
0,v4-14-f4-bfs-kron-22-n4,on-prem,2,train,f4-bfs-kron-22-n4,graph-kernel,22,r2-heavy,completed,25.0,0,22.0905063819,26,17,13.5,25,36.9843864274,13.5,13.5
0,v4-14-f4-bfs-kron-22-n4,public-cloud,1,train,f4-bfs-kron-22-n4,graph-kernel,22,r1-moderate,completed,18.0,0,19.1524610556,26,17,13,17.4928556845,29.7280409986,13,13
0,v4-14-f4-bfs-kron-22-n4,public-cloud,2,train,f4-bfs-kron-22-n4,graph-kernel,22,r1-moderate,completed,17.0,0,19.1524610556,26,17,13,17.4928556845,29.7280409986,13,13
0,v4-15-f1-x264-720p-noise-med-1000,edge-1,1,train,f1-x264-720p-noise-med-1000,video-transcode,1000,none,completed,115.0,0,41.5596882088,26,41.5,33.5,52.7216038975,54.2887562514,33.5,33.5
0,v4-15-f1-x264-720p-noise-med-1000,edge-1,2,train,f1-x264-720p-noise-med-1000,video-transcode,1000,none,completed,115.0,0,41.5596882088,26,41.5,33.5,52.7216038975,54.2887562514,33.5,33.5
0,v4-15-f1-x264-720p-noise-med-1000,edge-2,1,train,f1-x264-720p-noise-med-1000,video-transcode,1000,none,completed,278.0,0,89.0460520296,26,41.5,87,128.339483765,134.166196103,87,87
0,v4-15-f1-x264-720p-noise-med-1000,edge-2,2,train,f1-x264-720p-noise-med-1000,video-transcode,1000,none,completed,279.0,0,89.0460520296,26,41.5,87,128.339483765,134.166196103,87,87
0,v4-15-f1-x264-720p-noise-med-1000,on-prem,1,train,f1-x264-720p-noise-med-1000,video-transcode,1000,none,completed,90.0,0,36.678014758,26,41.5,29,45.1001735339,46.2450275081,29,29
0,v4-15-f1-x264-720p-noise-med-1000,on-prem,2,train,f1-x264-720p-noise-med-1000,video-transcode,1000,none,completed,90.0,0,36.678014758,26,41.5,29,45.1001735339,46.2450275081,29,29
0,v4-15-f1-x264-720p-noise-med-1000,public-cloud,1,train,f1-x264-720p-noise-med-1000,video-transcode,1000,r2-heavy,completed,86.0,0,31.2770967618,26,41.5,29,39.3432723395,37.2195759572,29,29
0,v4-15-f1-x264-720p-noise-med-1000,public-cloud,2,train,f1-x264-720p-noise-med-1000,video-transcode,1000,r2-heavy,completed,83.0,0,31.2770967618,26,41.5,29,39.3432723395,37.2195759572,29,29
0,v4-16-f1-x264-720p-testsrc2-med-1100,edge-1,1,train,f1-x264-720p-testsrc2-med-1100,video-transcode,1100,r3-cpu-pressure,completed,28.0,0,42.3269006884,26,41.5,33.5,50.2164913819,52.2098116798,33.5,33.5
0,v4-16-f1-x264-720p-testsrc2-med-1100,edge-1,2,train,f1-x264-720p-testsrc2-med-1100,video-transcode,1100,r3-cpu-pressure,completed,28.0,0,42.3269006884,26,41.5,33.5,50.2164913819,52.2098116798,33.5,33.5
0,v4-16-f1-x264-720p-testsrc2-med-1100,edge-2,1,train,f1-x264-720p-testsrc2-med-1100,video-transcode,1100,r1-moderate,completed,74.0,0,90.4477364581,26,41.5,87,125.543950063,129.083733615,87,87
0,v4-16-f1-x264-720p-testsrc2-med-1100,edge-2,2,train,f1-x264-720p-testsrc2-med-1100,video-transcode,1100,r1-moderate,completed,75.0,0,90.4477364581,26,41.5,87,125.543950063,129.083733615,87,87
0,v4-16-f1-x264-720p-testsrc2-med-1100,on-prem,1,train,f1-x264-720p-testsrc2-med-1100,video-transcode,1100,r2-heavy,completed,27.0,0,35.6915605984,26,41.5,29,43.1744125008,44.4685398434,29,29
0,v4-16-f1-x264-720p-testsrc2-med-1100,on-prem,2,train,f1-x264-720p-testsrc2-med-1100,video-transcode,1100,r2-heavy,completed,26.0,0,35.6915605984,26,41.5,29,43.1744125008,44.4685398434,29,29
0,v4-16-f1-x264-720p-testsrc2-med-1100,public-cloud,1,train,f1-x264-720p-testsrc2-med-1100,video-transcode,1100,none,completed,18.0,0,30.6522728654,26,41.5,29,37.4404504297,35.7824595279,29,29
0,v4-16-f1-x264-720p-testsrc2-med-1100,public-cloud,2,train,f1-x264-720p-testsrc2-med-1100,video-transcode,1100,none,completed,19.0,0,30.6522728654,26,41.5,29,37.4404504297,35.7824595279,29,29
0,v4-17-f1-x264-720p-testsrc2-med-1400,edge-1,1,train,f1-x264-720p-testsrc2-med-1400,video-transcode,1400,none,completed,33.0,0,41.122092425,26,41.5,33.5,44.3966723973,48.689015365,33.5,33.5
0,v4-17-f1-x264-720p-testsrc2-med-1400,edge-1,2,train,f1-x264-720p-testsrc2-med-1400,video-transcode,1400,none,completed,34.0,0,41.122092425,26,41.5,33.5,44.3966723973,48.689015365,33.5,33.5
0,v4-17-f1-x264-720p-testsrc2-med-1400,edge-2,1,train,f1-x264-720p-testsrc2-med-1400,video-transcode,1400,none,completed,87.0,0,91.2057679985,26,41.5,87,118.739404521,120.476329915,87,87
0,v4-17-f1-x264-720p-testsrc2-med-1400,edge-2,2,train,f1-x264-720p-testsrc2-med-1400,video-transcode,1400,none,completed,87.0,0,91.2057679985,26,41.5,87,118.739404521,120.476329915,87,87
0,v4-17-f1-x264-720p-testsrc2-med-1400,on-prem,1,train,f1-x264-720p-testsrc2-med-1400,video-transcode,1400,none,completed,29.0,0,36.0201881327,26,41.5,29,38.6609938021,41.459969385,29,29
0,v4-17-f1-x264-720p-testsrc2-med-1400,on-prem,2,train,f1-x264-720p-testsrc2-med-1400,video-transcode,1400,none,completed,29.0,0,36.0201881327,26,41.5,29,38.6609938021,41.459969385,29,29
0,v4-17-f1-x264-720p-testsrc2-med-1400,public-cloud,1,train,f1-x264-720p-testsrc2-med-1400,video-transcode,1400,r2-heavy,completed,29.0,0,29.4039402754,26,41.5,29,33.026722681,33.3486311819,29,29
0,v4-17-f1-x264-720p-testsrc2-med-1400,public-cloud,2,train,f1-x264-720p-testsrc2-med-1400,video-transcode,1400,r2-heavy,completed,29.0,0,29.4039402754,26,41.5,29,33.026722681,33.3486311819,29,29
0,v4-18-f0-cpu-45k,edge-1,1,train,f0-cpu-45k,stress-ng-cpu,45000,r1-moderate,completed,82.0,0,57.5964440558,26,51,81.5,81.4984662432,42.6451571105,81.5,81.5
0,v4-18-f0-cpu-45k,edge-1,2,train,f0-cpu-45k,stress-ng-cpu,45000,r1-moderate,completed,83.0,0,57.5964440558,26,51,81.5,81.4984662432,42.6451571105,81.5,81.5
0,v4-18-f0-cpu-45k,edge-2,1,train,f0-cpu-45k,stress-ng-cpu,45000,r2-heavy,completed,165.0,0,92.2086960843,26,51,156,155.740168229,105.70071575,156,156
0,v4-18-f0-cpu-45k,edge-2,2,train,f0-cpu-45k,stress-ng-cpu,45000,r2-heavy,completed,166.0,0,92.2086960843,26,51,156,155.740168229,105.70071575,156,156
0,v4-18-f0-cpu-45k,on-prem,1,train,f0-cpu-45k,stress-ng-cpu,45000,r1-moderate,completed,20.0,0,23.2725085013,26,51,20.5,20.4939015319,36.2954066628,20.5,20.5
0,v4-18-f0-cpu-45k,on-prem,2,train,f0-cpu-45k,stress-ng-cpu,45000,r1-moderate,completed,21.0,0,23.2725085013,26,51,20.5,20.4939015319,36.2954066628,20.5,20.5
0,v4-18-f0-cpu-45k,public-cloud,1,train,f0-cpu-45k,stress-ng-cpu,45000,none,completed,18.0,0,19.8939250385,26,51,18,18,29.1706804502,18,18
0,v4-18-f0-cpu-45k,public-cloud,2,train,f0-cpu-45k,stress-ng-cpu,45000,none,completed,18.0,0,19.8939250385,26,51,18,18,29.1706804502,18,18
0,v4-19-f3-r50-fp32-160-256,edge-1,1,train,f3-r50-fp32-160-256,onnx-inference-fp32,256,none,completed,28.0,0,30.6829367643,26,29,40,27.4013023184,25.0287351714,40,40
0,v4-19-f3-r50-fp32-160-256,edge-1,2,train,f3-r50-fp32-160-256,onnx-inference-fp32,256,none,completed,29.0,0,30.6829367643,26,29,40,27.4013023184,25.0287351714,40,40
0,v4-19-f3-r50-fp32-160-256,edge-2,1,train,f3-r50-fp32-160-256,onnx-inference-fp32,256,r3-cpu-pressure,completed,96.0,0,69.3604950879,26,29,133,90.0671192864,62.6332838903,133,133
0,v4-19-f3-r50-fp32-160-256,edge-2,2,train,f3-r50-fp32-160-256,onnx-inference-fp32,256,r3-cpu-pressure,completed,90.0,0,69.3604950879,26,29,133,90.0671192864,62.6332838903,133,133
0,v4-19-f3-r50-fp32-160-256,on-prem,1,train,f3-r50-fp32-160-256,onnx-inference-fp32,256,none,completed,19.0,0,21.7175439243,26,29,20,17.7945427637,21.2419239019,20,20
0,v4-19-f3-r50-fp32-160-256,on-prem,2,train,f3-r50-fp32-160-256,onnx-inference-fp32,256,none,completed,18.0,0,21.7175439243,26,29,20,17.7945427637,21.2419239019,20,20
0,v4-19-f3-r50-fp32-160-256,public-cloud,1,train,f3-r50-fp32-160-256,onnx-inference-fp32,256,r1-moderate,completed,11.0,0,14.0833580224,26,29,14,10.765692053,16.9929390422,14,14
0,v4-19-f3-r50-fp32-160-256,public-cloud,2,train,f3-r50-fp32-160-256,onnx-inference-fp32,256,r1-moderate,completed,12.0,0,14.0833580224,26,29,14,10.765692053,16.9929390422,14,14
0,v4-20-f5-sf1-q9-r2,edge-1,1,train,f5-sf1-q9-r2,duckdb-tpch,1,none,completed,19.0,0,22.048081462,26,21,21,19.3829997351,19.9533374776,21,21
0,v4-20-f5-sf1-q9-r2,edge-1,2,train,f5-sf1-q9-r2,duckdb-tpch,1,none,completed,19.0,0,22.048081462,26,21,21,19.3829997351,19.9533374776,21,21
0,v4-20-f5-sf1-q9-r2,edge-2,1,train,f5-sf1-q9-r2,duckdb-tpch,1,r1-moderate,completed,46.0,0,46.3675802481,26,21,48.5,47.2020562163,50.2252963268,48.5,48.5
0,v4-20-f5-sf1-q9-r2,edge-2,2,train,f5-sf1-q9-r2,duckdb-tpch,1,r1-moderate,completed,46.0,0,46.3675802481,26,21,48.5,47.2020562163,50.2252963268,48.5,48.5
0,v4-20-f5-sf1-q9-r2,on-prem,1,train,f5-sf1-q9-r2,duckdb-tpch,1,r2-heavy,completed,19.0,0,19.4848889524,26,21,19,15.0996688705,16.9049244844,19,19
0,v4-20-f5-sf1-q9-r2,on-prem,2,train,f5-sf1-q9-r2,duckdb-tpch,1,r2-heavy,completed,19.0,0,19.4848889524,26,21,19,15.0996688705,16.9049244844,19,19
0,v4-20-f5-sf1-q9-r2,public-cloud,1,train,f5-sf1-q9-r2,duckdb-tpch,1,none,completed,16.0,0,15.9409887093,26,21,16,13.8564064606,13.4844580993,16,16
0,v4-20-f5-sf1-q9-r2,public-cloud,2,train,f5-sf1-q9-r2,duckdb-tpch,1,none,completed,12.0,0,15.9409887093,26,21,16,13.8564064606,13.4844580993,16,16
0,v4-21-f2-random-zstd1-chacha-768,edge-1,1,train,f2-random-zstd1-chacha-768,compress-encrypt,768,none,completed,11.0,0,18.1102032062,26,14,13,12.6158157502,14.4096233461,13,13
0,v4-21-f2-random-zstd1-chacha-768,edge-1,2,train,f2-random-zstd1-chacha-768,compress-encrypt,768,none,completed,11.0,0,18.1102032062,26,14,13,12.6158157502,14.4096233461,13,13
0,v4-21-f2-random-zstd1-chacha-768,edge-1,3,train,f2-random-zstd1-chacha-768,compress-encrypt,768,none,completed,10.0,0,18.1102032062,26,14,13,12.6158157502,14.4096233461,13,13
0,v4-21-f2-random-zstd1-chacha-768,edge-2,1,train,f2-random-zstd1-chacha-768,compress-encrypt,768,none,completed,32.0,0,39.499738696,26,14,43,38.4180267295,36.6724005438,43,43
0,v4-21-f2-random-zstd1-chacha-768,edge-2,2,train,f2-random-zstd1-chacha-768,compress-encrypt,768,none,completed,32.0,0,39.499738696,26,14,43,38.4180267295,36.6724005438,43,43
0,v4-21-f2-random-zstd1-chacha-768,edge-2,3,train,f2-random-zstd1-chacha-768,compress-encrypt,768,none,completed,32.0,0,39.499738696,26,14,43,38.4180267295,36.6724005438,43,43
0,v4-21-f2-random-zstd1-chacha-768,on-prem,1,train,f2-random-zstd1-chacha-768,compress-encrypt,768,none,completed,11.0,0,16.9163763866,26,14,14,11.8863811372,12.1677420191,14,14
0,v4-21-f2-random-zstd1-chacha-768,on-prem,2,train,f2-random-zstd1-chacha-768,compress-encrypt,768,none,completed,11.0,0,16.9163763866,26,14,14,11.8863811372,12.1677420191,14,14
0,v4-21-f2-random-zstd1-chacha-768,on-prem,3,train,f2-random-zstd1-chacha-768,compress-encrypt,768,none,completed,11.0,0,16.9163763866,26,14,14,11.8863811372,12.1677420191,14,14
0,v4-21-f2-random-zstd1-chacha-768,public-cloud,1,train,f2-random-zstd1-chacha-768,compress-encrypt,768,none,completed,10.0,0,13.8410834867,26,14,11,10.1174119999,9.6522430577,11,11
0,v4-21-f2-random-zstd1-chacha-768,public-cloud,2,train,f2-random-zstd1-chacha-768,compress-encrypt,768,none,completed,10.0,0,13.8410834867,26,14,11,10.1174119999,9.6522430577,11,11
0,v4-21-f2-random-zstd1-chacha-768,public-cloud,3,train,f2-random-zstd1-chacha-768,compress-encrypt,768,none,completed,9.0,0,13.8410834867,26,14,11,10.1174119999,9.6522430577,11,11
0,v4-22-f1-x264-720p-testsrc2-med-2400,edge-1,1,train,f1-x264-720p-testsrc2-med-2400,video-transcode,2400,none,completed,55.0,0,40.8442157512,26,41.5,33.5,33.7122033119,51.0828388958,33.5,33.5
0,v4-22-f1-x264-720p-testsrc2-med-2400,edge-1,2,train,f1-x264-720p-testsrc2-med-2400,video-transcode,2400,none,completed,56.0,0,40.8442157512,26,41.5,33.5,33.7122033119,51.0828388958,33.5,33.5
0,v4-22-f1-x264-720p-testsrc2-med-2400,edge-2,1,train,f1-x264-720p-testsrc2-med-2400,video-transcode,2400,r2-heavy,completed,198.0,0,101.087413004,26,41.5,87,104.834897508,126.328587096,87,87
0,v4-22-f1-x264-720p-testsrc2-med-2400,edge-2,2,train,f1-x264-720p-testsrc2-med-2400,video-transcode,2400,r2-heavy,completed,194.0,0,101.087413004,26,41.5,87,104.834897508,126.328587096,87,87
0,v4-22-f1-x264-720p-testsrc2-med-2400,on-prem,1,train,f1-x264-720p-testsrc2-med-2400,video-transcode,2400,r3-cpu-pressure,completed,48.0,0,36.256037342,26,41.5,29,30.2062805505,43.5055255927,29,29
0,v4-22-f1-x264-720p-testsrc2-med-2400,on-prem,2,train,f1-x264-720p-testsrc2-med-2400,video-transcode,2400,r3-cpu-pressure,completed,48.0,0,36.256037342,26,41.5,29,30.2062805505,43.5055255927,29,29
0,v4-22-f1-x264-720p-testsrc2-med-2400,public-cloud,1,train,f1-x264-720p-testsrc2-med-2400,video-transcode,2400,none,completed,35.0,0,30.1804429008,26,41.5,29,24.9524218618,35.003414658,29,29
0,v4-22-f1-x264-720p-testsrc2-med-2400,public-cloud,2,train,f1-x264-720p-testsrc2-med-2400,video-transcode,2400,none,completed,35.0,0,30.1804429008,26,41.5,29,24.9524218618,35.003414658,29,29
0,v4-23-f3-r50-int8-224-128,edge-1,1,train,f3-r50-int8-224-128,onnx-inference-int8,128,r3-cpu-pressure,completed,9.0,0,19.6615283767,26,26,17,8.71038477499,17.166878418,17,17
0,v4-23-f3-r50-int8-224-128,edge-1,2,train,f3-r50-int8-224-128,onnx-inference-int8,128,r3-cpu-pressure,completed,9.0,0,19.6615283767,26,26,17,8.71038477499,17.166878418,17,17
0,v4-23-f3-r50-int8-224-128,edge-1,3,train,f3-r50-int8-224-128,onnx-inference-int8,128,r3-cpu-pressure,completed,9.0,0,19.6615283767,26,26,17,8.71038477499,17.166878418,17,17
0,v4-23-f3-r50-int8-224-128,edge-2,1,train,f3-r50-int8-224-128,onnx-inference-int8,128,none,completed,50.0,0,49.2108043809,26,26,83,47.7282651864,43.4131504724,83,83
0,v4-23-f3-r50-int8-224-128,edge-2,2,train,f3-r50-int8-224-128,onnx-inference-int8,128,none,completed,47.0,0,49.2108043809,26,26,83,47.7282651864,43.4131504724,83,83
0,v4-23-f3-r50-int8-224-128,edge-2,3,train,f3-r50-int8-224-128,onnx-inference-int8,128,none,completed,46.0,0,49.2108043809,26,26,83,47.7282651864,43.4131504724,83,83
0,v4-23-f3-r50-int8-224-128,on-prem,1,train,f3-r50-int8-224-128,onnx-inference-int8,128,none,completed,26.0,0,24.9384724193,26,26,29,26.4276364041,14.5238556406,29,29
0,v4-23-f3-r50-int8-224-128,on-prem,2,train,f3-r50-int8-224-128,onnx-inference-int8,128,none,completed,27.0,0,24.9384724193,26,26,29,26.4276364041,14.5238556406,29,29
0,v4-23-f3-r50-int8-224-128,on-prem,3,train,f3-r50-int8-224-128,onnx-inference-int8,128,none,completed,27.0,0,24.9384724193,26,26,29,26.4276364041,14.5238556406,29,29
0,v4-23-f3-r50-int8-224-128,public-cloud,1,train,f3-r50-int8-224-128,onnx-inference-int8,128,r3-cpu-pressure,completed,12.0,0,15.2991519097,26,26,13,11.0467926146,11.5582566272,13,13
0,v4-23-f3-r50-int8-224-128,public-cloud,2,train,f3-r50-int8-224-128,onnx-inference-int8,128,r3-cpu-pressure,completed,11.0,0,15.2991519097,26,26,13,11.0467926146,11.5582566272,13,13
0,v4-23-f3-r50-int8-224-128,public-cloud,3,train,f3-r50-int8-224-128,onnx-inference-int8,128,r3-cpu-pressure,completed,11.0,0,15.2991519097,26,26,13,11.0467926146,11.5582566272,13,13
0,v4-24-f5-sf2-q1-r2,edge-1,1,train,f5-sf2-q1-r2,duckdb-tpch,2,r3-cpu-pressure,completed,34.0,0,29.9991917716,26,21,21,33.4962684489,35.0786156398,21,21
0,v4-24-f5-sf2-q1-r2,edge-1,2,train,f5-sf2-q1-r2,duckdb-tpch,2,r3-cpu-pressure,completed,33.0,0,29.9991917716,26,21,21,33.4962684489,35.0786156398,21,21
0,v4-24-f5-sf2-q1-r2,edge-2,1,train,f5-sf2-q1-r2,duckdb-tpch,2,none,completed,106.0,0,69.202122452,26,21,48.5,106.995327001,87.2025490775,48.5,48.5
0,v4-24-f5-sf2-q1-r2,edge-2,2,train,f5-sf2-q1-r2,duckdb-tpch,2,none,completed,108.0,0,69.202122452,26,21,48.5,106.995327001,87.2025490775,48.5,48.5
0,v4-24-f5-sf2-q1-r2,on-prem,1,train,f5-sf2-q1-r2,duckdb-tpch,2,r2-heavy,completed,25.0,0,24.3022747811,26,21,19,28.2842712475,29.8296895051,19,19
0,v4-24-f5-sf2-q1-r2,on-prem,2,train,f5-sf2-q1-r2,duckdb-tpch,2,r2-heavy,completed,32.0,0,24.3022747811,26,21,19,28.2842712475,29.8296895051,19,19
0,v4-24-f5-sf2-q1-r2,public-cloud,1,train,f5-sf2-q1-r2,duckdb-tpch,2,r1-moderate,completed,26.0,0,20.5670174089,26,21,16,22.2261107709,23.9401412578,16,16
0,v4-24-f5-sf2-q1-r2,public-cloud,2,train,f5-sf2-q1-r2,duckdb-tpch,2,r1-moderate,completed,19.0,0,20.5670174089,26,21,16,22.2261107709,23.9401412578,16,16
0,v4-cal2-none,edge-1,1,startup-calibration,f9-startup-null,startup-calibration,1,none,completed,4.0,0,30.5470141906,26,26,23.5,20.0717473345,22.9012090498,26,26
0,v4-cal2-none,edge-2,1,startup-calibration,f9-startup-null,startup-calibration,1,none,completed,10.0,0,35.2846345116,26,26,78.5,20.0717473345,57.4320525286,26,26
0,v4-cal2-none,on-prem,1,startup-calibration,f9-startup-null,startup-calibration,1,none,completed,5.0,0,26.1779751337,26,26,21,20.0717473345,19.4239226127,26,26
0,v4-cal2-none,public-cloud,1,startup-calibration,f9-startup-null,startup-calibration,1,none,completed,5.0,0,21.5042984456,26,26,15,20.0717473345,15.5222395417,26,26
0,v4-cal2-r1-moderate,edge-1,1,startup-calibration,f9-startup-null,startup-calibration,1,r1-moderate,completed,4.0,0,31.0424275504,26,26,23.5,20.0717473345,22.9012090498,26,26
0,v4-cal2-r1-moderate,edge-2,1,startup-calibration,f9-startup-null,startup-calibration,1,r1-moderate,completed,10.0,0,35.8294184378,26,26,78.5,20.0717473345,57.4320525286,26,26
0,v4-cal2-r1-moderate,on-prem,1,startup-calibration,f9-startup-null,startup-calibration,1,r1-moderate,completed,5.0,0,26.0172627502,26,26,21,20.0717473345,19.4239226127,26,26
0,v4-cal2-r1-moderate,public-cloud,1,startup-calibration,f9-startup-null,startup-calibration,1,r1-moderate,completed,5.0,0,21.5765543793,26,26,15,20.0717473345,15.5222395417,26,26
0,v4-cal2-r2-heavy,edge-1,1,startup-calibration,f9-startup-null,startup-calibration,1,r2-heavy,completed,5.0,0,31.0308183301,26,26,23.5,20.0717473345,22.9012090498,26,26
0,v4-cal2-r2-heavy,edge-2,1,startup-calibration,f9-startup-null,startup-calibration,1,r2-heavy,completed,10.0,0,35.8721265032,26,26,78.5,20.0717473345,57.4320525286,26,26
0,v4-cal2-r2-heavy,on-prem,1,startup-calibration,f9-startup-null,startup-calibration,1,r2-heavy,completed,5.0,0,26.0669144142,26,26,21,20.0717473345,19.4239226127,26,26
0,v4-cal2-r2-heavy,public-cloud,1,startup-calibration,f9-startup-null,startup-calibration,1,r2-heavy,completed,5.0,0,22.1965469626,26,26,15,20.0717473345,15.5222395417,26,26
0,v4-cal2-r3-cpu-pressure,edge-1,1,startup-calibration,f9-startup-null,startup-calibration,1,r3-cpu-pressure,completed,4.0,0,31.3048154169,26,26,23.5,20.0717473345,22.9012090498,26,26
0,v4-cal2-r3-cpu-pressure,edge-2,1,startup-calibration,f9-startup-null,startup-calibration,1,r3-cpu-pressure,completed,10.0,0,36.0415291299,26,26,78.5,20.0717473345,57.4320525286,26,26
0,v4-cal2-r3-cpu-pressure,on-prem,1,startup-calibration,f9-startup-null,startup-calibration,1,r3-cpu-pressure,completed,5.0,0,25.575367235,26,26,21,20.0717473345,19.4239226127,26,26
0,v4-cal2-r3-cpu-pressure,public-cloud,1,startup-calibration,f9-startup-null,startup-calibration,1,r3-cpu-pressure,completed,6.0,0,22.0366039768,26,26,15,20.0717473345,15.5222395417,26,26
0,v4-25-f3-r50-fp32-224-128,edge-1,1,calibration,f3-r50-fp32-224-128,onnx-inference-fp32,128,none,completed,30.0,0,30.2708539634,26,29,40,22.0606803985,19.3557479946,40,40
0,v4-25-f3-r50-fp32-224-128,edge-1,2,calibration,f3-r50-fp32-224-128,onnx-inference-fp32,128,none,completed,29.0,0,30.2708539634,26,29,40,22.0606803985,19.3557479946,40,40
0,v4-25-f3-r50-fp32-224-128,edge-2,1,calibration,f3-r50-fp32-224-128,onnx-inference-fp32,128,r2-heavy,completed,116.0,0,69.6819070452,26,29,133,73.1576635433,48.7643501466,133,133
0,v4-25-f3-r50-fp32-224-128,edge-2,2,calibration,f3-r50-fp32-224-128,onnx-inference-fp32,128,r2-heavy,completed,114.0,0,69.6819070452,26,29,133,73.1576635433,48.7643501466,133,133
0,v4-25-f3-r50-fp32-224-128,on-prem,1,calibration,f3-r50-fp32-224-128,onnx-inference-fp32,128,none,completed,19.0,0,21.5143108656,26,29,20,15.8905866925,16.3942757833,20,20
0,v4-25-f3-r50-fp32-224-128,on-prem,2,calibration,f3-r50-fp32-224-128,onnx-inference-fp32,128,none,completed,18.0,0,21.5143108656,26,29,20,15.8905866925,16.3942757833,20,20
0,v4-25-f3-r50-fp32-224-128,public-cloud,1,calibration,f3-r50-fp32-224-128,onnx-inference-fp32,128,r3-cpu-pressure,completed,12.0,0,16.1554606606,26,29,14,8.66794374853,13.0713611482,14,14
0,v4-25-f3-r50-fp32-224-128,public-cloud,2,calibration,f3-r50-fp32-224-128,onnx-inference-fp32,128,r3-cpu-pressure,completed,11.0,0,16.1554606606,26,29,14,8.66794374853,13.0713611482,14,14
0,v4-26-f5-sf2-q9-r2,edge-1,1,calibration,f5-sf2-q9-r2,duckdb-tpch,2,none,completed,35.0,0,24.7578968803,26,21,21,33.4962684489,37.4649291904,21,21
0,v4-26-f5-sf2-q9-r2,edge-1,2,calibration,f5-sf2-q9-r2,duckdb-tpch,2,none,completed,24.0,0,24.7578968803,26,21,21,33.4962684489,37.4649291904,21,21
0,v4-26-f5-sf2-q9-r2,edge-2,1,calibration,f5-sf2-q9-r2,duckdb-tpch,2,r2-heavy,completed,132.0,0,69.2738839739,26,21,48.5,106.995327001,93.0364463689,48.5,48.5
0,v4-26-f5-sf2-q9-r2,edge-2,2,calibration,f5-sf2-q9-r2,duckdb-tpch,2,r2-heavy,completed,170.0,0,69.2738839739,26,21,48.5,106.995327001,93.0364463689,48.5,48.5
0,v4-26-f5-sf2-q9-r2,on-prem,1,calibration,f5-sf2-q9-r2,duckdb-tpch,2,r3-cpu-pressure,completed,25.0,0,22.275875615,26,21,19,28.2842712475,31.868828328,19,19
0,v4-26-f5-sf2-q9-r2,on-prem,2,calibration,f5-sf2-q9-r2,duckdb-tpch,2,r3-cpu-pressure,completed,24.0,0,22.275875615,26,21,19,28.2842712475,31.868828328,19,19
0,v4-26-f5-sf2-q9-r2,public-cloud,1,calibration,f5-sf2-q9-r2,duckdb-tpch,2,none,completed,20.0,0,17.3514604572,26,21,16,22.2261107709,25.589733294,16,16
0,v4-26-f5-sf2-q9-r2,public-cloud,2,calibration,f5-sf2-q9-r2,duckdb-tpch,2,none,completed,26.0,0,17.3514604572,26,21,16,22.2261107709,25.589733294,16,16
0,v4-27-f4-bfs-kron-22-n6,edge-1,1,calibration,f4-bfs-kron-22-n6,graph-kernel,22,none,completed,27.0,0,30.5175727909,26,17,17,78.6638417572,41.8761978076,17,17
0,v4-27-f4-bfs-kron-22-n6,edge-1,2,calibration,f4-bfs-kron-22-n6,graph-kernel,22,none,completed,27.0,0,30.5175727909,26,17,17,78.6638417572,41.8761978076,17,17
0,v4-27-f4-bfs-kron-22-n6,edge-2,1,calibration,f4-bfs-kron-22-n6,graph-kernel,22,none,completed,68.0,0,58.204892675,26,17,36,157.327683514,103.820816273,36,36
0,v4-27-f4-bfs-kron-22-n6,edge-2,2,calibration,f4-bfs-kron-22-n6,graph-kernel,22,none,completed,68.0,0,58.204892675,26,17,36,157.327683514,103.820816273,36,36
0,v4-27-f4-bfs-kron-22-n6,on-prem,1,calibration,f4-bfs-kron-22-n6,graph-kernel,22,none,completed,21.0,0,19.0336942191,26,17,13.5,25,35.6383200166,13.5,13.5
0,v4-27-f4-bfs-kron-22-n6,on-prem,2,calibration,f4-bfs-kron-22-n6,graph-kernel,22,none,completed,21.0,0,19.0336942191,26,17,13.5,25,35.6383200166,13.5,13.5
0,v4-27-f4-bfs-kron-22-n6,public-cloud,1,calibration,f4-bfs-kron-22-n6,graph-kernel,22,r2-heavy,completed,23.0,0,17.0641875189,26,17,13,17.4928556845,28.6391203197,13,13
0,v4-27-f4-bfs-kron-22-n6,public-cloud,2,calibration,f4-bfs-kron-22-n6,graph-kernel,22,r2-heavy,completed,23.0,0,17.0641875189,26,17,13,17.4928556845,28.6391203197,13,13
0,v4-28-f2-text-zstd12-aes-512,edge-1,1,calibration,f2-text-zstd12-aes-512,compress-encrypt,512,none,completed,125.0,0,4.14980482136,26,14,13,9.45487363819,5.49732377761,13,13
0,v4-28-f2-text-zstd12-aes-512,edge-1,2,calibration,f2-text-zstd12-aes-512,compress-encrypt,512,none,completed,124.0,0,4.14980482136,26,14,13,9.45487363819,5.49732377761,13,13
0,v4-28-f2-text-zstd12-aes-512,edge-1,3,calibration,f2-text-zstd12-aes-512,compress-encrypt,512,none,completed,126.0,0,4.14980482136,26,14,13,9.45487363819,5.49732377761,13,13
0,v4-28-f2-text-zstd12-aes-512,edge-2,1,calibration,f2-text-zstd12-aes-512,compress-encrypt,512,none,completed,423.0,0,63.3012347701,26,14,43,24.0311915462,14.884215877,43,43
0,v4-28-f2-text-zstd12-aes-512,edge-2,2,calibration,f2-text-zstd12-aes-512,compress-encrypt,512,none,completed,425.0,0,63.3012347701,26,14,43,24.0311915462,14.884215877,43,43
0,v4-28-f2-text-zstd12-aes-512,edge-2,3,calibration,f2-text-zstd12-aes-512,compress-encrypt,512,none,completed,424.0,0,63.3012347701,26,14,43,24.0311915462,14.884215877,43,43
0,v4-28-f2-text-zstd12-aes-512,on-prem,1,calibration,f2-text-zstd12-aes-512,compress-encrypt,512,r1-moderate,completed,62.0,0,5.45078824011,26,14,14,8.07520606464,4.5520554524,14,14
0,v4-28-f2-text-zstd12-aes-512,on-prem,2,calibration,f2-text-zstd12-aes-512,compress-encrypt,512,r1-moderate,completed,62.0,0,5.45078824011,26,14,14,8.07520606464,4.5520554524,14,14
0,v4-28-f2-text-zstd12-aes-512,on-prem,3,calibration,f2-text-zstd12-aes-512,compress-encrypt,512,r1-moderate,completed,62.0,0,5.45078824011,26,14,14,8.07520606464,4.5520554524,14,14
0,v4-28-f2-text-zstd12-aes-512,public-cloud,1,calibration,f2-text-zstd12-aes-512,compress-encrypt,512,r1-moderate,completed,47.0,0,4.6087316121,26,14,11,7.18892863305,3.49141880689,11,11
0,v4-28-f2-text-zstd12-aes-512,public-cloud,2,calibration,f2-text-zstd12-aes-512,compress-encrypt,512,r1-moderate,completed,47.0,0,4.6087316121,26,14,11,7.18892863305,3.49141880689,11,11
0,v4-28-f2-text-zstd12-aes-512,public-cloud,3,calibration,f2-text-zstd12-aes-512,compress-encrypt,512,r1-moderate,completed,47.0,0,4.6087316121,26,14,11,7.18892863305,3.49141880689,11,11
0,v4-29-f4-bfs-uniform-21-n4,edge-1,1,calibration,f4-bfs-uniform-21-n4,graph-kernel,21,none,completed,14.0,0,27.0664832604,26,17,17,15.4272486205,16.2268530743,17,17
0,v4-29-f4-bfs-uniform-21-n4,edge-1,2,calibration,f4-bfs-uniform-21-n4,graph-kernel,21,none,completed,13.0,0,27.0664832604,26,17,17,15.4272486205,16.2268530743,17,17
0,v4-29-f4-bfs-uniform-21-n4,edge-2,1,calibration,f4-bfs-uniform-21-n4,graph-kernel,21,none,completed,32.0,0,49.2763781481,26,17,36,35.7473528132,41.1150403581,36,36
0,v4-29-f4-bfs-uniform-21-n4,edge-2,2,calibration,f4-bfs-uniform-21-n4,graph-kernel,21,none,completed,32.0,0,49.2763781481,26,17,36,35.7473528132,41.1150403581,36,36
0,v4-29-f4-bfs-uniform-21-n4,on-prem,1,calibration,f4-bfs-uniform-21-n4,graph-kernel,21,r1-moderate,completed,10.0,0,17.4616963648,26,17,13.5,12.4497700445,13.7205906328,13.5,13.5
0,v4-29-f4-bfs-uniform-21-n4,on-prem,2,calibration,f4-bfs-uniform-21-n4,graph-kernel,21,r1-moderate,completed,10.0,0,17.4616963648,26,17,13.5,12.4497700445,13.7205906328,13.5,13.5
0,v4-29-f4-bfs-uniform-21-n4,public-cloud,1,calibration,f4-bfs-uniform-21-n4,graph-kernel,21,r2-heavy,completed,12.0,0,14.8506619479,26,17,13,11.9582607431,10.9084433114,13,13
0,v4-29-f4-bfs-uniform-21-n4,public-cloud,2,calibration,f4-bfs-uniform-21-n4,graph-kernel,21,r2-heavy,completed,12.0,0,14.8506619479,26,17,13,11.9582607431,10.9084433114,13,13
0,v4-30-f1-x264-720p-testsrc2-med-3600,edge-1,1,calibration,f1-x264-720p-testsrc2-med-3600,video-transcode,3600,r2-heavy,completed,114.0,0,41.2505946795,26,41.5,33.5,27.4059304276,69.8154502103,33.5,33.5
0,v4-30-f1-x264-720p-testsrc2-med-3600,edge-1,2,calibration,f1-x264-720p-testsrc2-med-3600,video-transcode,3600,r2-heavy,completed,114.0,0,41.2505946795,26,41.5,33.5,27.4059304276,69.8154502103,33.5,33.5
0,v4-30-f1-x264-720p-testsrc2-med-3600,edge-2,1,calibration,f1-x264-720p-testsrc2-med-3600,video-transcode,3600,none,completed,213.0,0,111.735490557,26,41.5,87,95.4590109134,172.12480293,87,87
0,v4-30-f1-x264-720p-testsrc2-med-3600,edge-2,2,calibration,f1-x264-720p-testsrc2-med-3600,video-transcode,3600,none,completed,210.0,0,111.735490557,26,41.5,87,95.4590109134,172.12480293,87,87
0,v4-30-f1-x264-720p-testsrc2-med-3600,on-prem,1,calibration,f1-x264-720p-testsrc2-med-3600,video-transcode,3600,r1-moderate,completed,68.0,0,34.7785743405,26,41.5,29,25.0884189044,59.5128080286,29,29
0,v4-30-f1-x264-720p-testsrc2-med-3600,on-prem,2,calibration,f1-x264-720p-testsrc2-med-3600,video-transcode,3600,r1-moderate,completed,68.0,0,34.7785743405,26,41.5,29,25.0884189044,59.5128080286,29,29
0,v4-30-f1-x264-720p-testsrc2-med-3600,public-cloud,1,calibration,f1-x264-720p-testsrc2-med-3600,video-transcode,3600,r1-moderate,completed,52.0,0,30.3089463601,26,41.5,29,20.2079868978,47.9527466661,29,29
0,v4-30-f1-x264-720p-testsrc2-med-3600,public-cloud,2,calibration,f1-x264-720p-testsrc2-med-3600,video-transcode,3600,r1-moderate,completed,51.0,0,30.3089463601,26,41.5,29,20.2079868978,47.9527466661,29,29
0,v4-31-f3-r50-int8-224-192,edge-1,1,calibration,f3-r50-int8-224-192,onnx-inference-int8,192,r1-moderate,completed,13.0,0,19.8101498828,26,26,17,10.2708221816,17.4421529345,17,17
0,v4-31-f3-r50-int8-224-192,edge-1,2,calibration,f3-r50-int8-224-192,onnx-inference-int8,192,r1-moderate,completed,13.0,0,19.8101498828,26,26,17,10.2708221816,17.4421529345,17,17
0,v4-31-f3-r50-int8-224-192,edge-1,3,calibration,f3-r50-int8-224-192,onnx-inference-int8,192,r1-moderate,completed,14.0,0,19.8101498828,26,26,17,10.2708221816,17.4421529345,17,17
0,v4-31-f3-r50-int8-224-192,edge-2,1,calibration,f3-r50-int8-224-192,onnx-inference-int8,192,none,completed,66.0,0,50.7929436754,26,26,83,52.1252312248,44.086122914,83,83
0,v4-31-f3-r50-int8-224-192,edge-2,2,calibration,f3-r50-int8-224-192,onnx-inference-int8,192,none,completed,64.0,0,50.7929436754,26,26,83,52.1252312248,44.086122914,83,83
0,v4-31-f3-r50-int8-224-192,edge-2,3,calibration,f3-r50-int8-224-192,onnx-inference-int8,192,none,completed,64.0,0,50.7929436754,26,26,83,52.1252312248,44.086122914,83,83
0,v4-31-f3-r50-int8-224-192,on-prem,1,calibration,f3-r50-int8-224-192,onnx-inference-int8,192,none,completed,35.0,0,26.4602648588,26,26,29,27.311304261,14.7590816248,29,29
0,v4-31-f3-r50-int8-224-192,on-prem,2,calibration,f3-r50-int8-224-192,onnx-inference-int8,192,none,completed,34.0,0,26.4602648588,26,26,29,27.311304261,14.7590816248,29,29
0,v4-31-f3-r50-int8-224-192,on-prem,3,calibration,f3-r50-int8-224-192,onnx-inference-int8,192,none,completed,34.0,0,26.4602648588,26,26,29,27.311304261,14.7590816248,29,29
0,v4-31-f3-r50-int8-224-192,public-cloud,1,calibration,f3-r50-int8-224-192,onnx-inference-int8,192,r3-cpu-pressure,completed,15.0,0,15.7021131724,26,26,13,11.7980767531,11.7485462268,13,13
0,v4-31-f3-r50-int8-224-192,public-cloud,2,calibration,f3-r50-int8-224-192,onnx-inference-int8,192,r3-cpu-pressure,completed,14.0,0,15.7021131724,26,26,13,11.7980767531,11.7485462268,13,13
0,v4-31-f3-r50-int8-224-192,public-cloud,3,calibration,f3-r50-int8-224-192,onnx-inference-int8,192,r3-cpu-pressure,completed,14.0,0,15.7021131724,26,26,13,11.7980767531,11.7485462268,13,13
0,v4-32-f2-text-zstd12-chacha-512,edge-1,1,calibration,f2-text-zstd12-chacha-512,compress-encrypt,512,none,completed,125.0,0,4.15056610505,26,14,13,9.45487363819,5.49732377761,13,13
0,v4-32-f2-text-zstd12-chacha-512,edge-1,2,calibration,f2-text-zstd12-chacha-512,compress-encrypt,512,none,completed,124.0,0,4.15056610505,26,14,13,9.45487363819,5.49732377761,13,13
0,v4-32-f2-text-zstd12-chacha-512,edge-1,3,calibration,f2-text-zstd12-chacha-512,compress-encrypt,512,none,completed,125.0,0,4.15056610505,26,14,13,9.45487363819,5.49732377761,13,13
0,v4-32-f2-text-zstd12-chacha-512,edge-2,1,calibration,f2-text-zstd12-chacha-512,compress-encrypt,512,r3-cpu-pressure,completed,437.0,0,64.8048128984,26,14,43,24.0311915462,14.884215877,43,43
0,v4-32-f2-text-zstd12-chacha-512,edge-2,2,calibration,f2-text-zstd12-chacha-512,compress-encrypt,512,r3-cpu-pressure,completed,438.0,0,64.8048128984,26,14,43,24.0311915462,14.884215877,43,43
0,v4-32-f2-text-zstd12-chacha-512,edge-2,3,calibration,f2-text-zstd12-chacha-512,compress-encrypt,512,r3-cpu-pressure,completed,439.0,0,64.8048128984,26,14,43,24.0311915462,14.884215877,43,43
0,v4-32-f2-text-zstd12-chacha-512,on-prem,1,calibration,f2-text-zstd12-chacha-512,compress-encrypt,512,none,completed,60.0,0,5.36987501784,26,14,14,8.07520606464,4.5520554524,14,14
0,v4-32-f2-text-zstd12-chacha-512,on-prem,2,calibration,f2-text-zstd12-chacha-512,compress-encrypt,512,none,completed,60.0,0,5.36987501784,26,14,14,8.07520606464,4.5520554524,14,14
0,v4-32-f2-text-zstd12-chacha-512,on-prem,3,calibration,f2-text-zstd12-chacha-512,compress-encrypt,512,none,completed,60.0,0,5.36987501784,26,14,14,8.07520606464,4.5520554524,14,14
0,v4-32-f2-text-zstd12-chacha-512,public-cloud,1,calibration,f2-text-zstd12-chacha-512,compress-encrypt,512,r1-moderate,completed,47.0,0,4.59646619473,26,14,11,7.18892863305,3.49141880689,11,11
0,v4-32-f2-text-zstd12-chacha-512,public-cloud,2,calibration,f2-text-zstd12-chacha-512,compress-encrypt,512,r1-moderate,completed,47.0,0,4.59646619473,26,14,11,7.18892863305,3.49141880689,11,11
0,v4-32-f2-text-zstd12-chacha-512,public-cloud,3,calibration,f2-text-zstd12-chacha-512,compress-encrypt,512,r1-moderate,completed,46.0,0,4.59646619473,26,14,11,7.18892863305,3.49141880689,11,11
0,v4-33-f3-r50-fp32-224-192,edge-1,1,calibration,f3-r50-fp32-224-192,onnx-inference-fp32,192,none,completed,40.0,0,30.8211782936,26,29,40,25.0434679479,19.7864982637,40,40
0,v4-33-f3-r50-fp32-224-192,edge-1,2,calibration,f3-r50-fp32-224-192,onnx-inference-fp32,192,none,completed,40.0,0,30.8211782936,26,29,40,25.0434679479,19.7864982637,40,40
0,v4-33-f3-r50-fp32-224-192,edge-2,1,calibration,f3-r50-fp32-224-192,onnx-inference-fp32,192,none,completed,127.0,0,70.6252334982,26,29,133,82.6200990122,49.8174191482,133,133
0,v4-33-f3-r50-fp32-224-192,edge-2,2,calibration,f3-r50-fp32-224-192,onnx-inference-fp32,192,none,completed,126.0,0,70.6252334982,26,29,133,82.6200990122,49.8174191482,133,133
0,v4-33-f3-r50-fp32-224-192,on-prem,1,calibration,f3-r50-fp32-224-192,onnx-inference-fp32,192,none,completed,25.0,0,21.4687584988,26,29,20,16.9780976142,16.7623580064,20,20
0,v4-33-f3-r50-fp32-224-192,on-prem,2,calibration,f3-r50-fp32-224-192,onnx-inference-fp32,192,none,completed,24.0,0,21.4687584988,26,29,20,16.9780976142,16.7623580064,20,20
0,v4-33-f3-r50-fp32-224-192,public-cloud,1,calibration,f3-r50-fp32-224-192,onnx-inference-fp32,192,r2-heavy,completed,18.0,0,17.2510441613,26,29,14,9.8395715419,13.3691268015,14,14
0,v4-33-f3-r50-fp32-224-192,public-cloud,2,calibration,f3-r50-fp32-224-192,onnx-inference-fp32,192,r2-heavy,completed,18.0,0,17.2510441613,26,29,14,9.8395715419,13.3691268015,14,14
0,v4-34-f3-r50-int8-224-288,edge-1,1,calibration,f3-r50-int8-224-288,onnx-inference-int8,288,r1-moderate,completed,17.0,0,20.0198292187,26,26,17,12.1108069289,17.9366779149,17,17
0,v4-34-f3-r50-int8-224-288,edge-1,2,calibration,f3-r50-int8-224-288,onnx-inference-int8,288,r1-moderate,completed,17.0,0,20.0198292187,26,26,17,12.1108069289,17.9366779149,17,17
0,v4-34-f3-r50-int8-224-288,edge-1,3,calibration,f3-r50-int8-224-288,onnx-inference-int8,288,r1-moderate,completed,17.0,0,20.0198292187,26,26,17,12.1108069289,17.9366779149,17,17
0,v4-34-f3-r50-int8-224-288,edge-2,1,calibration,f3-r50-int8-224-288,onnx-inference-int8,288,r2-heavy,completed,130.0,0,52.5775572548,26,26,83,56.9272677235,45.2951039982,83,83
0,v4-34-f3-r50-int8-224-288,edge-2,2,calibration,f3-r50-int8-224-288,onnx-inference-int8,288,r2-heavy,completed,117.0,0,52.5775572548,26,26,83,56.9272677235,45.2951039982,83,83
0,v4-34-f3-r50-int8-224-288,edge-2,3,calibration,f3-r50-int8-224-288,onnx-inference-int8,288,r2-heavy,completed,118.0,0,52.5775572548,26,26,83,56.9272677235,45.2951039982,83,83
0,v4-34-f3-r50-int8-224-288,on-prem,1,calibration,f3-r50-int8-224-288,onnx-inference-int8,288,none,completed,48.0,0,25.8772734961,26,26,29,28.2245195534,15.1816602445,29,29
0,v4-34-f3-r50-int8-224-288,on-prem,2,calibration,f3-r50-int8-224-288,onnx-inference-int8,288,none,completed,48.0,0,25.8772734961,26,26,29,28.2245195534,15.1816602445,29,29
0,v4-34-f3-r50-int8-224-288,on-prem,3,calibration,f3-r50-int8-224-288,onnx-inference-int8,288,none,completed,48.0,0,25.8772734961,26,26,29,28.2245195534,15.1816602445,29,29
0,v4-34-f3-r50-int8-224-288,public-cloud,1,calibration,f3-r50-int8-224-288,onnx-inference-int8,288,none,completed,17.0,0,14.3780081071,26,26,13,12.6004551664,12.0903975603,13,13
0,v4-34-f3-r50-int8-224-288,public-cloud,2,calibration,f3-r50-int8-224-288,onnx-inference-int8,288,none,completed,18.0,0,14.3780081071,26,26,13,12.6004551664,12.0903975603,13,13
0,v4-34-f3-r50-int8-224-288,public-cloud,3,calibration,f3-r50-int8-224-288,onnx-inference-int8,288,none,completed,19.0,0,14.3780081071,26,26,13,12.6004551664,12.0903975603,13,13
0,v4-35-f3-mnv2-int8-224-1500,edge-1,1,calibration,f3-mnv2-int8-224-1500,onnx-inference-int8,1500,none,completed,18.0,0,22.7412260383,26,26,17,23.6841224984,27.2746585085,17,17
0,v4-35-f3-mnv2-int8-224-1500,edge-1,2,calibration,f3-mnv2-int8-224-1500,onnx-inference-int8,1500,none,completed,17.0,0,22.7412260383,26,26,17,23.6841224984,27.2746585085,17,17
0,v4-35-f3-mnv2-int8-224-1500,edge-1,3,calibration,f3-mnv2-int8-224-1500,onnx-inference-int8,1500,none,completed,16.0,0,22.7412260383,26,26,17,23.6841224984,27.2746585085,17,17
0,v4-35-f3-mnv2-int8-224-1500,edge-2,1,calibration,f3-mnv2-int8-224-1500,onnx-inference-int8,1500,none,completed,67.0,0,65.3526308604,26,26,83,81.4873853038,68.1239647233,83,83
0,v4-35-f3-mnv2-int8-224-1500,edge-2,2,calibration,f3-mnv2-int8-224-1500,onnx-inference-int8,1500,none,completed,67.0,0,65.3526308604,26,26,83,81.4873853038,68.1239647233,83,83
0,v4-35-f3-mnv2-int8-224-1500,edge-2,3,calibration,f3-mnv2-int8-224-1500,onnx-inference-int8,1500,none,completed,67.0,0,65.3526308604,26,26,83,81.4873853038,68.1239647233,83,83
0,v4-35-f3-mnv2-int8-224-1500,on-prem,1,calibration,f3-mnv2-int8-224-1500,onnx-inference-int8,1500,r3-cpu-pressure,completed,28.0,0,29.9028562181,26,26,29,32.2673657568,23.1610972933,29,29
0,v4-35-f3-mnv2-int8-224-1500,on-prem,2,calibration,f3-mnv2-int8-224-1500,onnx-inference-int8,1500,r3-cpu-pressure,completed,30.0,0,29.9028562181,26,26,29,32.2673657568,23.1610972933,29,29
0,v4-35-f3-mnv2-int8-224-1500,on-prem,3,calibration,f3-mnv2-int8-224-1500,onnx-inference-int8,1500,r3-cpu-pressure,completed,30.0,0,29.9028562181,26,26,29,32.2673657568,23.1610972933,29,29
0,v4-35-f3-mnv2-int8-224-1500,public-cloud,1,calibration,f3-mnv2-int8-224-1500,onnx-inference-int8,1500,r3-cpu-pressure,completed,13.0,0,16.8529632201,26,26,13,16.4697778689,18.5454832375,13,13
0,v4-35-f3-mnv2-int8-224-1500,public-cloud,2,calibration,f3-mnv2-int8-224-1500,onnx-inference-int8,1500,r3-cpu-pressure,completed,13.0,0,16.8529632201,26,26,13,16.4697778689,18.5454832375,13,13
0,v4-35-f3-mnv2-int8-224-1500,public-cloud,3,calibration,f3-mnv2-int8-224-1500,onnx-inference-int8,1500,r3-cpu-pressure,completed,14.0,0,16.8529632201,26,26,13,16.4697778689,18.5454832375,13,13
0,v4-36-f5-sf3-q1-r2,edge-1,1,calibration,f5-sf3-q1-r2,duckdb-tpch,3,r3-cpu-pressure,completed,45.0,0,32.5145961745,26,21,21,46.1284807371,54.791414446,21,21
0,v4-36-f5-sf3-q1-r2,edge-1,2,calibration,f5-sf3-q1-r2,duckdb-tpch,3,r3-cpu-pressure,completed,48.0,0,32.5145961745,26,21,21,46.1284807371,54.791414446,21,21
0,v4-36-f5-sf3-q1-r2,edge-2,1,calibration,f5-sf3-q1-r2,duckdb-tpch,3,r3-cpu-pressure,completed,149.0,0,94.5567400346,26,21,48.5,172.68823875,135.395060717,48.5,48.5
0,v4-36-f5-sf3-q1-r2,edge-2,2,calibration,f5-sf3-q1-r2,duckdb-tpch,3,r3-cpu-pressure,completed,122.0,0,94.5567400346,26,21,48.5,172.68823875,135.395060717,48.5,48.5
0,v4-36-f5-sf3-q1-r2,on-prem,1,calibration,f5-sf3-q1-r2,duckdb-tpch,3,r3-cpu-pressure,completed,27.0,0,26.1234545401,26,21,19,40.8312476446,46.6745560748,19,19
0,v4-36-f5-sf3-q1-r2,on-prem,2,calibration,f5-sf3-q1-r2,duckdb-tpch,3,r3-cpu-pressure,completed,28.0,0,26.1234545401,26,21,19,40.8312476446,46.6745560748,19,19
0,v4-36-f5-sf3-q1-r2,public-cloud,1,calibration,f5-sf3-q1-r2,duckdb-tpch,3,none,completed,35.0,0,21.8213790586,26,21,16,29.3025423502,37.5670495549,16,16
0,v4-36-f5-sf3-q1-r2,public-cloud,2,calibration,f5-sf3-q1-r2,duckdb-tpch,3,none,completed,36.0,0,21.8213790586,26,21,16,29.3025423502,37.5670495549,16,16
0,v4-37-f3-r50-fp32-224-224,edge-1,1,calibration,f3-r50-fp32-224-224,onnx-inference-fp32,224,r3-cpu-pressure,completed,45.0,0,31.8755836052,26,29,40,26.2804759887,20.017451009,40,40
0,v4-37-f3-r50-fp32-224-224,edge-1,2,calibration,f3-r50-fp32-224-224,onnx-inference-fp32,224,r3-cpu-pressure,completed,45.0,0,31.8755836052,26,29,40,26.2804759887,20.017451009,40,40
0,v4-37-f3-r50-fp32-224-224,edge-2,1,calibration,f3-r50-fp32-224-224,onnx-inference-fp32,224,none,completed,146.0,0,71.5602240616,26,29,133,86.5304934237,50.3820367337,133,133
0,v4-37-f3-r50-fp32-224-224,edge-2,2,calibration,f3-r50-fp32-224-224,onnx-inference-fp32,224,none,completed,142.0,0,71.5602240616,26,29,133,86.5304934237,50.3820367337,133,133
0,v4-37-f3-r50-fp32-224-224,on-prem,1,calibration,f3-r50-fp32-224-224,onnx-inference-fp32,224,r1-moderate,completed,28.0,0,21.9290243193,26,29,20,17.4108079295,16.9597104076,20,20
0,v4-37-f3-r50-fp32-224-224,on-prem,2,calibration,f3-r50-fp32-224-224,onnx-inference-fp32,224,r1-moderate,completed,29.0,0,21.9290243193,26,29,20,17.4108079295,16.9597104076,20,20
0,v4-37-f3-r50-fp32-224-224,public-cloud,1,calibration,f3-r50-fp32-224-224,onnx-inference-fp32,224,none,completed,16.0,0,16.839017626,26,29,14,10.3254518922,13.5287779963,14,14
0,v4-37-f3-r50-fp32-224-224,public-cloud,2,calibration,f3-r50-fp32-224-224,onnx-inference-fp32,224,none,completed,15.0,0,16.839017626,26,29,14,10.3254518922,13.5287779963,14,14
0,v4-38-f1-x264-720p-testsrc2-med-800,edge-1,1,calibration,f1-x264-720p-testsrc2-med-800,video-transcode,800,r1-moderate,completed,24.0,0,42.3891449257,26,41.5,33.5,59.086408294,60.745412486,33.5,33.5
0,v4-38-f1-x264-720p-testsrc2-med-800,edge-1,2,calibration,f1-x264-720p-testsrc2-med-800,video-transcode,800,r1-moderate,completed,24.0,0,42.3891449257,26,41.5,33.5,59.086408294,60.745412486,33.5,33.5
0,v4-38-f1-x264-720p-testsrc2-med-800,edge-2,1,calibration,f1-x264-720p-testsrc2-med-800,video-transcode,800,none,completed,54.0,0,87.2922655343,26,41.5,87,135.130390019,149.950990733,87,87
0,v4-38-f1-x264-720p-testsrc2-med-800,edge-2,2,calibration,f1-x264-720p-testsrc2-med-800,video-transcode,800,none,completed,54.0,0,87.2922655343,26,41.5,87,135.130390019,149.950990733,87,87
0,v4-38-f1-x264-720p-testsrc2-med-800,on-prem,1,calibration,f1-x264-720p-testsrc2-med-800,video-transcode,800,none,completed,19.0,0,35.2545789692,26,41.5,29,49.9515282107,51.7623319674,29,29
0,v4-38-f1-x264-720p-testsrc2-med-800,on-prem,2,calibration,f1-x264-720p-testsrc2-med-800,video-transcode,800,none,completed,19.0,0,35.2545789692,26,41.5,29,49.9515282107,51.7623319674,29,29
0,v4-38-f1-x264-720p-testsrc2-med-800,public-cloud,1,calibration,f1-x264-720p-testsrc2-med-800,video-transcode,800,r3-cpu-pressure,completed,17.0,0,30.7330463238,26,41.5,29,44.1851061106,41.6828824253,29,29
0,v4-38-f1-x264-720p-testsrc2-med-800,public-cloud,2,calibration,f1-x264-720p-testsrc2-med-800,video-transcode,800,r3-cpu-pressure,completed,17.0,0,30.7330463238,26,41.5,29,44.1851061106,41.6828824253,29,29
0,v4-39-f4-cc-kron-21-n1,edge-1,1,calibration,f4-cc-kron-21-n1,graph-kernel,21,r3-cpu-pressure,completed,15.0,0,34.2775190323,26,17,17,15.4272486205,17.7899087977,17,17
0,v4-39-f4-cc-kron-21-n1,edge-1,2,calibration,f4-cc-kron-21-n1,graph-kernel,21,r3-cpu-pressure,completed,14.0,0,34.2775190323,26,17,17,15.4272486205,17.7899087977,17,17
0,v4-39-f4-cc-kron-21-n1,edge-2,1,calibration,f4-cc-kron-21-n1,graph-kernel,21,none,completed,36.0,0,55.2197630772,26,17,36,35.7473528132,44.936292829,36,36
0,v4-39-f4-cc-kron-21-n1,edge-2,2,calibration,f4-cc-kron-21-n1,graph-kernel,21,none,completed,35.0,0,55.2197630772,26,17,36,35.7473528132,44.936292829,36,36
0,v4-39-f4-cc-kron-21-n1,on-prem,1,calibration,f4-cc-kron-21-n1,graph-kernel,21,r3-cpu-pressure,completed,11.0,0,22.314545527,26,17,13.5,12.4497700445,15.0562439493,13.5,13.5
0,v4-39-f4-cc-kron-21-n1,on-prem,2,calibration,f4-cc-kron-21-n1,graph-kernel,21,r3-cpu-pressure,completed,11.0,0,22.314545527,26,17,13.5,12.4497700445,15.0562439493,13.5,13.5
0,v4-39-f4-cc-kron-21-n1,public-cloud,1,calibration,f4-cc-kron-21-n1,graph-kernel,21,r1-moderate,completed,11.0,0,18.7055805313,26,17,13,11.9582607431,11.988940161,13,13
0,v4-39-f4-cc-kron-21-n1,public-cloud,2,calibration,f4-cc-kron-21-n1,graph-kernel,21,r1-moderate,completed,12.0,0,18.7055805313,26,17,13,11.9582607431,11.988940161,13,13
0,v4-40-f4-pr-kron-21-n1,edge-1,1,calibration,f4-pr-kron-21-n1,graph-kernel,21,r2-heavy,completed,25.0,0,34.2016520836,26,17,17,15.4272486205,17.7899087977,17,17
0,v4-40-f4-pr-kron-21-n1,edge-1,2,calibration,f4-pr-kron-21-n1,graph-kernel,21,r2-heavy,completed,25.0,0,34.2016520836,26,17,17,15.4272486205,17.7899087977,17,17
0,v4-40-f4-pr-kron-21-n1,edge-2,1,calibration,f4-pr-kron-21-n1,graph-kernel,21,r3-cpu-pressure,completed,55.0,0,56.4396655028,26,17,36,35.7473528132,44.936292829,36,36
0,v4-40-f4-pr-kron-21-n1,edge-2,2,calibration,f4-pr-kron-21-n1,graph-kernel,21,r3-cpu-pressure,completed,54.0,0,56.4396655028,26,17,36,35.7473528132,44.936292829,36,36
0,v4-40-f4-pr-kron-21-n1,on-prem,1,calibration,f4-pr-kron-21-n1,graph-kernel,21,none,completed,12.0,0,22.4664805045,26,17,13.5,12.4497700445,15.0562439493,13.5,13.5
0,v4-40-f4-pr-kron-21-n1,on-prem,2,calibration,f4-pr-kron-21-n1,graph-kernel,21,none,completed,14.0,0,22.4664805045,26,17,13.5,12.4497700445,15.0562439493,13.5,13.5
0,v4-40-f4-pr-kron-21-n1,public-cloud,1,calibration,f4-pr-kron-21-n1,graph-kernel,21,none,completed,12.0,0,18.6999539637,26,17,13,11.9582607431,11.988940161,13,13
0,v4-40-f4-pr-kron-21-n1,public-cloud,2,calibration,f4-pr-kron-21-n1,graph-kernel,21,none,completed,12.0,0,18.6999539637,26,17,13,11.9582607431,11.988940161,13,13
0,v4-41-f5-sf3-q21-r2,edge-1,1,calibration,f5-sf3-q21-r2,duckdb-tpch,3,none,completed,33.0,0,22.8175477443,26,21,21,46.1284807371,61.1814028359,21,21
0,v4-41-f5-sf3-q21-r2,edge-1,2,calibration,f5-sf3-q21-r2,duckdb-tpch,3,none,completed,46.0,0,22.8175477443,26,21,21,46.1284807371,61.1814028359,21,21
0,v4-41-f5-sf3-q21-r2,edge-2,1,calibration,f5-sf3-q21-r2,duckdb-tpch,3,none,completed,147.0,0,89.4401046734,26,21,48.5,172.68823875,151.016870328,48.5,48.5
0,v4-41-f5-sf3-q21-r2,edge-2,2,calibration,f5-sf3-q21-r2,duckdb-tpch,3,none,completed,134.0,0,89.4401046734,26,21,48.5,172.68823875,151.016870328,48.5,48.5
0,v4-41-f5-sf3-q21-r2,on-prem,1,calibration,f5-sf3-q21-r2,duckdb-tpch,3,none,completed,28.0,0,22.9129248827,26,21,19,40.8312476446,52.1348919139,19,19
0,v4-41-f5-sf3-q21-r2,on-prem,2,calibration,f5-sf3-q21-r2,duckdb-tpch,3,none,completed,28.0,0,22.9129248827,26,21,19,40.8312476446,52.1348919139,19,19
0,v4-41-f5-sf3-q21-r2,public-cloud,1,calibration,f5-sf3-q21-r2,duckdb-tpch,3,none,completed,25.0,0,15.9584560569,26,21,16,29.3025423502,41.9842704004,16,16
0,v4-41-f5-sf3-q21-r2,public-cloud,2,calibration,f5-sf3-q21-r2,duckdb-tpch,3,none,completed,24.0,0,15.9584560569,26,21,16,29.3025423502,41.9842704004,16,16
0,v4-42-f3-mnv2-int8-224-2000,edge-1,1,calibration,f3-mnv2-int8-224-2000,onnx-inference-int8,2000,none,completed,19.0,0,23.8018820392,26,26,17,26.6216831835,32.6128491593,17,17
0,v4-42-f3-mnv2-int8-224-2000,edge-1,2,calibration,f3-mnv2-int8-224-2000,onnx-inference-int8,2000,none,completed,19.0,0,23.8018820392,26,26,17,26.6216831835,32.6128491593,17,17
0,v4-42-f3-mnv2-int8-224-2000,edge-1,3,calibration,f3-mnv2-int8-224-2000,onnx-inference-int8,2000,none,completed,19.0,0,23.8018820392,26,26,17,26.6216831835,32.6128491593,17,17
0,v4-42-f3-mnv2-int8-224-2000,edge-2,1,calibration,f3-mnv2-int8-224-2000,onnx-inference-int8,2000,r1-moderate,completed,91.0,0,71.2369074345,26,26,83,86.7451183752,81.1744106594,83,83
0,v4-42-f3-mnv2-int8-224-2000,edge-2,2,calibration,f3-mnv2-int8-224-2000,onnx-inference-int8,2000,r1-moderate,completed,91.0,0,71.2369074345,26,26,83,86.7451183752,81.1744106594,83,83
0,v4-42-f3-mnv2-int8-224-2000,edge-2,3,calibration,f3-mnv2-int8-224-2000,onnx-inference-int8,2000,r1-moderate,completed,92.0,0,71.2369074345,26,26,83,86.7451183752,81.1744106594,83,83
0,v4-42-f3-mnv2-int8-224-2000,on-prem,1,calibration,f3-mnv2-int8-224-2000,onnx-inference-int8,2000,none,completed,36.0,0,31.1162499228,26,26,29,33.0292151919,27.7226570252,29,29
0,v4-42-f3-mnv2-int8-224-2000,on-prem,2,calibration,f3-mnv2-int8-224-2000,onnx-inference-int8,2000,none,completed,36.0,0,31.1162499228,26,26,29,33.0292151919,27.7226570252,29,29
0,v4-42-f3-mnv2-int8-224-2000,on-prem,3,calibration,f3-mnv2-int8-224-2000,onnx-inference-int8,2000,none,completed,37.0,0,31.1162499228,26,26,29,33.0292151919,27.7226570252,29,29
0,v4-42-f3-mnv2-int8-224-2000,public-cloud,1,calibration,f3-mnv2-int8-224-2000,onnx-inference-int8,2000,r2-heavy,completed,22.0,0,17.5931500454,26,26,13,17.2568704372,22.235625626,13,13
0,v4-42-f3-mnv2-int8-224-2000,public-cloud,2,calibration,f3-mnv2-int8-224-2000,onnx-inference-int8,2000,r2-heavy,completed,22.0,0,17.5931500454,26,26,13,17.2568704372,22.235625626,13,13
0,v4-42-f3-mnv2-int8-224-2000,public-cloud,3,calibration,f3-mnv2-int8-224-2000,onnx-inference-int8,2000,r2-heavy,completed,22.0,0,17.5931500454,26,26,13,17.2568704372,22.235625626,13,13
0,v4-43-f0-cpu-45k,edge-1,1,calibration,f0-cpu-45k,stress-ng-cpu,45000,none,completed,82.0,0,56.9767762932,26,51,81.5,81.4984662432,42.6451571105,81.5,81.5
0,v4-43-f0-cpu-45k,edge-1,2,calibration,f0-cpu-45k,stress-ng-cpu,45000,none,completed,82.0,0,56.9767762932,26,51,81.5,81.4984662432,42.6451571105,81.5,81.5
0,v4-43-f0-cpu-45k,edge-2,1,calibration,f0-cpu-45k,stress-ng-cpu,45000,none,completed,148.0,0,89.7570855213,26,51,156,155.740168229,105.70071575,156,156
0,v4-43-f0-cpu-45k,edge-2,2,calibration,f0-cpu-45k,stress-ng-cpu,45000,none,completed,147.0,0,89.7570855213,26,51,156,155.740168229,105.70071575,156,156
0,v4-43-f0-cpu-45k,on-prem,1,calibration,f0-cpu-45k,stress-ng-cpu,45000,none,completed,21.0,0,22.9050458732,26,51,20.5,20.4939015319,36.2954066628,20.5,20.5
0,v4-43-f0-cpu-45k,on-prem,2,calibration,f0-cpu-45k,stress-ng-cpu,45000,none,completed,22.0,0,22.9050458732,26,51,20.5,20.4939015319,36.2954066628,20.5,20.5
0,v4-43-f0-cpu-45k,public-cloud,1,calibration,f0-cpu-45k,stress-ng-cpu,45000,r2-heavy,completed,19.0,0,20.6530404156,26,51,18,18,29.1706804502,18,18
0,v4-43-f0-cpu-45k,public-cloud,2,calibration,f0-cpu-45k,stress-ng-cpu,45000,r2-heavy,completed,20.0,0,20.6530404156,26,51,18,18,29.1706804502,18,18
0,v4-44-f0-cpu-45k,edge-1,1,test,f0-cpu-45k,stress-ng-cpu,45000,r3-cpu-pressure,completed,82.0,0,58.3029579712,26,51,81.5,81.4984662432,42.6451571105,81.5,81.5
0,v4-44-f0-cpu-45k,edge-1,2,test,f0-cpu-45k,stress-ng-cpu,45000,r3-cpu-pressure,completed,82.0,0,58.3029579712,26,51,81.5,81.4984662432,42.6451571105,81.5,81.5
0,v4-44-f0-cpu-45k,edge-2,1,test,f0-cpu-45k,stress-ng-cpu,45000,none,completed,148.0,0,89.0672717772,26,51,156,155.740168229,105.70071575,156,156
0,v4-44-f0-cpu-45k,edge-2,2,test,f0-cpu-45k,stress-ng-cpu,45000,none,completed,147.0,0,89.0672717772,26,51,156,155.740168229,105.70071575,156,156
0,v4-44-f0-cpu-45k,on-prem,1,test,f0-cpu-45k,stress-ng-cpu,45000,r3-cpu-pressure,completed,21.0,0,23.1225340625,26,51,20.5,20.4939015319,36.2954066628,20.5,20.5
0,v4-44-f0-cpu-45k,on-prem,2,test,f0-cpu-45k,stress-ng-cpu,45000,r3-cpu-pressure,completed,22.0,0,23.1225340625,26,51,20.5,20.4939015319,36.2954066628,20.5,20.5
0,v4-44-f0-cpu-45k,public-cloud,1,test,f0-cpu-45k,stress-ng-cpu,45000,r1-moderate,completed,18.0,0,20.5730121528,26,51,18,18,29.1706804502,18,18
0,v4-44-f0-cpu-45k,public-cloud,2,test,f0-cpu-45k,stress-ng-cpu,45000,r1-moderate,completed,19.0,0,20.5730121528,26,51,18,18,29.1706804502,18,18
0,v4-45-f3-r50-int8-224-128,edge-1,1,test,f3-r50-int8-224-128,onnx-inference-int8,128,r3-cpu-pressure,completed,9.0,0,19.8126137482,26,26,17,8.71038477499,17.166878418,17,17
0,v4-45-f3-r50-int8-224-128,edge-1,2,test,f3-r50-int8-224-128,onnx-inference-int8,128,r3-cpu-pressure,completed,10.0,0,19.8126137482,26,26,17,8.71038477499,17.166878418,17,17
0,v4-45-f3-r50-int8-224-128,edge-1,3,test,f3-r50-int8-224-128,onnx-inference-int8,128,r3-cpu-pressure,completed,10.0,0,19.8126137482,26,26,17,8.71038477499,17.166878418,17,17
0,v4-45-f3-r50-int8-224-128,edge-2,1,test,f3-r50-int8-224-128,onnx-inference-int8,128,none,completed,48.0,0,49.4075953814,26,26,83,47.7282651864,43.4131504724,83,83
0,v4-45-f3-r50-int8-224-128,edge-2,2,test,f3-r50-int8-224-128,onnx-inference-int8,128,none,completed,46.0,0,49.4075953814,26,26,83,47.7282651864,43.4131504724,83,83
0,v4-45-f3-r50-int8-224-128,edge-2,3,test,f3-r50-int8-224-128,onnx-inference-int8,128,none,completed,47.0,0,49.4075953814,26,26,83,47.7282651864,43.4131504724,83,83
0,v4-45-f3-r50-int8-224-128,on-prem,1,test,f3-r50-int8-224-128,onnx-inference-int8,128,none,completed,26.0,0,25.8177622868,26,26,29,26.4276364041,14.5238556406,29,29
0,v4-45-f3-r50-int8-224-128,on-prem,2,test,f3-r50-int8-224-128,onnx-inference-int8,128,none,completed,25.0,0,25.8177622868,26,26,29,26.4276364041,14.5238556406,29,29
0,v4-45-f3-r50-int8-224-128,on-prem,3,test,f3-r50-int8-224-128,onnx-inference-int8,128,none,completed,24.0,0,25.8177622868,26,26,29,26.4276364041,14.5238556406,29,29
0,v4-45-f3-r50-int8-224-128,public-cloud,1,test,f3-r50-int8-224-128,onnx-inference-int8,128,r2-heavy,completed,14.0,0,15.3497448962,26,26,13,11.0467926146,11.5582566272,13,13
0,v4-45-f3-r50-int8-224-128,public-cloud,2,test,f3-r50-int8-224-128,onnx-inference-int8,128,r2-heavy,completed,15.0,0,15.3497448962,26,26,13,11.0467926146,11.5582566272,13,13
0,v4-45-f3-r50-int8-224-128,public-cloud,3,test,f3-r50-int8-224-128,onnx-inference-int8,128,r2-heavy,completed,16.0,0,15.3497448962,26,26,13,11.0467926146,11.5582566272,13,13
0,v4-46-f3-r50-int8-224-192,edge-1,1,test,f3-r50-int8-224-192,onnx-inference-int8,192,none,completed,12.0,0,19.5545512994,26,26,17,10.2708221816,17.4421529345,17,17
0,v4-46-f3-r50-int8-224-192,edge-1,2,test,f3-r50-int8-224-192,onnx-inference-int8,192,none,completed,11.0,0,19.5545512994,26,26,17,10.2708221816,17.4421529345,17,17
0,v4-46-f3-r50-int8-224-192,edge-1,3,test,f3-r50-int8-224-192,onnx-inference-int8,192,none,completed,12.0,0,19.5545512994,26,26,17,10.2708221816,17.4421529345,17,17
0,v4-46-f3-r50-int8-224-192,edge-2,1,test,f3-r50-int8-224-192,onnx-inference-int8,192,none,completed,64.0,0,50.6975660976,26,26,83,52.1252312248,44.086122914,83,83
0,v4-46-f3-r50-int8-224-192,edge-2,2,test,f3-r50-int8-224-192,onnx-inference-int8,192,none,completed,64.0,0,50.6975660976,26,26,83,52.1252312248,44.086122914,83,83
0,v4-46-f3-r50-int8-224-192,edge-2,3,test,f3-r50-int8-224-192,onnx-inference-int8,192,none,completed,65.0,0,50.6975660976,26,26,83,52.1252312248,44.086122914,83,83
0,v4-46-f3-r50-int8-224-192,on-prem,1,test,f3-r50-int8-224-192,onnx-inference-int8,192,none,completed,35.0,0,26.6356729342,26,26,29,27.311304261,14.7590816248,29,29
0,v4-46-f3-r50-int8-224-192,on-prem,2,test,f3-r50-int8-224-192,onnx-inference-int8,192,none,completed,34.0,0,26.6356729342,26,26,29,27.311304261,14.7590816248,29,29
0,v4-46-f3-r50-int8-224-192,on-prem,3,test,f3-r50-int8-224-192,onnx-inference-int8,192,none,completed,35.0,0,26.6356729342,26,26,29,27.311304261,14.7590816248,29,29
0,v4-46-f3-r50-int8-224-192,public-cloud,1,test,f3-r50-int8-224-192,onnx-inference-int8,192,none,completed,13.0,0,14.9921281174,26,26,13,11.7980767531,11.7485462268,13,13
0,v4-46-f3-r50-int8-224-192,public-cloud,2,test,f3-r50-int8-224-192,onnx-inference-int8,192,none,completed,13.0,0,14.9921281174,26,26,13,11.7980767531,11.7485462268,13,13
0,v4-46-f3-r50-int8-224-192,public-cloud,3,test,f3-r50-int8-224-192,onnx-inference-int8,192,none,completed,14.0,0,14.9921281174,26,26,13,11.7980767531,11.7485462268,13,13
0,v4-47-f3-r50-fp32-224-288,edge-1,1,test,f3-r50-fp32-224-288,onnx-inference-fp32,288,r2-heavy,completed,81.0,0,32.1744523038,26,29,40,28.4295531927,20.5016885043,40,40
0,v4-47-f3-r50-fp32-224-288,edge-1,2,test,f3-r50-fp32-224-288,onnx-inference-fp32,288,r2-heavy,completed,81.0,0,32.1744523038,26,29,40,28.4295531927,20.5016885043,40,40
0,v4-47-f3-r50-fp32-224-288,edge-2,1,test,f3-r50-fp32-224-288,onnx-inference-fp32,288,r1-moderate,completed,188.0,0,73.86967135,26,29,133,93.3064347626,51.5658676731,133,133
0,v4-47-f3-r50-fp32-224-288,edge-2,2,test,f3-r50-fp32-224-288,onnx-inference-fp32,288,r1-moderate,completed,185.0,0,73.86967135,26,29,133,93.3064347626,51.5658676731,133,133
0,v4-47-f3-r50-fp32-224-288,on-prem,1,test,f3-r50-fp32-224-288,onnx-inference-fp32,288,none,completed,33.0,0,22.162511904,26,29,20,18.140034989,17.3734982251,20,20
0,v4-47-f3-r50-fp32-224-288,on-prem,2,test,f3-r50-fp32-224-288,onnx-inference-fp32,288,none,completed,33.0,0,22.162511904,26,29,20,18.140034989,17.3734982251,20,20
0,v4-47-f3-r50-fp32-224-288,public-cloud,1,test,f3-r50-fp32-224-288,onnx-inference-fp32,288,r3-cpu-pressure,completed,19.0,0,17.0663679395,26,29,14,11.169565809,13.8635178781,14,14
0,v4-47-f3-r50-fp32-224-288,public-cloud,2,test,f3-r50-fp32-224-288,onnx-inference-fp32,288,r3-cpu-pressure,completed,18.0,0,17.0663679395,26,29,14,11.169565809,13.8635178781,14,14
0,v4-48-f1-x264-720p-testsrc2-veryfast-2400,edge-1,1,test,f1-x264-720p-testsrc2-veryfast-2400,video-transcode,2400,none,completed,30.0,0,40.6890562044,26,41.5,33.5,33.7122033119,51.0828388958,33.5,33.5
0,v4-48-f1-x264-720p-testsrc2-veryfast-2400,edge-1,2,test,f1-x264-720p-testsrc2-veryfast-2400,video-transcode,2400,none,completed,30.0,0,40.6890562044,26,41.5,33.5,33.7122033119,51.0828388958,33.5,33.5
0,v4-48-f1-x264-720p-testsrc2-veryfast-2400,edge-2,1,test,f1-x264-720p-testsrc2-veryfast-2400,video-transcode,2400,none,completed,74.0,0,99.3448755136,26,41.5,87,104.834897508,126.328587096,87,87
0,v4-48-f1-x264-720p-testsrc2-veryfast-2400,edge-2,2,test,f1-x264-720p-testsrc2-veryfast-2400,video-transcode,2400,none,completed,75.0,0,99.3448755136,26,41.5,87,104.834897508,126.328587096,87,87
0,v4-48-f1-x264-720p-testsrc2-veryfast-2400,on-prem,1,test,f1-x264-720p-testsrc2-veryfast-2400,video-transcode,2400,none,completed,26.0,0,35.6511390786,26,41.5,29,30.2062805505,43.5055255927,29,29
0,v4-48-f1-x264-720p-testsrc2-veryfast-2400,on-prem,2,test,f1-x264-720p-testsrc2-veryfast-2400,video-transcode,2400,none,completed,27.0,0,35.6511390786,26,41.5,29,30.2062805505,43.5055255927,29,29
0,v4-48-f1-x264-720p-testsrc2-veryfast-2400,public-cloud,1,test,f1-x264-720p-testsrc2-veryfast-2400,video-transcode,2400,none,completed,22.0,0,29.3490041368,26,41.5,29,24.9524218618,35.003414658,29,29
0,v4-48-f1-x264-720p-testsrc2-veryfast-2400,public-cloud,2,test,f1-x264-720p-testsrc2-veryfast-2400,video-transcode,2400,none,completed,20.0,0,29.3490041368,26,41.5,29,24.9524218618,35.003414658,29,29
0,v4-49-f4-pr-kron-22-n1,edge-1,1,test,f4-pr-kron-22-n1,graph-kernel,22,none,completed,33.0,0,41.343384321,26,17,17,78.6638417572,47.4846820698,17,17
0,v4-49-f4-pr-kron-22-n1,edge-1,2,test,f4-pr-kron-22-n1,graph-kernel,22,none,completed,34.0,0,41.343384321,26,17,17,78.6638417572,47.4846820698,17,17
0,v4-49-f4-pr-kron-22-n1,edge-2,1,test,f4-pr-kron-22-n1,graph-kernel,22,none,completed,104.0,0,68.1113225112,26,17,36,157.327683514,117.532057673,36,36
0,v4-49-f4-pr-kron-22-n1,edge-2,2,test,f4-pr-kron-22-n1,graph-kernel,22,none,completed,104.0,0,68.1113225112,26,17,36,157.327683514,117.532057673,36,36
0,v4-49-f4-pr-kron-22-n1,on-prem,1,test,f4-pr-kron-22-n1,graph-kernel,22,none,completed,26.0,0,27.9395056789,26,17,13.5,25,40.4308494786,13.5,13.5
0,v4-49-f4-pr-kron-22-n1,on-prem,2,test,f4-pr-kron-22-n1,graph-kernel,22,none,completed,24.0,0,27.9395056789,26,17,13.5,25,40.4308494786,13.5,13.5
0,v4-49-f4-pr-kron-22-n1,public-cloud,1,test,f4-pr-kron-22-n1,graph-kernel,22,r2-heavy,completed,26.0,0,23.275749053,26,17,13,17.4928556845,32.5161091471,13,13
0,v4-49-f4-pr-kron-22-n1,public-cloud,2,test,f4-pr-kron-22-n1,graph-kernel,22,r2-heavy,completed,26.0,0,23.275749053,26,17,13,17.4928556845,32.5161091471,13,13
0,v4-50-f2-mixed-zstd1-aes-1024,edge-1,1,test,f2-mixed-zstd1-aes-1024,compress-encrypt,1024,r3-cpu-pressure,completed,29.0,0,19.4817386214,26,14,13,15.4806233545,18.5645038157,13,13
0,v4-50-f2-mixed-zstd1-aes-1024,edge-1,2,test,f2-mixed-zstd1-aes-1024,compress-encrypt,1024,r3-cpu-pressure,completed,29.0,0,19.4817386214,26,14,13,15.4806233545,18.5645038157,13,13
0,v4-50-f2-mixed-zstd1-aes-1024,edge-1,3,test,f2-mixed-zstd1-aes-1024,compress-encrypt,1024,r3-cpu-pressure,completed,30.0,0,19.4817386214,26,14,13,15.4806233545,18.5645038157,13,13
0,v4-50-f2-mixed-zstd1-aes-1024,edge-2,1,test,f2-mixed-zstd1-aes-1024,compress-encrypt,1024,none,completed,106.0,0,44.7407410885,26,14,43,53.5926086646,46.829970119,43,43
0,v4-50-f2-mixed-zstd1-aes-1024,edge-2,2,test,f2-mixed-zstd1-aes-1024,compress-encrypt,1024,none,completed,106.0,0,44.7407410885,26,14,43,53.5926086646,46.829970119,43,43
0,v4-50-f2-mixed-zstd1-aes-1024,edge-2,3,test,f2-mixed-zstd1-aes-1024,compress-encrypt,1024,none,completed,105.0,0,44.7407410885,26,14,43,53.5926086646,46.829970119,43,43
0,v4-50-f2-mixed-zstd1-aes-1024,on-prem,1,test,f2-mixed-zstd1-aes-1024,compress-encrypt,1024,none,completed,26.0,0,18.0884087165,26,14,14,15.6377327498,15.7181463941,14,14
0,v4-50-f2-mixed-zstd1-aes-1024,on-prem,2,test,f2-mixed-zstd1-aes-1024,compress-encrypt,1024,none,completed,27.0,0,18.0884087165,26,14,14,15.6377327498,15.7181463941,14,14
0,v4-50-f2-mixed-zstd1-aes-1024,on-prem,3,test,f2-mixed-zstd1-aes-1024,compress-encrypt,1024,none,completed,26.0,0,18.0884087165,26,14,14,15.6377327498,15.7181463941,14,14
0,v4-50-f2-mixed-zstd1-aes-1024,public-cloud,1,test,f2-mixed-zstd1-aes-1024,compress-encrypt,1024,r2-heavy,completed,28.0,0,15.6951052138,26,14,11,12.8933165602,12.5243961042,11,11
0,v4-50-f2-mixed-zstd1-aes-1024,public-cloud,2,test,f2-mixed-zstd1-aes-1024,compress-encrypt,1024,r2-heavy,completed,28.0,0,15.6951052138,26,14,11,12.8933165602,12.5243961042,11,11
0,v4-50-f2-mixed-zstd1-aes-1024,public-cloud,3,test,f2-mixed-zstd1-aes-1024,compress-encrypt,1024,r2-heavy,completed,29.0,0,15.6951052138,26,14,11,12.8933165602,12.5243961042,11,11
0,v4-51-f2-random-zstd1-aes-1152,edge-1,1,test,f2-random-zstd1-aes-1152,compress-encrypt,1152,r1-moderate,completed,13.0,0,19.5737665616,26,14,13,16.8335202705,20.4330392022,13,13
0,v4-51-f2-random-zstd1-aes-1152,edge-1,2,test,f2-random-zstd1-aes-1152,compress-encrypt,1152,r1-moderate,completed,13.0,0,19.5737665616,26,14,13,16.8335202705,20.4330392022,13,13
0,v4-51-f2-random-zstd1-aes-1152,edge-1,3,test,f2-random-zstd1-aes-1152,compress-encrypt,1152,r1-moderate,completed,14.0,0,19.5737665616,26,14,13,16.8335202705,20.4330392022,13,13
0,v4-51-f2-random-zstd1-aes-1152,edge-2,1,test,f2-random-zstd1-aes-1152,compress-encrypt,1152,r3-cpu-pressure,completed,52.0,0,48.7067215191,26,14,43,61.4178774679,51.3980385218,43,43
0,v4-51-f2-random-zstd1-aes-1152,edge-2,2,test,f2-random-zstd1-aes-1152,compress-encrypt,1152,r3-cpu-pressure,completed,52.0,0,48.7067215191,26,14,43,61.4178774679,51.3980385218,43,43
0,v4-51-f2-random-zstd1-aes-1152,edge-2,3,test,f2-random-zstd1-aes-1152,compress-encrypt,1152,r3-cpu-pressure,completed,51.0,0,48.7067215191,26,14,43,61.4178774679,51.3980385218,43,43
0,v4-51-f2-random-zstd1-aes-1152,on-prem,1,test,f2-random-zstd1-aes-1152,compress-encrypt,1152,r3-cpu-pressure,completed,14.0,0,18.8013391955,26,14,14,17.4962787831,17.3148364214,14,14
0,v4-51-f2-random-zstd1-aes-1152,on-prem,2,test,f2-random-zstd1-aes-1152,compress-encrypt,1152,r3-cpu-pressure,completed,13.0,0,18.8013391955,26,14,14,17.4962787831,17.3148364214,14,14
0,v4-51-f2-random-zstd1-aes-1152,on-prem,3,test,f2-random-zstd1-aes-1152,compress-encrypt,1152,r3-cpu-pressure,completed,14.0,0,18.8013391955,26,14,14,17.4962787831,17.3148364214,14,14
0,v4-51-f2-random-zstd1-aes-1152,public-cloud,1,test,f2-random-zstd1-aes-1152,compress-encrypt,1152,none,completed,11.0,0,15.5826213413,26,14,11,14.2388429209,13.8160625292,11,11
0,v4-51-f2-random-zstd1-aes-1152,public-cloud,2,test,f2-random-zstd1-aes-1152,compress-encrypt,1152,none,completed,11.0,0,15.5826213413,26,14,11,14.2388429209,13.8160625292,11,11
0,v4-51-f2-random-zstd1-aes-1152,public-cloud,3,test,f2-random-zstd1-aes-1152,compress-encrypt,1152,none,completed,12.0,0,15.5826213413,26,14,11,14.2388429209,13.8160625292,11,11
0,v4-52-f3-r50-fp32-224-384,edge-1,1,test,f3-r50-fp32-224-384,onnx-inference-fp32,384,r2-heavy,completed,110.0,0,32.7861808656,26,29,40,31.1061863889,21.2727440642,40,40
0,v4-52-f3-r50-fp32-224-384,edge-1,2,test,f3-r50-fp32-224-384,onnx-inference-fp32,384,r2-heavy,completed,112.0,0,32.7861808656,26,29,40,31.1061863889,21.2727440642,40,40
0,v4-52-f3-r50-fp32-224-384,edge-2,1,test,f3-r50-fp32-224-384,onnx-inference-fp32,384,none,completed,230.0,0,75.1948342542,26,29,133,101.716675366,53.4508919362,133,133
0,v4-52-f3-r50-fp32-224-384,edge-2,2,test,f3-r50-fp32-224-384,onnx-inference-fp32,384,none,completed,235.0,0,75.1948342542,26,29,133,101.716675366,53.4508919362,133,133
0,v4-52-f3-r50-fp32-224-384,on-prem,1,test,f3-r50-fp32-224-384,onnx-inference-fp32,384,none,completed,41.0,0,22.2762332899,26,29,20,19.0123555466,18.0323761527,20,20
0,v4-52-f3-r50-fp32-224-384,on-prem,2,test,f3-r50-fp32-224-384,onnx-inference-fp32,384,none,completed,42.0,0,22.2762332899,26,29,20,19.0123555466,18.0323761527,20,20
0,v4-52-f3-r50-fp32-224-384,public-cloud,1,test,f3-r50-fp32-224-384,onnx-inference-fp32,384,r2-heavy,completed,30.0,0,17.0342609237,26,29,14,12.220868089,14.3965270925,14,14
0,v4-52-f3-r50-fp32-224-384,public-cloud,2,test,f3-r50-fp32-224-384,onnx-inference-fp32,384,r2-heavy,completed,29.0,0,17.0342609237,26,29,14,12.220868089,14.3965270925,14,14
0,v4-53-f0-cpu-45k,edge-1,1,test,f0-cpu-45k,stress-ng-cpu,45000,none,completed,82.0,0,56.9594876603,26,51,81.5,81.4984662432,42.6451571105,81.5,81.5
0,v4-53-f0-cpu-45k,edge-1,2,test,f0-cpu-45k,stress-ng-cpu,45000,none,completed,82.0,0,56.9594876603,26,51,81.5,81.4984662432,42.6451571105,81.5,81.5
0,v4-53-f0-cpu-45k,edge-2,1,test,f0-cpu-45k,stress-ng-cpu,45000,r2-heavy,completed,165.0,0,91.5309163122,26,51,156,155.740168229,105.70071575,156,156
0,v4-53-f0-cpu-45k,edge-2,2,test,f0-cpu-45k,stress-ng-cpu,45000,r2-heavy,completed,165.0,0,91.5309163122,26,51,156,155.740168229,105.70071575,156,156
0,v4-53-f0-cpu-45k,on-prem,1,test,f0-cpu-45k,stress-ng-cpu,45000,r1-moderate,completed,21.0,0,23.0912288014,26,51,20.5,20.4939015319,36.2954066628,20.5,20.5
0,v4-53-f0-cpu-45k,on-prem,2,test,f0-cpu-45k,stress-ng-cpu,45000,r1-moderate,completed,21.0,0,23.0912288014,26,51,20.5,20.4939015319,36.2954066628,20.5,20.5
0,v4-53-f0-cpu-45k,public-cloud,1,test,f0-cpu-45k,stress-ng-cpu,45000,r2-heavy,completed,20.0,0,20.0282788689,26,51,18,18,29.1706804502,18,18
0,v4-53-f0-cpu-45k,public-cloud,2,test,f0-cpu-45k,stress-ng-cpu,45000,r2-heavy,completed,20.0,0,20.0282788689,26,51,18,18,29.1706804502,18,18
0,v4-54-f5-sf1-q1-r2,edge-1,1,test,f5-sf1-q1-r2,duckdb-tpch,1,r2-heavy,completed,23.0,0,26.4569888884,26,21,21,19.3829997351,18.653420015,21,21
0,v4-54-f5-sf1-q1-r2,edge-1,2,test,f5-sf1-q1-r2,duckdb-tpch,1,r2-heavy,completed,21.0,0,26.4569888884,26,21,21,19.3829997351,18.653420015,21,21
0,v4-54-f5-sf1-q1-r2,edge-2,1,test,f5-sf1-q1-r2,duckdb-tpch,1,r2-heavy,completed,54.0,0,48.0984552866,26,21,48.5,47.2020562163,47.0473464038,48.5,48.5
0,v4-54-f5-sf1-q1-r2,edge-2,2,test,f5-sf1-q1-r2,duckdb-tpch,1,r2-heavy,completed,55.0,0,48.0984552866,26,21,48.5,47.2020562163,47.0473464038,48.5,48.5
0,v4-54-f5-sf1-q1-r2,on-prem,1,test,f5-sf1-q1-r2,duckdb-tpch,1,none,completed,16.0,0,21.4663983893,26,21,19,15.0996688705,15.7941265493,19,19
0,v4-54-f5-sf1-q1-r2,on-prem,2,test,f5-sf1-q1-r2,duckdb-tpch,1,none,completed,12.0,0,21.4663983893,26,21,19,15.0996688705,15.7941265493,19,19
0,v4-54-f5-sf1-q1-r2,public-cloud,1,test,f5-sf1-q1-r2,duckdb-tpch,1,r3-cpu-pressure,completed,16.0,0,18.399072512,26,21,16,13.8564064606,12.5858613941,16,16
0,v4-54-f5-sf1-q1-r2,public-cloud,2,test,f5-sf1-q1-r2,duckdb-tpch,1,r3-cpu-pressure,completed,12.0,0,18.399072512,26,21,16,13.8564064606,12.5858613941,16,16
0,v4-55-f3-r50-fp32-288-96,edge-1,1,test,f3-r50-fp32-288-96,onnx-inference-fp32,96,none,completed,33.0,0,30.5078637694,26,29,40,20.1623972484,15.8964822189,40,40
0,v4-55-f3-r50-fp32-288-96,edge-1,2,test,f3-r50-fp32-288-96,onnx-inference-fp32,96,none,completed,32.0,0,30.5078637694,26,29,40,20.1623972484,15.8964822189,40,40
0,v4-55-f3-r50-fp32-288-96,edge-2,1,test,f3-r50-fp32-288-96,onnx-inference-fp32,96,none,completed,106.0,0,71.5561759631,26,29,133,67.1087679204,40.3073721294,133,133
0,v4-55-f3-r50-fp32-288-96,edge-2,2,test,f3-r50-fp32-288-96,onnx-inference-fp32,96,none,completed,104.0,0,71.5561759631,26,29,133,67.1087679204,40.3073721294,133,133
0,v4-55-f3-r50-fp32-288-96,on-prem,1,test,f3-r50-fp32-288-96,onnx-inference-fp32,96,none,completed,20.0,0,21.9059759849,26,29,20,15.1614984209,13.4382840444,20,20
0,v4-55-f3-r50-fp32-288-96,on-prem,2,test,f3-r50-fp32-288-96,onnx-inference-fp32,96,none,completed,21.0,0,21.9059759849,26,29,20,15.1614984209,13.4382840444,20,20
0,v4-55-f3-r50-fp32-288-96,public-cloud,1,test,f3-r50-fp32-288-96,onnx-inference-fp32,96,r2-heavy,completed,17.0,0,16.6646673218,26,29,14,7.92228239624,10.6800671485,14,14
0,v4-55-f3-r50-fp32-288-96,public-cloud,2,test,f3-r50-fp32-288-96,onnx-inference-fp32,96,r2-heavy,completed,17.0,0,16.6646673218,26,29,14,7.92228239624,10.6800671485,14,14
0,v4-56-f1-x265-720p-mandelbrot-med-500,edge-1,1,test,f1-x265-720p-mandelbrot-med-500,video-transcode,500,r2-heavy,completed,77.0,0,43.6876522283,26,41.5,33.5,75.1184263119,82.8710277142,33.5,33.5
0,v4-56-f1-x265-720p-mandelbrot-med-500,edge-1,2,test,f1-x265-720p-mandelbrot-med-500,video-transcode,500,r2-heavy,completed,81.0,0,43.6876522283,26,41.5,33.5,75.1184263119,82.8710277142,33.5,33.5
0,v4-56-f1-x265-720p-mandelbrot-med-500,edge-2,1,test,f1-x265-720p-mandelbrot-med-500,video-transcode,500,r1-moderate,completed,171.0,0,87.218027176,26,41.5,87,150.632435685,204.042192084,87,87
0,v4-56-f1-x265-720p-mandelbrot-med-500,edge-2,2,test,f1-x265-720p-mandelbrot-med-500,video-transcode,500,r1-moderate,completed,170.0,0,87.218027176,26,41.5,87,150.632435685,204.042192084,87,87
0,v4-56-f1-x265-720p-mandelbrot-med-500,on-prem,1,test,f1-x265-720p-mandelbrot-med-500,video-transcode,500,none,completed,47.0,0,36.6136283965,26,41.5,29,61.944932142,70.66898444,29,29
0,v4-56-f1-x265-720p-mandelbrot-med-500,on-prem,2,test,f1-x265-720p-mandelbrot-med-500,video-transcode,500,none,completed,46.0,0,36.6136283965,26,41.5,29,61.944932142,70.66898444,29,29
0,v4-56-f1-x265-720p-mandelbrot-med-500,public-cloud,1,test,f1-x265-720p-mandelbrot-med-500,video-transcode,500,r3-cpu-pressure,completed,36.0,0,31.2600992296,26,41.5,29,56.4214216003,56.9777034549,29,29
0,v4-56-f1-x265-720p-mandelbrot-med-500,public-cloud,2,test,f1-x265-720p-mandelbrot-med-500,video-transcode,500,r3-cpu-pressure,completed,34.0,0,31.2600992296,26,41.5,29,56.4214216003,56.9777034549,29,29
0,v4-57-f2-random-zstd1-aes-768,edge-1,1,test,f2-random-zstd1-aes-768,compress-encrypt,768,none,completed,10.0,0,18.1241194116,26,14,13,12.6158157502,14.4096233461,13,13
0,v4-57-f2-random-zstd1-aes-768,edge-1,2,test,f2-random-zstd1-aes-768,compress-encrypt,768,none,completed,10.0,0,18.1241194116,26,14,13,12.6158157502,14.4096233461,13,13
0,v4-57-f2-random-zstd1-aes-768,edge-1,3,test,f2-random-zstd1-aes-768,compress-encrypt,768,none,completed,9.0,0,18.1241194116,26,14,13,12.6158157502,14.4096233461,13,13
0,v4-57-f2-random-zstd1-aes-768,edge-2,1,test,f2-random-zstd1-aes-768,compress-encrypt,768,none,completed,38.0,0,39.7223106208,26,14,43,38.4180267295,36.6724005438,43,43
0,v4-57-f2-random-zstd1-aes-768,edge-2,2,test,f2-random-zstd1-aes-768,compress-encrypt,768,none,completed,38.0,0,39.7223106208,26,14,43,38.4180267295,36.6724005438,43,43
0,v4-57-f2-random-zstd1-aes-768,edge-2,3,test,f2-random-zstd1-aes-768,compress-encrypt,768,none,completed,38.0,0,39.7223106208,26,14,43,38.4180267295,36.6724005438,43,43
0,v4-57-f2-random-zstd1-aes-768,on-prem,1,test,f2-random-zstd1-aes-768,compress-encrypt,768,none,completed,10.0,0,17.2200735242,26,14,14,11.8863811372,12.1677420191,14,14
0,v4-57-f2-random-zstd1-aes-768,on-prem,2,test,f2-random-zstd1-aes-768,compress-encrypt,768,none,completed,11.0,0,17.2200735242,26,14,14,11.8863811372,12.1677420191,14,14
0,v4-57-f2-random-zstd1-aes-768,on-prem,3,test,f2-random-zstd1-aes-768,compress-encrypt,768,none,completed,11.0,0,17.2200735242,26,14,14,11.8863811372,12.1677420191,14,14
0,v4-57-f2-random-zstd1-aes-768,public-cloud,1,test,f2-random-zstd1-aes-768,compress-encrypt,768,r2-heavy,completed,11.0,0,14.0461113043,26,14,11,10.1174119999,9.6522430577,11,11
0,v4-57-f2-random-zstd1-aes-768,public-cloud,2,test,f2-random-zstd1-aes-768,compress-encrypt,768,r2-heavy,completed,11.0,0,14.0461113043,26,14,11,10.1174119999,9.6522430577,11,11
0,v4-57-f2-random-zstd1-aes-768,public-cloud,3,test,f2-random-zstd1-aes-768,compress-encrypt,768,r2-heavy,completed,11.0,0,14.0461113043,26,14,11,10.1174119999,9.6522430577,11,11
0,v4-58-f3-r50-int8-224-288,edge-1,1,test,f3-r50-int8-224-288,onnx-inference-int8,288,r1-moderate,completed,17.0,0,20.0628137865,26,26,17,12.1108069289,17.9366779149,17,17
0,v4-58-f3-r50-int8-224-288,edge-1,2,test,f3-r50-int8-224-288,onnx-inference-int8,288,r1-moderate,completed,16.0,0,20.0628137865,26,26,17,12.1108069289,17.9366779149,17,17
0,v4-58-f3-r50-int8-224-288,edge-1,3,test,f3-r50-int8-224-288,onnx-inference-int8,288,r1-moderate,completed,17.0,0,20.0628137865,26,26,17,12.1108069289,17.9366779149,17,17
0,v4-58-f3-r50-int8-224-288,edge-2,1,test,f3-r50-int8-224-288,onnx-inference-int8,288,r2-heavy,completed,119.0,0,53.6243993943,26,26,83,56.9272677235,45.2951039982,83,83
0,v4-58-f3-r50-int8-224-288,edge-2,2,test,f3-r50-int8-224-288,onnx-inference-int8,288,r2-heavy,completed,120.0,0,53.6243993943,26,26,83,56.9272677235,45.2951039982,83,83
0,v4-58-f3-r50-int8-224-288,edge-2,3,test,f3-r50-int8-224-288,onnx-inference-int8,288,r2-heavy,completed,119.0,0,53.6243993943,26,26,83,56.9272677235,45.2951039982,83,83
0,v4-58-f3-r50-int8-224-288,on-prem,1,test,f3-r50-int8-224-288,onnx-inference-int8,288,r1-moderate,completed,49.0,0,26.9546347091,26,26,29,28.2245195534,15.1816602445,29,29
0,v4-58-f3-r50-int8-224-288,on-prem,2,test,f3-r50-int8-224-288,onnx-inference-int8,288,r1-moderate,completed,49.0,0,26.9546347091,26,26,29,28.2245195534,15.1816602445,29,29
0,v4-58-f3-r50-int8-224-288,on-prem,3,test,f3-r50-int8-224-288,onnx-inference-int8,288,r1-moderate,completed,50.0,0,26.9546347091,26,26,29,28.2245195534,15.1816602445,29,29
0,v4-58-f3-r50-int8-224-288,public-cloud,1,test,f3-r50-int8-224-288,onnx-inference-int8,288,none,completed,17.0,0,15.4600708153,26,26,13,12.6004551664,12.0903975603,13,13
0,v4-58-f3-r50-int8-224-288,public-cloud,2,test,f3-r50-int8-224-288,onnx-inference-int8,288,none,completed,16.0,0,15.4600708153,26,26,13,12.6004551664,12.0903975603,13,13
0,v4-58-f3-r50-int8-224-288,public-cloud,3,test,f3-r50-int8-224-288,onnx-inference-int8,288,none,completed,17.0,0,15.4600708153,26,26,13,12.6004551664,12.0903975603,13,13
0,v4-59-f4-pr-uniform-21-n1,edge-1,1,test,f4-pr-uniform-21-n1,graph-kernel,21,none,completed,17.0,0,33.5343598338,26,17,17,15.4272486205,17.7899087977,17,17
0,v4-59-f4-pr-uniform-21-n1,edge-1,2,test,f4-pr-uniform-21-n1,graph-kernel,21,none,completed,18.0,0,33.5343598338,26,17,17,15.4272486205,17.7899087977,17,17
0,v4-59-f4-pr-uniform-21-n1,edge-2,1,test,f4-pr-uniform-21-n1,graph-kernel,21,r3-cpu-pressure,completed,49.0,0,56.3500029889,26,17,36,35.7473528132,44.936292829,36,36
0,v4-59-f4-pr-uniform-21-n1,edge-2,2,test,f4-pr-uniform-21-n1,graph-kernel,21,r3-cpu-pressure,completed,50.0,0,56.3500029889,26,17,36,35.7473528132,44.936292829,36,36
0,v4-59-f4-pr-uniform-21-n1,on-prem,1,test,f4-pr-uniform-21-n1,graph-kernel,21,r2-heavy,completed,15.0,0,22.3278624411,26,17,13.5,12.4497700445,15.0562439493,13.5,13.5
0,v4-59-f4-pr-uniform-21-n1,on-prem,2,test,f4-pr-uniform-21-n1,graph-kernel,21,r2-heavy,completed,14.0,0,22.3278624411,26,17,13.5,12.4497700445,15.0562439493,13.5,13.5
0,v4-59-f4-pr-uniform-21-n1,public-cloud,1,test,f4-pr-uniform-21-n1,graph-kernel,21,r1-moderate,completed,9.0,0,18.6879224974,26,17,13,11.9582607431,11.988940161,13,13
0,v4-59-f4-pr-uniform-21-n1,public-cloud,2,test,f4-pr-uniform-21-n1,graph-kernel,21,r1-moderate,completed,10.0,0,18.6879224974,26,17,13,11.9582607431,11.988940161,13,13
0,v4-60-f1-x265-720p-testsrc2-med-1100,edge-1,1,test,f1-x265-720p-testsrc2-med-1100,video-transcode,1100,none,completed,74.0,0,41.4895549309,26,41.5,33.5,50.2164913819,52.2098116798,33.5,33.5
0,v4-60-f1-x265-720p-testsrc2-med-1100,edge-1,2,test,f1-x265-720p-testsrc2-med-1100,video-transcode,1100,none,completed,72.0,0,41.4895549309,26,41.5,33.5,50.2164913819,52.2098116798,33.5,33.5
0,v4-60-f1-x265-720p-testsrc2-med-1100,edge-2,1,test,f1-x265-720p-testsrc2-med-1100,video-transcode,1100,none,completed,193.0,0,89.5648424513,26,41.5,87,125.543950063,129.083733615,87,87
0,v4-60-f1-x265-720p-testsrc2-med-1100,edge-2,2,test,f1-x265-720p-testsrc2-med-1100,video-transcode,1100,none,completed,197.0,0,89.5648424513,26,41.5,87,125.543950063,129.083733615,87,87
0,v4-60-f1-x265-720p-testsrc2-med-1100,on-prem,1,test,f1-x265-720p-testsrc2-med-1100,video-transcode,1100,r2-heavy,completed,70.0,0,36.3949323884,26,41.5,29,43.1744125008,44.4685398434,29,29
0,v4-60-f1-x265-720p-testsrc2-med-1100,on-prem,2,test,f1-x265-720p-testsrc2-med-1100,video-transcode,1100,r2-heavy,completed,71.0,0,36.3949323884,26,41.5,29,43.1744125008,44.4685398434,29,29
0,v4-60-f1-x265-720p-testsrc2-med-1100,public-cloud,1,test,f1-x265-720p-testsrc2-med-1100,video-transcode,1100,r2-heavy,completed,49.0,0,31.277186452,26,41.5,29,37.4404504297,35.7824595279,29,29
0,v4-60-f1-x265-720p-testsrc2-med-1100,public-cloud,2,test,f1-x265-720p-testsrc2-med-1100,video-transcode,1100,r2-heavy,completed,49.0,0,31.277186452,26,41.5,29,37.4404504297,35.7824595279,29,29
0,v4-61-f2-random-zstd1-chacha-1152,edge-1,1,test,f2-random-zstd1-chacha-1152,compress-encrypt,1152,none,completed,13.0,0,19.3705457962,26,14,13,16.8335202705,20.4330392022,13,13
0,v4-61-f2-random-zstd1-chacha-1152,edge-1,2,test,f2-random-zstd1-chacha-1152,compress-encrypt,1152,none,completed,13.0,0,19.3705457962,26,14,13,16.8335202705,20.4330392022,13,13
0,v4-61-f2-random-zstd1-chacha-1152,edge-1,3,test,f2-random-zstd1-chacha-1152,compress-encrypt,1152,none,completed,13.0,0,19.3705457962,26,14,13,16.8335202705,20.4330392022,13,13
0,v4-61-f2-random-zstd1-chacha-1152,edge-2,1,test,f2-random-zstd1-chacha-1152,compress-encrypt,1152,none,completed,42.0,0,47.4655837109,26,14,43,61.4178774679,51.3980385218,43,43
0,v4-61-f2-random-zstd1-chacha-1152,edge-2,2,test,f2-random-zstd1-chacha-1152,compress-encrypt,1152,none,completed,42.0,0,47.4655837109,26,14,43,61.4178774679,51.3980385218,43,43
0,v4-61-f2-random-zstd1-chacha-1152,edge-2,3,test,f2-random-zstd1-chacha-1152,compress-encrypt,1152,none,completed,42.0,0,47.4655837109,26,14,43,61.4178774679,51.3980385218,43,43
0,v4-61-f2-random-zstd1-chacha-1152,on-prem,1,test,f2-random-zstd1-chacha-1152,compress-encrypt,1152,none,completed,14.0,0,18.8593105069,26,14,14,17.4962787831,17.3148364214,14,14
0,v4-61-f2-random-zstd1-chacha-1152,on-prem,2,test,f2-random-zstd1-chacha-1152,compress-encrypt,1152,none,completed,13.0,0,18.8593105069,26,14,14,17.4962787831,17.3148364214,14,14
0,v4-61-f2-random-zstd1-chacha-1152,on-prem,3,test,f2-random-zstd1-chacha-1152,compress-encrypt,1152,none,completed,14.0,0,18.8593105069,26,14,14,17.4962787831,17.3148364214,14,14
0,v4-61-f2-random-zstd1-chacha-1152,public-cloud,1,test,f2-random-zstd1-chacha-1152,compress-encrypt,1152,none,completed,12.0,0,15.2155952368,26,14,11,14.2388429209,13.8160625292,11,11
0,v4-61-f2-random-zstd1-chacha-1152,public-cloud,2,test,f2-random-zstd1-chacha-1152,compress-encrypt,1152,none,completed,11.0,0,15.2155952368,26,14,11,14.2388429209,13.8160625292,11,11
0,v4-61-f2-random-zstd1-chacha-1152,public-cloud,3,test,f2-random-zstd1-chacha-1152,compress-encrypt,1152,none,completed,12.0,0,15.2155952368,26,14,11,14.2388429209,13.8160625292,11,11
0,v4-cal3-none,edge-1,1,startup-calibration,f9-startup-null,startup-calibration,1,none,completed,6.0,0,30.5785889365,26,26,23.5,20.0717473345,22.9012090498,26,26
0,v4-cal3-none,edge-2,1,startup-calibration,f9-startup-null,startup-calibration,1,none,completed,9.0,0,35.3908281489,26,26,78.5,20.0717473345,57.4320525286,26,26
0,v4-cal3-none,on-prem,1,startup-calibration,f9-startup-null,startup-calibration,1,none,completed,6.0,0,26.5925316574,26,26,21,20.0717473345,19.4239226127,26,26
0,v4-cal3-none,public-cloud,1,startup-calibration,f9-startup-null,startup-calibration,1,none,completed,5.0,0,21.1553951212,26,26,15,20.0717473345,15.5222395417,26,26
0,v4-cal3-r1-moderate,edge-1,1,startup-calibration,f9-startup-null,startup-calibration,1,r1-moderate,completed,5.0,0,30.8977671572,26,26,23.5,20.0717473345,22.9012090498,26,26
0,v4-cal3-r1-moderate,edge-2,1,startup-calibration,f9-startup-null,startup-calibration,1,r1-moderate,completed,9.0,0,35.7330214468,26,26,78.5,20.0717473345,57.4320525286,26,26
0,v4-cal3-r1-moderate,on-prem,1,startup-calibration,f9-startup-null,startup-calibration,1,r1-moderate,completed,5.0,0,26.5473954969,26,26,21,20.0717473345,19.4239226127,26,26
0,v4-cal3-r1-moderate,public-cloud,1,startup-calibration,f9-startup-null,startup-calibration,1,r1-moderate,completed,5.0,0,21.4984201992,26,26,15,20.0717473345,15.5222395417,26,26
0,v4-cal3-r2-heavy,edge-1,1,startup-calibration,f9-startup-null,startup-calibration,1,r2-heavy,completed,6.0,0,31.2274078718,26,26,23.5,20.0717473345,22.9012090498,26,26
0,v4-cal3-r2-heavy,edge-2,1,startup-calibration,f9-startup-null,startup-calibration,1,r2-heavy,completed,10.0,0,35.9955716509,26,26,78.5,20.0717473345,57.4320525286,26,26
0,v4-cal3-r2-heavy,on-prem,1,startup-calibration,f9-startup-null,startup-calibration,1,r2-heavy,completed,5.0,0,26.8413796929,26,26,21,20.0717473345,19.4239226127,26,26
0,v4-cal3-r2-heavy,public-cloud,1,startup-calibration,f9-startup-null,startup-calibration,1,r2-heavy,completed,6.0,0,22.0632603404,26,26,15,20.0717473345,15.5222395417,26,26
0,v4-cal3-r3-cpu-pressure,edge-1,1,startup-calibration,f9-startup-null,startup-calibration,1,r3-cpu-pressure,completed,4.0,0,31.4087341087,26,26,23.5,20.0717473345,22.9012090498,26,26
0,v4-cal3-r3-cpu-pressure,edge-2,1,startup-calibration,f9-startup-null,startup-calibration,1,r3-cpu-pressure,completed,9.0,0,36.1224328973,26,26,78.5,20.0717473345,57.4320525286,26,26
0,v4-cal3-r3-cpu-pressure,on-prem,1,startup-calibration,f9-startup-null,startup-calibration,1,r3-cpu-pressure,completed,5.0,0,25.9276756223,26,26,21,20.0717473345,19.4239226127,26,26
0,v4-cal3-r3-cpu-pressure,public-cloud,1,startup-calibration,f9-startup-null,startup-calibration,1,r3-cpu-pressure,completed,5.0,0,21.7663231737,26,26,15,20.0717473345,15.5222395417,26,26
0,v4-62-f5-sf1-q9-r2,edge-1,1,test,f5-sf1-q9-r2,duckdb-tpch,1,r1-moderate,completed,15.0,0,22.195194219,26,21,21,19.3829997351,19.9533374776,21,21
0,v4-62-f5-sf1-q9-r2,edge-1,2,test,f5-sf1-q9-r2,duckdb-tpch,1,r1-moderate,completed,20.0,0,22.195194219,26,21,21,19.3829997351,19.9533374776,21,21
0,v4-62-f5-sf1-q9-r2,edge-2,1,test,f5-sf1-q9-r2,duckdb-tpch,1,r1-moderate,completed,47.0,0,46.3866912823,26,21,48.5,47.2020562163,50.2252963268,48.5,48.5
0,v4-62-f5-sf1-q9-r2,edge-2,2,test,f5-sf1-q9-r2,duckdb-tpch,1,r1-moderate,completed,36.0,0,46.3866912823,26,21,48.5,47.2020562163,50.2252963268,48.5,48.5
0,v4-62-f5-sf1-q9-r2,on-prem,1,test,f5-sf1-q9-r2,duckdb-tpch,1,none,completed,11.0,0,19.5573020363,26,21,19,15.0996688705,16.9049244844,19,19
0,v4-62-f5-sf1-q9-r2,on-prem,2,test,f5-sf1-q9-r2,duckdb-tpch,1,none,completed,17.0,0,19.5573020363,26,21,19,15.0996688705,16.9049244844,19,19
0,v4-62-f5-sf1-q9-r2,public-cloud,1,test,f5-sf1-q9-r2,duckdb-tpch,1,r3-cpu-pressure,completed,13.0,0,15.8905677577,26,21,16,13.8564064606,13.4844580993,16,16
0,v4-62-f5-sf1-q9-r2,public-cloud,2,test,f5-sf1-q9-r2,duckdb-tpch,1,r3-cpu-pressure,completed,17.0,0,15.8905677577,26,21,16,13.8564064606,13.4844580993,16,16
0,v4-63-f1-x265-720p-testsrc2-med-1500,edge-1,1,test,f1-x265-720p-testsrc2-med-1500,video-transcode,1500,none,completed,112.0,0,41.0008408456,26,41.5,33.5,42.8593941215,48.1464624891,33.5,33.5
0,v4-63-f1-x265-720p-testsrc2-med-1500,edge-1,2,test,f1-x265-720p-testsrc2-med-1500,video-transcode,1500,none,completed,116.0,0,41.0008408456,26,41.5,33.5,42.8593941215,48.1464624891,33.5,33.5
0,v4-63-f1-x265-720p-testsrc2-med-1500,edge-2,1,test,f1-x265-720p-testsrc2-med-1500,video-transcode,1500,none,completed,255.0,0,92.0165824674,26,41.5,87,116.861469535,119.149933494,87,87
0,v4-63-f1-x265-720p-testsrc2-med-1500,edge-2,2,test,f1-x265-720p-testsrc2-med-1500,video-transcode,1500,none,completed,255.0,0,92.0165824674,26,41.5,87,116.861469535,119.149933494,87,87
0,v4-63-f1-x265-720p-testsrc2-med-1500,on-prem,1,test,f1-x265-720p-testsrc2-med-1500,video-transcode,1500,r2-heavy,completed,94.0,0,35.8739119142,26,41.5,29,37.4588339133,40.9963502464,29,29
0,v4-63-f1-x265-720p-testsrc2-med-1500,on-prem,2,test,f1-x265-720p-testsrc2-med-1500,video-transcode,1500,r2-heavy,completed,95.0,0,35.8739119142,26,41.5,29,37.4588339133,40.9963502464,29,29
0,v4-63-f1-x265-720p-testsrc2-med-1500,public-cloud,1,test,f1-x265-720p-testsrc2-med-1500,video-transcode,1500,r1-moderate,completed,53.0,0,30.6472748236,26,41.5,29,31.8625717519,32.973579503,29,29
0,v4-63-f1-x265-720p-testsrc2-med-1500,public-cloud,2,test,f1-x265-720p-testsrc2-med-1500,video-transcode,1500,r1-moderate,completed,54.0,0,30.6472748236,26,41.5,29,31.8625717519,32.973579503,29,29
0,v4-64-f1-x265-720p-testsrc2-med-400,edge-1,1,test,f1-x265-720p-testsrc2-med-400,video-transcode,400,none,completed,29.0,0,42.9587574338,26,41.5,33.5,84.187082322,98.5286506397,33.5,33.5
0,v4-64-f1-x265-720p-testsrc2-med-400,edge-1,2,test,f1-x265-720p-testsrc2-med-400,video-transcode,400,none,completed,33.0,0,42.9587574338,26,41.5,33.5,84.187082322,98.5286506397,33.5,33.5
0,v4-64-f1-x265-720p-testsrc2-med-400,edge-2,1,test,f1-x265-720p-testsrc2-med-400,video-transcode,400,none,completed,74.0,0,86.2394557279,26,41.5,87,158.602942652,242.320885156,87,87
0,v4-64-f1-x265-720p-testsrc2-med-400,edge-2,2,test,f1-x265-720p-testsrc2-med-400,video-transcode,400,none,completed,75.0,0,86.2394557279,26,41.5,87,158.602942652,242.320885156,87,87
0,v4-64-f1-x265-720p-testsrc2-med-400,on-prem,1,test,f1-x265-720p-testsrc2-med-400,video-transcode,400,none,completed,27.0,0,38.0372026361,26,41.5,29,68.6082509877,84.0486456222,29,29
0,v4-64-f1-x265-720p-testsrc2-med-400,on-prem,2,test,f1-x265-720p-testsrc2-med-400,video-transcode,400,none,completed,26.0,0,38.0372026361,26,41.5,29,68.6082509877,84.0486456222,29,29
0,v4-64-f1-x265-720p-testsrc2-med-400,public-cloud,1,test,f1-x265-720p-testsrc2-med-400,video-transcode,400,none,completed,16.0,0,31.211668292,26,41.5,29,63.3650012334,67.8013817086,29,29
0,v4-64-f1-x265-720p-testsrc2-med-400,public-cloud,2,test,f1-x265-720p-testsrc2-med-400,video-transcode,400,none,completed,18.0,0,31.211668292,26,41.5,29,63.3650012334,67.8013817086,29,29
0,v4-65-f3-mnv2-int8-224-1500,edge-1,1,test,f3-mnv2-int8-224-1500,onnx-inference-int8,1500,none,completed,17.0,0,22.7617286575,26,26,17,23.6841224984,27.2746585085,17,17
0,v4-65-f3-mnv2-int8-224-1500,edge-1,2,test,f3-mnv2-int8-224-1500,onnx-inference-int8,1500,none,completed,17.0,0,22.7617286575,26,26,17,23.6841224984,27.2746585085,17,17
0,v4-65-f3-mnv2-int8-224-1500,edge-1,3,test,f3-mnv2-int8-224-1500,onnx-inference-int8,1500,none,completed,16.0,0,22.7617286575,26,26,17,23.6841224984,27.2746585085,17,17
0,v4-65-f3-mnv2-int8-224-1500,edge-2,1,test,f3-mnv2-int8-224-1500,onnx-inference-int8,1500,none,completed,66.0,0,65.1855052551,26,26,83,81.4873853038,68.1239647233,83,83
0,v4-65-f3-mnv2-int8-224-1500,edge-2,2,test,f3-mnv2-int8-224-1500,onnx-inference-int8,1500,none,completed,66.0,0,65.1855052551,26,26,83,81.4873853038,68.1239647233,83,83
0,v4-65-f3-mnv2-int8-224-1500,edge-2,3,test,f3-mnv2-int8-224-1500,onnx-inference-int8,1500,none,completed,67.0,0,65.1855052551,26,26,83,81.4873853038,68.1239647233,83,83
0,v4-65-f3-mnv2-int8-224-1500,on-prem,1,test,f3-mnv2-int8-224-1500,onnx-inference-int8,1500,none,completed,28.0,0,30.6375208943,26,26,29,32.2673657568,23.1610972933,29,29
0,v4-65-f3-mnv2-int8-224-1500,on-prem,2,test,f3-mnv2-int8-224-1500,onnx-inference-int8,1500,none,completed,28.0,0,30.6375208943,26,26,29,32.2673657568,23.1610972933,29,29
0,v4-65-f3-mnv2-int8-224-1500,on-prem,3,test,f3-mnv2-int8-224-1500,onnx-inference-int8,1500,none,completed,29.0,0,30.6375208943,26,26,29,32.2673657568,23.1610972933,29,29
0,v4-65-f3-mnv2-int8-224-1500,public-cloud,1,test,f3-mnv2-int8-224-1500,onnx-inference-int8,1500,none,completed,14.0,0,16.6226369327,26,26,13,16.4697778689,18.5454832375,13,13
0,v4-65-f3-mnv2-int8-224-1500,public-cloud,2,test,f3-mnv2-int8-224-1500,onnx-inference-int8,1500,none,completed,12.0,0,16.6226369327,26,26,13,16.4697778689,18.5454832375,13,13
0,v4-65-f3-mnv2-int8-224-1500,public-cloud,3,test,f3-mnv2-int8-224-1500,onnx-inference-int8,1500,none,completed,13.0,0,16.6226369327,26,26,13,16.4697778689,18.5454832375,13,13
0,v4-66-f4-tc-kron-20-n1,edge-1,1,test,f4-tc-kron-20-n1,graph-kernel,20,r1-moderate,completed,19.0,0,27.4408188027,26,17,17,2.79432479336,6.11479588911,17,17
0,v4-66-f4-tc-kron-20-n1,edge-1,2,test,f4-tc-kron-20-n1,graph-kernel,20,r1-moderate,completed,20.0,0,27.4408188027,26,17,17,2.79432479336,6.11479588911,17,17
0,v4-66-f4-tc-kron-20-n1,edge-2,1,test,f4-tc-kron-20-n1,graph-kernel,20,none,completed,39.0,0,44.0911066471,26,17,36,7.55574384609,16.3937697569,36,36
0,v4-66-f4-tc-kron-20-n1,edge-2,2,test,f4-tc-kron-20-n1,graph-kernel,20,none,completed,39.0,0,44.0911066471,26,17,36,7.55574384609,16.3937697569,36,36
0,v4-66-f4-tc-kron-20-n1,on-prem,1,test,f4-tc-kron-20-n1,graph-kernel,20,none,completed,15.0,0,17.9826782459,26,17,13.5,5.99248885676,5.07969414192,13.5,13.5
0,v4-66-f4-tc-kron-20-n1,on-prem,2,test,f4-tc-kron-20-n1,graph-kernel,20,none,completed,14.0,0,17.9826782459,26,17,13.5,5.99248885676,5.07969414192,13.5,13.5
0,v4-66-f4-tc-kron-20-n1,public-cloud,1,test,f4-tc-kron-20-n1,graph-kernel,20,r2-heavy,completed,17.0,0,15.5192866443,26,17,13,8.02442682335,3.9182600648,13,13
0,v4-66-f4-tc-kron-20-n1,public-cloud,2,test,f4-tc-kron-20-n1,graph-kernel,20,r2-heavy,completed,16.0,0,15.5192866443,26,17,13,8.02442682335,3.9182600648,13,13
0,v4-67-f3-mnv2-fp32-224-1500,edge-1,1,test,f3-mnv2-fp32-224-1500,onnx-inference-fp32,1500,r2-heavy,completed,58.0,0,39.0324582144,26,29,40,47.6354074647,33.3488260264,40,40
0,v4-67-f3-mnv2-fp32-224-1500,edge-1,2,test,f3-mnv2-fp32-224-1500,onnx-inference-fp32,1500,r2-heavy,completed,58.0,0,39.0324582144,26,29,40,47.6354074647,33.3488260264,40,40
0,v4-67-f3-mnv2-fp32-224-1500,edge-2,1,test,f3-mnv2-fp32-224-1500,onnx-inference-fp32,1500,none,completed,123.0,0,97.856732524,26,29,133,153.078834974,82.9736769169,133,133
0,v4-67-f3-mnv2-fp32-224-1500,edge-2,2,test,f3-mnv2-fp32-224-1500,onnx-inference-fp32,1500,none,completed,123.0,0,97.856732524,26,29,133,153.078834974,82.9736769169,133,133
0,v4-67-f3-mnv2-fp32-224-1500,on-prem,1,test,f3-mnv2-fp32-224-1500,onnx-inference-fp32,1500,none,completed,19.0,0,24.1987819136,26,29,20,23.7491534343,28.3515597115,20,20
0,v4-67-f3-mnv2-fp32-224-1500,on-prem,2,test,f3-mnv2-fp32-224-1500,onnx-inference-fp32,1500,none,completed,20.0,0,24.1987819136,26,29,20,23.7491534343,28.3515597115,20,20
0,v4-67-f3-mnv2-fp32-224-1500,public-cloud,1,test,f3-mnv2-fp32-224-1500,onnx-inference-fp32,1500,r2-heavy,completed,19.0,0,18.5871518742,26,29,14,18.7125601656,22.7443859179,14,14
0,v4-67-f3-mnv2-fp32-224-1500,public-cloud,2,test,f3-mnv2-fp32-224-1500,onnx-inference-fp32,1500,r2-heavy,completed,29.0,0,18.5871518742,26,29,14,18.7125601656,22.7443859179,14,14
0,v4-68-f3-mnv2-int8-224-2000,edge-1,1,test,f3-mnv2-int8-224-2000,onnx-inference-int8,2000,none,completed,19.0,0,23.741298031,26,26,17,26.6216831835,32.6128491593,17,17
0,v4-68-f3-mnv2-int8-224-2000,edge-1,2,test,f3-mnv2-int8-224-2000,onnx-inference-int8,2000,none,completed,19.0,0,23.741298031,26,26,17,26.6216831835,32.6128491593,17,17
0,v4-68-f3-mnv2-int8-224-2000,edge-1,3,test,f3-mnv2-int8-224-2000,onnx-inference-int8,2000,none,completed,20.0,0,23.741298031,26,26,17,26.6216831835,32.6128491593,17,17
0,v4-68-f3-mnv2-int8-224-2000,edge-2,1,test,f3-mnv2-int8-224-2000,onnx-inference-int8,2000,r3-cpu-pressure,completed,87.0,0,72.4829614609,26,26,83,86.7451183752,81.1744106594,83,83
0,v4-68-f3-mnv2-int8-224-2000,edge-2,2,test,f3-mnv2-int8-224-2000,onnx-inference-int8,2000,r3-cpu-pressure,completed,89.0,0,72.4829614609,26,26,83,86.7451183752,81.1744106594,83,83
0,v4-68-f3-mnv2-int8-224-2000,edge-2,3,test,f3-mnv2-int8-224-2000,onnx-inference-int8,2000,r3-cpu-pressure,completed,88.0,0,72.4829614609,26,26,83,86.7451183752,81.1744106594,83,83
0,v4-68-f3-mnv2-int8-224-2000,on-prem,1,test,f3-mnv2-int8-224-2000,onnx-inference-int8,2000,none,completed,37.0,0,31.2175351439,26,26,29,33.0292151919,27.7226570252,29,29
0,v4-68-f3-mnv2-int8-224-2000,on-prem,2,test,f3-mnv2-int8-224-2000,onnx-inference-int8,2000,none,completed,37.0,0,31.2175351439,26,26,29,33.0292151919,27.7226570252,29,29
0,v4-68-f3-mnv2-int8-224-2000,on-prem,3,test,f3-mnv2-int8-224-2000,onnx-inference-int8,2000,none,completed,36.0,0,31.2175351439,26,26,29,33.0292151919,27.7226570252,29,29
0,v4-68-f3-mnv2-int8-224-2000,public-cloud,1,test,f3-mnv2-int8-224-2000,onnx-inference-int8,2000,r2-heavy,completed,22.0,0,16.966218926,26,26,13,17.2568704372,22.235625626,13,13
0,v4-68-f3-mnv2-int8-224-2000,public-cloud,2,test,f3-mnv2-int8-224-2000,onnx-inference-int8,2000,r2-heavy,completed,22.0,0,16.966218926,26,26,13,17.2568704372,22.235625626,13,13
0,v4-68-f3-mnv2-int8-224-2000,public-cloud,3,test,f3-mnv2-int8-224-2000,onnx-inference-int8,2000,r2-heavy,completed,22.0,0,16.966218926,26,26,13,17.2568704372,22.235625626,13,13
0,v4-69-f0-cpu-45k,edge-1,1,test,f0-cpu-45k,stress-ng-cpu,45000,none,completed,82.0,0,57.1448727756,26,51,81.5,81.4984662432,42.6451571105,81.5,81.5
0,v4-69-f0-cpu-45k,edge-1,2,test,f0-cpu-45k,stress-ng-cpu,45000,none,completed,81.0,0,57.1448727756,26,51,81.5,81.4984662432,42.6451571105,81.5,81.5
0,v4-69-f0-cpu-45k,edge-2,1,test,f0-cpu-45k,stress-ng-cpu,45000,none,completed,149.0,0,88.9061685983,26,51,156,155.740168229,105.70071575,156,156
0,v4-69-f0-cpu-45k,edge-2,2,test,f0-cpu-45k,stress-ng-cpu,45000,none,completed,148.0,0,88.9061685983,26,51,156,155.740168229,105.70071575,156,156
0,v4-69-f0-cpu-45k,on-prem,1,test,f0-cpu-45k,stress-ng-cpu,45000,none,completed,21.0,0,23.2404825848,26,51,20.5,20.4939015319,36.2954066628,20.5,20.5
0,v4-69-f0-cpu-45k,on-prem,2,test,f0-cpu-45k,stress-ng-cpu,45000,none,completed,21.0,0,23.2404825848,26,51,20.5,20.4939015319,36.2954066628,20.5,20.5
0,v4-69-f0-cpu-45k,public-cloud,1,test,f0-cpu-45k,stress-ng-cpu,45000,none,completed,17.0,0,19.9369608341,26,51,18,18,29.1706804502,18,18
0,v4-69-f0-cpu-45k,public-cloud,2,test,f0-cpu-45k,stress-ng-cpu,45000,none,completed,18.0,0,19.9369608341,26,51,18,18,29.1706804502,18,18
0,v4-70-f2-random-zstd1-chacha-768,edge-1,1,test,f2-random-zstd1-chacha-768,compress-encrypt,768,none,completed,10.0,0,18.1285913933,26,14,13,12.6158157502,14.4096233461,13,13
0,v4-70-f2-random-zstd1-chacha-768,edge-1,2,test,f2-random-zstd1-chacha-768,compress-encrypt,768,none,completed,10.0,0,18.1285913933,26,14,13,12.6158157502,14.4096233461,13,13
0,v4-70-f2-random-zstd1-chacha-768,edge-1,3,test,f2-random-zstd1-chacha-768,compress-encrypt,768,none,completed,11.0,0,18.1285913933,26,14,13,12.6158157502,14.4096233461,13,13
0,v4-70-f2-random-zstd1-chacha-768,edge-2,1,test,f2-random-zstd1-chacha-768,compress-encrypt,768,none,completed,31.0,0,39.8406987192,26,14,43,38.4180267295,36.6724005438,43,43
0,v4-70-f2-random-zstd1-chacha-768,edge-2,2,test,f2-random-zstd1-chacha-768,compress-encrypt,768,none,completed,31.0,0,39.8406987192,26,14,43,38.4180267295,36.6724005438,43,43
0,v4-70-f2-random-zstd1-chacha-768,edge-2,3,test,f2-random-zstd1-chacha-768,compress-encrypt,768,none,completed,33.0,0,39.8406987192,26,14,43,38.4180267295,36.6724005438,43,43
0,v4-70-f2-random-zstd1-chacha-768,on-prem,1,test,f2-random-zstd1-chacha-768,compress-encrypt,768,none,completed,10.0,0,16.8819095725,26,14,14,11.8863811372,12.1677420191,14,14
0,v4-70-f2-random-zstd1-chacha-768,on-prem,2,test,f2-random-zstd1-chacha-768,compress-encrypt,768,none,completed,10.0,0,16.8819095725,26,14,14,11.8863811372,12.1677420191,14,14
0,v4-70-f2-random-zstd1-chacha-768,on-prem,3,test,f2-random-zstd1-chacha-768,compress-encrypt,768,none,completed,11.0,0,16.8819095725,26,14,14,11.8863811372,12.1677420191,14,14
0,v4-70-f2-random-zstd1-chacha-768,public-cloud,1,test,f2-random-zstd1-chacha-768,compress-encrypt,768,r2-heavy,completed,11.0,0,14.350345774,26,14,11,10.1174119999,9.6522430577,11,11
0,v4-70-f2-random-zstd1-chacha-768,public-cloud,2,test,f2-random-zstd1-chacha-768,compress-encrypt,768,r2-heavy,completed,12.0,0,14.350345774,26,14,11,10.1174119999,9.6522430577,11,11
0,v4-70-f2-random-zstd1-chacha-768,public-cloud,3,test,f2-random-zstd1-chacha-768,compress-encrypt,768,r2-heavy,completed,10.0,0,14.350345774,26,14,11,10.1174119999,9.6522430577,11,11
1,v4-cal1-none,edge-1,1,startup-calibration,f9-startup-null,startup-calibration,1,none,completed,5.0,0,30.5993722822,26,26,23.5,20.0717473345,22.9012090498,26,26
1,v4-cal1-none,edge-2,1,startup-calibration,f9-startup-null,startup-calibration,1,none,completed,9.0,0,35.1306828084,26,26,78.5,20.0717473345,57.4320525286,26,26
1,v4-cal1-none,on-prem,1,startup-calibration,f9-startup-null,startup-calibration,1,none,completed,5.0,0,26.4979087849,26,26,21,20.0717473345,19.4239226127,26,26
1,v4-cal1-none,public-cloud,1,startup-calibration,f9-startup-null,startup-calibration,1,none,completed,4.0,0,21.3533296956,26,26,15,20.0717473345,15.5222395417,26,26
1,v4-cal1-r1-moderate,edge-1,1,startup-calibration,f9-startup-null,startup-calibration,1,r1-moderate,completed,6.0,1,29.7571380163,26,26,23.5,20.0717473345,22.9012090498,5,5
1,v4-cal1-r1-moderate,edge-2,1,startup-calibration,f9-startup-null,startup-calibration,1,r1-moderate,completed,9.0,1,34.355187682,26,26,78.5,20.0717473345,57.4320525286,9,9
1,v4-cal1-r1-moderate,on-prem,1,startup-calibration,f9-startup-null,startup-calibration,1,r1-moderate,completed,5.0,1,25.0739971726,26,26,21,20.0717473345,19.4239226127,5,5
1,v4-cal1-r1-moderate,public-cloud,1,startup-calibration,f9-startup-null,startup-calibration,1,r1-moderate,completed,5.0,1,19.3024360992,26,26,15,20.0717473345,15.5222395417,4,4
1,v4-cal1-r2-heavy,edge-1,1,startup-calibration,f9-startup-null,startup-calibration,1,r2-heavy,completed,6.0,1,29.8667167978,26,26,23.5,20.0717473345,22.9012090498,6,6
1,v4-cal1-r2-heavy,edge-2,1,startup-calibration,f9-startup-null,startup-calibration,1,r2-heavy,completed,10.0,1,34.6214154084,26,26,78.5,20.0717473345,57.4320525286,9,9
1,v4-cal1-r2-heavy,on-prem,1,startup-calibration,f9-startup-null,startup-calibration,1,r2-heavy,completed,6.0,1,25.5363658317,26,26,21,20.0717473345,19.4239226127,5,5
1,v4-cal1-r2-heavy,public-cloud,1,startup-calibration,f9-startup-null,startup-calibration,1,r2-heavy,completed,5.0,1,21.8102369643,26,26,15,20.0717473345,15.5222395417,5,5
1,v4-cal1-r3-cpu-pressure,edge-1,1,startup-calibration,f9-startup-null,startup-calibration,1,r3-cpu-pressure,completed,5.0,1,30.0778594332,26,26,23.5,20.0717473345,22.9012090498,6,6
1,v4-cal1-r3-cpu-pressure,edge-2,1,startup-calibration,f9-startup-null,startup-calibration,1,r3-cpu-pressure,completed,8.0,1,35.0756526951,26,26,78.5,20.0717473345,57.4320525286,10,10
1,v4-cal1-r3-cpu-pressure,on-prem,1,startup-calibration,f9-startup-null,startup-calibration,1,r3-cpu-pressure,completed,5.0,1,25.2262961261,26,26,21,20.0717473345,19.4239226127,6,6
1,v4-cal1-r3-cpu-pressure,public-cloud,1,startup-calibration,f9-startup-null,startup-calibration,1,r3-cpu-pressure,completed,5.0,1,21.2475616701,26,26,15,20.0717473345,15.5222395417,5,5
1,v4-01-f2-mixed-zstd1-aes-1024,edge-1,1,train,f2-mixed-zstd1-aes-1024,compress-encrypt,1024,none,completed,30.0,0,19.1542079448,26,14,13,15.4806233545,18.5645038157,13,13
1,v4-01-f2-mixed-zstd1-aes-1024,edge-1,2,train,f2-mixed-zstd1-aes-1024,compress-encrypt,1024,none,completed,30.0,0,19.1542079448,26,14,13,15.4806233545,18.5645038157,13,13
1,v4-01-f2-mixed-zstd1-aes-1024,edge-1,3,train,f2-mixed-zstd1-aes-1024,compress-encrypt,1024,none,completed,30.0,0,19.1542079448,26,14,13,15.4806233545,18.5645038157,13,13
1,v4-01-f2-mixed-zstd1-aes-1024,edge-2,1,train,f2-mixed-zstd1-aes-1024,compress-encrypt,1024,r1-moderate,completed,111.0,0,45.2992433127,26,14,43,53.5926086646,46.829970119,43,43
1,v4-01-f2-mixed-zstd1-aes-1024,edge-2,2,train,f2-mixed-zstd1-aes-1024,compress-encrypt,1024,r1-moderate,completed,111.0,0,45.2992433127,26,14,43,53.5926086646,46.829970119,43,43
1,v4-01-f2-mixed-zstd1-aes-1024,edge-2,3,train,f2-mixed-zstd1-aes-1024,compress-encrypt,1024,r1-moderate,completed,111.0,0,45.2992433127,26,14,43,53.5926086646,46.829970119,43,43
1,v4-01-f2-mixed-zstd1-aes-1024,on-prem,1,train,f2-mixed-zstd1-aes-1024,compress-encrypt,1024,r1-moderate,completed,27.0,0,18.4968739489,26,14,14,15.6377327498,15.7181463941,14,14
1,v4-01-f2-mixed-zstd1-aes-1024,on-prem,2,train,f2-mixed-zstd1-aes-1024,compress-encrypt,1024,r1-moderate,completed,27.0,0,18.4968739489,26,14,14,15.6377327498,15.7181463941,14,14
1,v4-01-f2-mixed-zstd1-aes-1024,on-prem,3,train,f2-mixed-zstd1-aes-1024,compress-encrypt,1024,r1-moderate,completed,26.0,0,18.4968739489,26,14,14,15.6377327498,15.7181463941,14,14
1,v4-01-f2-mixed-zstd1-aes-1024,public-cloud,1,train,f2-mixed-zstd1-aes-1024,compress-encrypt,1024,r1-moderate,completed,23.0,0,15.1631718138,26,14,11,12.8933165602,12.5243961042,11,11
1,v4-01-f2-mixed-zstd1-aes-1024,public-cloud,2,train,f2-mixed-zstd1-aes-1024,compress-encrypt,1024,r1-moderate,completed,23.0,0,15.1631718138,26,14,11,12.8933165602,12.5243961042,11,11
1,v4-01-f2-mixed-zstd1-aes-1024,public-cloud,3,train,f2-mixed-zstd1-aes-1024,compress-encrypt,1024,r1-moderate,completed,22.0,0,15.1631718138,26,14,11,12.8933165602,12.5243961042,11,11
1,v4-02-f3-mnv2-fp32-224-1500,edge-1,1,train,f3-mnv2-fp32-224-1500,onnx-inference-fp32,1500,none,completed,40.0,0,38.0846276214,26,29,40,47.6354074647,33.3488260264,40,40
1,v4-02-f3-mnv2-fp32-224-1500,edge-1,2,train,f3-mnv2-fp32-224-1500,onnx-inference-fp32,1500,none,completed,40.0,0,38.0846276214,26,29,40,47.6354074647,33.3488260264,40,40
1,v4-02-f3-mnv2-fp32-224-1500,edge-2,1,train,f3-mnv2-fp32-224-1500,onnx-inference-fp32,1500,r1-moderate,completed,134.0,0,97.2573703108,26,29,133,153.078834974,82.9736769169,133,133
1,v4-02-f3-mnv2-fp32-224-1500,edge-2,2,train,f3-mnv2-fp32-224-1500,onnx-inference-fp32,1500,r1-moderate,completed,132.0,0,97.2573703108,26,29,133,153.078834974,82.9736769169,133,133
1,v4-02-f3-mnv2-fp32-224-1500,on-prem,1,train,f3-mnv2-fp32-224-1500,onnx-inference-fp32,1500,r3-cpu-pressure,completed,20.0,0,23.8160114756,26,29,20,23.7491534343,28.3515597115,20,20
1,v4-02-f3-mnv2-fp32-224-1500,on-prem,2,train,f3-mnv2-fp32-224-1500,onnx-inference-fp32,1500,r3-cpu-pressure,completed,20.0,0,23.8160114756,26,29,20,23.7491534343,28.3515597115,20,20
1,v4-02-f3-mnv2-fp32-224-1500,public-cloud,1,train,f3-mnv2-fp32-224-1500,onnx-inference-fp32,1500,r1-moderate,completed,14.0,0,18.7745785261,26,29,14,18.7125601656,22.7443859179,14,14
1,v4-02-f3-mnv2-fp32-224-1500,public-cloud,2,train,f3-mnv2-fp32-224-1500,onnx-inference-fp32,1500,r1-moderate,completed,14.0,0,18.7745785261,26,29,14,18.7125601656,22.7443859179,14,14
1,v4-03-f3-mnv2-int8-224-1500,edge-1,1,train,f3-mnv2-int8-224-1500,onnx-inference-int8,1500,r1-moderate,completed,18.0,0,22.8771933851,26,26,17,23.6841224984,27.2746585085,17,17
1,v4-03-f3-mnv2-int8-224-1500,edge-1,2,train,f3-mnv2-int8-224-1500,onnx-inference-int8,1500,r1-moderate,completed,17.0,0,22.8771933851,26,26,17,23.6841224984,27.2746585085,17,17
1,v4-03-f3-mnv2-int8-224-1500,edge-1,3,train,f3-mnv2-int8-224-1500,onnx-inference-int8,1500,r1-moderate,completed,17.0,0,22.8771933851,26,26,17,23.6841224984,27.2746585085,17,17
1,v4-03-f3-mnv2-int8-224-1500,edge-2,1,train,f3-mnv2-int8-224-1500,onnx-inference-int8,1500,r2-heavy,completed,83.0,0,64.6169790797,26,26,83,81.4873853038,68.1239647233,83,83
1,v4-03-f3-mnv2-int8-224-1500,edge-2,2,train,f3-mnv2-int8-224-1500,onnx-inference-int8,1500,r2-heavy,completed,82.0,0,64.6169790797,26,26,83,81.4873853038,68.1239647233,83,83
1,v4-03-f3-mnv2-int8-224-1500,edge-2,3,train,f3-mnv2-int8-224-1500,onnx-inference-int8,1500,r2-heavy,completed,84.0,0,64.6169790797,26,26,83,81.4873853038,68.1239647233,83,83
1,v4-03-f3-mnv2-int8-224-1500,on-prem,1,train,f3-mnv2-int8-224-1500,onnx-inference-int8,1500,r1-moderate,completed,29.0,0,29.9356109416,26,26,29,32.2673657568,23.1610972933,29,29
1,v4-03-f3-mnv2-int8-224-1500,on-prem,2,train,f3-mnv2-int8-224-1500,onnx-inference-int8,1500,r1-moderate,completed,29.0,0,29.9356109416,26,26,29,32.2673657568,23.1610972933,29,29
1,v4-03-f3-mnv2-int8-224-1500,on-prem,3,train,f3-mnv2-int8-224-1500,onnx-inference-int8,1500,r1-moderate,completed,31.0,0,29.9356109416,26,26,29,32.2673657568,23.1610972933,29,29
1,v4-03-f3-mnv2-int8-224-1500,public-cloud,1,train,f3-mnv2-int8-224-1500,onnx-inference-int8,1500,none,completed,13.0,0,16.3992546349,26,26,13,16.4697778689,18.5454832375,13,13
1,v4-03-f3-mnv2-int8-224-1500,public-cloud,2,train,f3-mnv2-int8-224-1500,onnx-inference-int8,1500,none,completed,13.0,0,16.3992546349,26,26,13,16.4697778689,18.5454832375,13,13
1,v4-03-f3-mnv2-int8-224-1500,public-cloud,3,train,f3-mnv2-int8-224-1500,onnx-inference-int8,1500,none,completed,13.0,0,16.3992546349,26,26,13,16.4697778689,18.5454832375,13,13
1,v4-04-f4-bfs-kron-21-n4,edge-1,1,train,f4-bfs-kron-21-n4,graph-kernel,21,r1-moderate,completed,17.0,0,27.4129519557,26,17,17,15.4272486205,16.2268530743,17,17
1,v4-04-f4-bfs-kron-21-n4,edge-1,2,train,f4-bfs-kron-21-n4,graph-kernel,21,r1-moderate,completed,17.0,0,27.4129519557,26,17,17,15.4272486205,16.2268530743,17,17
1,v4-04-f4-bfs-kron-21-n4,edge-2,1,train,f4-bfs-kron-21-n4,graph-kernel,21,none,completed,35.0,0,49.1631055682,26,17,36,35.7473528132,41.1150403581,36,36
1,v4-04-f4-bfs-kron-21-n4,edge-2,2,train,f4-bfs-kron-21-n4,graph-kernel,21,none,completed,36.0,0,49.1631055682,26,17,36,35.7473528132,41.1150403581,36,36
1,v4-04-f4-bfs-kron-21-n4,on-prem,1,train,f4-bfs-kron-21-n4,graph-kernel,21,r2-heavy,completed,13.0,0,18.075703112,26,17,13.5,12.4497700445,13.7205906328,13.5,13.5
1,v4-04-f4-bfs-kron-21-n4,on-prem,2,train,f4-bfs-kron-21-n4,graph-kernel,21,r2-heavy,completed,14.0,0,18.075703112,26,17,13.5,12.4497700445,13.7205906328,13.5,13.5
1,v4-04-f4-bfs-kron-21-n4,public-cloud,1,train,f4-bfs-kron-21-n4,graph-kernel,21,r1-moderate,completed,11.0,0,14.764649085,26,17,13,11.9582607431,10.9084433114,13,13
1,v4-04-f4-bfs-kron-21-n4,public-cloud,2,train,f4-bfs-kron-21-n4,graph-kernel,21,r1-moderate,completed,11.0,0,14.764649085,26,17,13,11.9582607431,10.9084433114,13,13
1,v4-05-f0-cpu-45k,edge-1,1,train,f0-cpu-45k,stress-ng-cpu,45000,none,completed,81.0,0,55.5756910699,26,51,81.5,81.4984662432,42.6451571105,81.5,81.5
1,v4-05-f0-cpu-45k,edge-1,2,train,f0-cpu-45k,stress-ng-cpu,45000,none,completed,81.0,0,55.5756910699,26,51,81.5,81.4984662432,42.6451571105,81.5,81.5
1,v4-05-f0-cpu-45k,edge-2,1,train,f0-cpu-45k,stress-ng-cpu,45000,none,completed,147.0,0,84.7741019487,26,51,156,155.740168229,105.70071575,156,156
1,v4-05-f0-cpu-45k,edge-2,2,train,f0-cpu-45k,stress-ng-cpu,45000,none,completed,146.0,0,84.7741019487,26,51,156,155.740168229,105.70071575,156,156
1,v4-05-f0-cpu-45k,on-prem,1,train,f0-cpu-45k,stress-ng-cpu,45000,r3-cpu-pressure,completed,20.0,0,22.6287023562,26,51,20.5,20.4939015319,36.2954066628,20.5,20.5
1,v4-05-f0-cpu-45k,on-prem,2,train,f0-cpu-45k,stress-ng-cpu,45000,r3-cpu-pressure,completed,21.0,0,22.6287023562,26,51,20.5,20.4939015319,36.2954066628,20.5,20.5
1,v4-05-f0-cpu-45k,public-cloud,1,train,f0-cpu-45k,stress-ng-cpu,45000,r3-cpu-pressure,completed,19.0,0,19.6697254943,26,51,18,18,29.1706804502,18,18
1,v4-05-f0-cpu-45k,public-cloud,2,train,f0-cpu-45k,stress-ng-cpu,45000,r3-cpu-pressure,completed,18.0,0,19.6697254943,26,51,18,18,29.1706804502,18,18
1,v4-06-f2-random-zstd1-aes-1152,edge-1,1,train,f2-random-zstd1-aes-1152,compress-encrypt,1152,r1-moderate,completed,14.0,1,19.6764838629,26,14,13,16.8335202705,20.4330392022,30,30
1,v4-06-f2-random-zstd1-aes-1152,edge-1,2,train,f2-random-zstd1-aes-1152,compress-encrypt,1152,r1-moderate,completed,14.0,1,19.6764838629,26,14,13,16.8335202705,20.4330392022,30,30
1,v4-06-f2-random-zstd1-aes-1152,edge-1,3,train,f2-random-zstd1-aes-1152,compress-encrypt,1152,r1-moderate,completed,14.0,1,19.6764838629,26,14,13,16.8335202705,20.4330392022,30,30
1,v4-06-f2-random-zstd1-aes-1152,edge-2,1,train,f2-random-zstd1-aes-1152,compress-encrypt,1152,r3-cpu-pressure,completed,53.0,1,49.1258371227,26,14,43,61.4178774679,51.3980385218,111,111
1,v4-06-f2-random-zstd1-aes-1152,edge-2,2,train,f2-random-zstd1-aes-1152,compress-encrypt,1152,r3-cpu-pressure,completed,52.0,1,49.1258371227,26,14,43,61.4178774679,51.3980385218,111,111
1,v4-06-f2-random-zstd1-aes-1152,edge-2,3,train,f2-random-zstd1-aes-1152,compress-encrypt,1152,r3-cpu-pressure,completed,52.0,1,49.1258371227,26,14,43,61.4178774679,51.3980385218,111,111
1,v4-06-f2-random-zstd1-aes-1152,on-prem,1,train,f2-random-zstd1-aes-1152,compress-encrypt,1152,r2-heavy,completed,15.0,1,18.4948479463,26,14,14,17.4962787831,17.3148364214,26,26
1,v4-06-f2-random-zstd1-aes-1152,on-prem,2,train,f2-random-zstd1-aes-1152,compress-encrypt,1152,r2-heavy,completed,15.0,1,18.4948479463,26,14,14,17.4962787831,17.3148364214,26,26
1,v4-06-f2-random-zstd1-aes-1152,on-prem,3,train,f2-random-zstd1-aes-1152,compress-encrypt,1152,r2-heavy,completed,15.0,1,18.4948479463,26,14,14,17.4962787831,17.3148364214,26,26
1,v4-06-f2-random-zstd1-aes-1152,public-cloud,1,train,f2-random-zstd1-aes-1152,compress-encrypt,1152,none,completed,12.0,1,15.2535111525,26,14,11,14.2388429209,13.8160625292,22,22
1,v4-06-f2-random-zstd1-aes-1152,public-cloud,2,train,f2-random-zstd1-aes-1152,compress-encrypt,1152,none,completed,12.0,1,15.2535111525,26,14,11,14.2388429209,13.8160625292,22,22
1,v4-06-f2-random-zstd1-aes-1152,public-cloud,3,train,f2-random-zstd1-aes-1152,compress-encrypt,1152,none,completed,12.0,1,15.2535111525,26,14,11,14.2388429209,13.8160625292,22,22
1,v4-07-f2-random-zstd1-aes-768,edge-1,1,train,f2-random-zstd1-aes-768,compress-encrypt,768,r2-heavy,completed,13.0,1,18.4883956322,26,14,13,12.6158157502,14.4096233461,14,14
1,v4-07-f2-random-zstd1-aes-768,edge-1,2,train,f2-random-zstd1-aes-768,compress-encrypt,768,r2-heavy,completed,12.0,1,18.4883956322,26,14,13,12.6158157502,14.4096233461,14,14
1,v4-07-f2-random-zstd1-aes-768,edge-1,3,train,f2-random-zstd1-aes-768,compress-encrypt,768,r2-heavy,completed,12.0,1,18.4883956322,26,14,13,12.6158157502,14.4096233461,14,14
1,v4-07-f2-random-zstd1-aes-768,edge-2,1,train,f2-random-zstd1-aes-768,compress-encrypt,768,r3-cpu-pressure,completed,38.0,1,40.6533802979,26,14,43,38.4180267295,36.6724005438,52,52
1,v4-07-f2-random-zstd1-aes-768,edge-2,2,train,f2-random-zstd1-aes-768,compress-encrypt,768,r3-cpu-pressure,completed,37.0,1,40.6533802979,26,14,43,38.4180267295,36.6724005438,52,52
1,v4-07-f2-random-zstd1-aes-768,edge-2,3,train,f2-random-zstd1-aes-768,compress-encrypt,768,r3-cpu-pressure,completed,37.0,1,40.6533802979,26,14,43,38.4180267295,36.6724005438,52,52
1,v4-07-f2-random-zstd1-aes-768,on-prem,1,train,f2-random-zstd1-aes-768,compress-encrypt,768,none,completed,11.0,1,16.9608998884,26,14,14,11.8863811372,12.1677420191,15,15
1,v4-07-f2-random-zstd1-aes-768,on-prem,2,train,f2-random-zstd1-aes-768,compress-encrypt,768,none,completed,11.0,1,16.9608998884,26,14,14,11.8863811372,12.1677420191,15,15
1,v4-07-f2-random-zstd1-aes-768,on-prem,3,train,f2-random-zstd1-aes-768,compress-encrypt,768,none,completed,11.0,1,16.9608998884,26,14,14,11.8863811372,12.1677420191,15,15
1,v4-07-f2-random-zstd1-aes-768,public-cloud,1,train,f2-random-zstd1-aes-768,compress-encrypt,768,none,completed,9.0,1,13.5113574122,26,14,11,10.1174119999,9.6522430577,12,12
1,v4-07-f2-random-zstd1-aes-768,public-cloud,2,train,f2-random-zstd1-aes-768,compress-encrypt,768,none,completed,9.0,1,13.5113574122,26,14,11,10.1174119999,9.6522430577,12,12
1,v4-07-f2-random-zstd1-aes-768,public-cloud,3,train,f2-random-zstd1-aes-768,compress-encrypt,768,none,completed,9.0,1,13.5113574122,26,14,11,10.1174119999,9.6522430577,12,12
1,v4-08-f1-x264-480p-testsrc2-med-2000,edge-1,1,train,f1-x264-480p-testsrc2-med-2000,video-transcode,2000,none,completed,24.0,0,32.7739327242,26,41.5,33.5,37.002472682,26.6837765361,33.5,33.5
1,v4-08-f1-x264-480p-testsrc2-med-2000,edge-1,2,train,f1-x264-480p-testsrc2-med-2000,video-transcode,2000,none,completed,25.0,0,32.7739327242,26,41.5,33.5,37.002472682,26.6837765361,33.5,33.5
1,v4-08-f1-x264-480p-testsrc2-med-2000,edge-2,1,train,f1-x264-480p-testsrc2-med-2000,video-transcode,2000,none,completed,63.0,0,70.5767305626,26,41.5,87,109.345792745,66.6794166093,87,87
1,v4-08-f1-x264-480p-testsrc2-med-2000,edge-2,2,train,f1-x264-480p-testsrc2-med-2000,video-transcode,2000,none,completed,61.0,0,70.5767305626,26,41.5,87,109.345792745,66.6794166093,87,87
1,v4-08-f1-x264-480p-testsrc2-med-2000,on-prem,1,train,f1-x264-480p-testsrc2-med-2000,video-transcode,2000,none,completed,22.0,0,27.6882250263,26,41.5,29,32.8360300424,22.6561802553,29,29
1,v4-08-f1-x264-480p-testsrc2-med-2000,on-prem,2,train,f1-x264-480p-testsrc2-med-2000,video-transcode,2000,none,completed,23.0,0,27.6882250263,26,41.5,29,32.8360300424,22.6561802553,29,29
1,v4-08-f1-x264-480p-testsrc2-med-2000,public-cloud,1,train,f1-x264-480p-testsrc2-med-2000,video-transcode,2000,r2-heavy,completed,21.0,0,24.3506367775,26,41.5,29,27.4344926888,18.1370230014,29,29
1,v4-08-f1-x264-480p-testsrc2-med-2000,public-cloud,2,train,f1-x264-480p-testsrc2-med-2000,video-transcode,2000,r2-heavy,completed,21.0,0,24.3506367775,26,41.5,29,27.4344926888,18.1370230014,29,29
1,v4-09-f4-bfs-kron-21-n8,edge-1,1,train,f4-bfs-kron-21-n8,graph-kernel,21,none,completed,14.0,1,22.7469077594,26,17,17,15.4272486205,15.1071424133,17,17
1,v4-09-f4-bfs-kron-21-n8,edge-1,2,train,f4-bfs-kron-21-n8,graph-kernel,21,none,completed,14.0,1,22.7469077594,26,17,17,15.4272486205,15.1071424133,17,17
1,v4-09-f4-bfs-kron-21-n8,edge-2,1,train,f4-bfs-kron-21-n8,graph-kernel,21,none,completed,36.0,1,45.3046162242,26,17,36,35.7473528132,38.3776477843,36,36
1,v4-09-f4-bfs-kron-21-n8,edge-2,2,train,f4-bfs-kron-21-n8,graph-kernel,21,none,completed,36.0,1,45.3046162242,26,17,36,35.7473528132,38.3776477843,36,36
1,v4-09-f4-bfs-kron-21-n8,on-prem,1,train,f4-bfs-kron-21-n8,graph-kernel,21,none,completed,11.0,1,14.5246442932,26,17,13.5,12.4497700445,12.7637819692,14,14
1,v4-09-f4-bfs-kron-21-n8,on-prem,2,train,f4-bfs-kron-21-n8,graph-kernel,21,none,completed,12.0,1,14.5246442932,26,17,13.5,12.4497700445,12.7637819692,14,14
1,v4-09-f4-bfs-kron-21-n8,public-cloud,1,train,f4-bfs-kron-21-n8,graph-kernel,21,r2-heavy,completed,13.0,1,12.9803943877,26,17,13,11.9582607431,10.1344185447,11,11
1,v4-09-f4-bfs-kron-21-n8,public-cloud,2,train,f4-bfs-kron-21-n8,graph-kernel,21,r2-heavy,completed,13.0,1,12.9803943877,26,17,13,11.9582607431,10.1344185447,11,11
1,v4-10-f5-sf1-q1-r2,edge-1,1,train,f5-sf1-q1-r2,duckdb-tpch,1,r2-heavy,completed,17.0,0,26.4071046218,26,21,21,19.3829997351,18.653420015,21,21
1,v4-10-f5-sf1-q1-r2,edge-1,2,train,f5-sf1-q1-r2,duckdb-tpch,1,r2-heavy,completed,23.0,0,26.4071046218,26,21,21,19.3829997351,18.653420015,21,21
1,v4-10-f5-sf1-q1-r2,edge-2,1,train,f5-sf1-q1-r2,duckdb-tpch,1,r1-moderate,completed,51.0,0,46.7000824374,26,21,48.5,47.2020562163,47.0473464038,48.5,48.5
1,v4-10-f5-sf1-q1-r2,edge-2,2,train,f5-sf1-q1-r2,duckdb-tpch,1,r1-moderate,completed,46.0,0,46.7000824374,26,21,48.5,47.2020562163,47.0473464038,48.5,48.5
1,v4-10-f5-sf1-q1-r2,on-prem,1,train,f5-sf1-q1-r2,duckdb-tpch,1,none,completed,12.0,0,21.1242441266,26,21,19,15.0996688705,15.7941265493,19,19
1,v4-10-f5-sf1-q1-r2,on-prem,2,train,f5-sf1-q1-r2,duckdb-tpch,1,none,completed,12.0,0,21.1242441266,26,21,19,15.0996688705,15.7941265493,19,19
1,v4-10-f5-sf1-q1-r2,public-cloud,1,train,f5-sf1-q1-r2,duckdb-tpch,1,r1-moderate,completed,12.0,0,18.3670708103,26,21,16,13.8564064606,12.5858613941,16,16
1,v4-10-f5-sf1-q1-r2,public-cloud,2,train,f5-sf1-q1-r2,duckdb-tpch,1,r1-moderate,completed,16.0,0,18.3670708103,26,21,16,13.8564064606,12.5858613941,16,16
1,v4-11-f3-mnv2-fp32-224-2500,edge-1,1,train,f3-mnv2-fp32-224-2500,onnx-inference-fp32,2500,none,completed,64.0,1,43.4163469345,26,29,40,55.88778418,50.0706974939,40,40
1,v4-11-f3-mnv2-fp32-224-2500,edge-1,2,train,f3-mnv2-fp32-224-2500,onnx-inference-fp32,2500,none,completed,64.0,1,43.4163469345,26,29,40,55.88778418,50.0706974939,40,40
1,v4-11-f3-mnv2-fp32-224-2500,edge-2,1,train,f3-mnv2-fp32-224-2500,onnx-inference-fp32,2500,none,completed,199.0,1,120.047224515,26,29,133,178.430006648,123.854172541,132,132
1,v4-11-f3-mnv2-fp32-224-2500,edge-2,2,train,f3-mnv2-fp32-224-2500,onnx-inference-fp32,2500,none,completed,199.0,1,120.047224515,26,29,133,178.430006648,123.854172541,132,132
1,v4-11-f3-mnv2-fp32-224-2500,on-prem,1,train,f3-mnv2-fp32-224-2500,onnx-inference-fp32,2500,none,completed,30.0,1,26.1446913082,26,29,20,25.8147372206,42.6406363888,20,20
1,v4-11-f3-mnv2-fp32-224-2500,on-prem,2,train,f3-mnv2-fp32-224-2500,onnx-inference-fp32,2500,none,completed,29.0,1,26.1446913082,26,29,20,25.8147372206,42.6406363888,20,20
1,v4-11-f3-mnv2-fp32-224-2500,public-cloud,1,train,f3-mnv2-fp32-224-2500,onnx-inference-fp32,2500,r2-heavy,completed,27.0,1,20.3549315057,26,29,14,21.9533467171,34.3037495215,14,14
1,v4-11-f3-mnv2-fp32-224-2500,public-cloud,2,train,f3-mnv2-fp32-224-2500,onnx-inference-fp32,2500,r2-heavy,completed,28.0,1,20.3549315057,26,29,14,21.9533467171,34.3037495215,14,14
1,v4-12-f2-random-zstd1-chacha-1152,edge-1,1,train,f2-random-zstd1-chacha-1152,compress-encrypt,1152,r3-cpu-pressure,completed,13.0,1,19.6089458214,26,14,13,16.8335202705,20.4330392022,12,12
1,v4-12-f2-random-zstd1-chacha-1152,edge-1,2,train,f2-random-zstd1-chacha-1152,compress-encrypt,1152,r3-cpu-pressure,completed,13.0,1,19.6089458214,26,14,13,16.8335202705,20.4330392022,12,12
1,v4-12-f2-random-zstd1-chacha-1152,edge-1,3,train,f2-random-zstd1-chacha-1152,compress-encrypt,1152,r3-cpu-pressure,completed,12.0,1,19.6089458214,26,14,13,16.8335202705,20.4330392022,12,12
1,v4-12-f2-random-zstd1-chacha-1152,edge-2,1,train,f2-random-zstd1-chacha-1152,compress-encrypt,1152,none,completed,43.0,1,47.0999208852,26,14,43,61.4178774679,51.3980385218,37,37
1,v4-12-f2-random-zstd1-chacha-1152,edge-2,2,train,f2-random-zstd1-chacha-1152,compress-encrypt,1152,none,completed,43.0,1,47.0999208852,26,14,43,61.4178774679,51.3980385218,37,37
1,v4-12-f2-random-zstd1-chacha-1152,edge-2,3,train,f2-random-zstd1-chacha-1152,compress-encrypt,1152,none,completed,43.0,1,47.0999208852,26,14,43,61.4178774679,51.3980385218,37,37
1,v4-12-f2-random-zstd1-chacha-1152,on-prem,1,train,f2-random-zstd1-chacha-1152,compress-encrypt,1152,r3-cpu-pressure,completed,13.0,1,18.4085295305,26,14,14,17.4962787831,17.3148364214,11,11
1,v4-12-f2-random-zstd1-chacha-1152,on-prem,2,train,f2-random-zstd1-chacha-1152,compress-encrypt,1152,r3-cpu-pressure,completed,14.0,1,18.4085295305,26,14,14,17.4962787831,17.3148364214,11,11
1,v4-12-f2-random-zstd1-chacha-1152,on-prem,3,train,f2-random-zstd1-chacha-1152,compress-encrypt,1152,r3-cpu-pressure,completed,15.0,1,18.4085295305,26,14,14,17.4962787831,17.3148364214,11,11
1,v4-12-f2-random-zstd1-chacha-1152,public-cloud,1,train,f2-random-zstd1-chacha-1152,compress-encrypt,1152,r1-moderate,completed,11.0,1,15.9429052973,26,14,11,14.2388429209,13.8160625292,9,9
1,v4-12-f2-random-zstd1-chacha-1152,public-cloud,2,train,f2-random-zstd1-chacha-1152,compress-encrypt,1152,r1-moderate,completed,12.0,1,15.9429052973,26,14,11,14.2388429209,13.8160625292,9,9
1,v4-12-f2-random-zstd1-chacha-1152,public-cloud,3,train,f2-random-zstd1-chacha-1152,compress-encrypt,1152,r1-moderate,completed,11.0,1,15.9429052973,26,14,11,14.2388429209,13.8160625292,9,9
1,v4-13-f3-mnv2-int8-224-2000,edge-1,1,train,f3-mnv2-int8-224-2000,onnx-inference-int8,2000,none,completed,19.0,1,23.696727413,26,26,17,26.6216831835,32.6128491593,17,17
1,v4-13-f3-mnv2-int8-224-2000,edge-1,2,train,f3-mnv2-int8-224-2000,onnx-inference-int8,2000,none,completed,19.0,1,23.696727413,26,26,17,26.6216831835,32.6128491593,17,17
1,v4-13-f3-mnv2-int8-224-2000,edge-1,3,train,f3-mnv2-int8-224-2000,onnx-inference-int8,2000,none,completed,121.0,1,23.696727413,26,26,17,26.6216831835,32.6128491593,17,17
1,v4-13-f3-mnv2-int8-224-2000,edge-2,1,train,f3-mnv2-int8-224-2000,onnx-inference-int8,2000,none,completed,85.0,1,71.3532311006,26,26,83,86.7451183752,81.1744106594,84,84
1,v4-13-f3-mnv2-int8-224-2000,edge-2,2,train,f3-mnv2-int8-224-2000,onnx-inference-int8,2000,none,completed,86.0,1,71.3532311006,26,26,83,86.7451183752,81.1744106594,84,84
1,v4-13-f3-mnv2-int8-224-2000,edge-2,3,train,f3-mnv2-int8-224-2000,onnx-inference-int8,2000,none,completed,85.0,1,71.3532311006,26,26,83,86.7451183752,81.1744106594,84,84
1,v4-13-f3-mnv2-int8-224-2000,on-prem,1,train,f3-mnv2-int8-224-2000,onnx-inference-int8,2000,r1-moderate,completed,37.0,1,31.3044948504,26,26,29,33.0292151919,27.7226570252,31,31
1,v4-13-f3-mnv2-int8-224-2000,on-prem,2,train,f3-mnv2-int8-224-2000,onnx-inference-int8,2000,r1-moderate,completed,37.0,1,31.3044948504,26,26,29,33.0292151919,27.7226570252,31,31
1,v4-13-f3-mnv2-int8-224-2000,on-prem,3,train,f3-mnv2-int8-224-2000,onnx-inference-int8,2000,r1-moderate,censored,,1,31.3044948504,26,26,29,33.0292151919,27.7226570252,31,31
1,v4-13-f3-mnv2-int8-224-2000,public-cloud,1,train,f3-mnv2-int8-224-2000,onnx-inference-int8,2000,r2-heavy,completed,21.0,1,17.8789828718,26,26,13,17.2568704372,22.235625626,13,13
1,v4-13-f3-mnv2-int8-224-2000,public-cloud,2,train,f3-mnv2-int8-224-2000,onnx-inference-int8,2000,r2-heavy,completed,21.0,1,17.8789828718,26,26,13,17.2568704372,22.235625626,13,13
1,v4-13-f3-mnv2-int8-224-2000,public-cloud,3,train,f3-mnv2-int8-224-2000,onnx-inference-int8,2000,r2-heavy,completed,22.0,1,17.8789828718,26,26,13,17.2568704372,22.235625626,13,13
1,v4-14-f4-bfs-kron-22-n4,edge-1,1,train,f4-bfs-kron-22-n4,graph-kernel,22,none,completed,221.0,1,33.3209303551,26,17,17,78.6638417572,43.4514395125,14,14
1,v4-14-f4-bfs-kron-22-n4,edge-1,2,train,f4-bfs-kron-22-n4,graph-kernel,22,none,completed,28.0,1,33.3209303551,26,17,17,78.6638417572,43.4514395125,14,14
1,v4-14-f4-bfs-kron-22-n4,edge-2,1,train,f4-bfs-kron-22-n4,graph-kernel,22,r3-cpu-pressure,completed,364.0,1,62.6012748163,26,17,36,157.327683514,107.671860204,36,36
1,v4-14-f4-bfs-kron-22-n4,edge-2,2,train,f4-bfs-kron-22-n4,graph-kernel,22,r3-cpu-pressure,completed,68.0,1,62.6012748163,26,17,36,157.327683514,107.671860204,36,36
1,v4-14-f4-bfs-kron-22-n4,on-prem,1,train,f4-bfs-kron-22-n4,graph-kernel,22,r2-heavy,completed,25.0,1,21.9533214951,26,17,13.5,25,36.9843864274,12,12
1,v4-14-f4-bfs-kron-22-n4,on-prem,2,train,f4-bfs-kron-22-n4,graph-kernel,22,r2-heavy,completed,25.0,1,21.9533214951,26,17,13.5,25,36.9843864274,12,12
1,v4-14-f4-bfs-kron-22-n4,public-cloud,1,train,f4-bfs-kron-22-n4,graph-kernel,22,r1-moderate,completed,18.0,1,19.0932647606,26,17,13,17.4928556845,29.7280409986,13,13
1,v4-14-f4-bfs-kron-22-n4,public-cloud,2,train,f4-bfs-kron-22-n4,graph-kernel,22,r1-moderate,completed,17.0,1,19.0932647606,26,17,13,17.4928556845,29.7280409986,13,13
1,v4-15-f1-x264-720p-noise-med-1000,edge-1,1,train,f1-x264-720p-noise-med-1000,video-transcode,1000,none,completed,115.0,1,41.2488018471,26,41.5,33.5,52.7216038975,54.2887562514,25,25
1,v4-15-f1-x264-720p-noise-med-1000,edge-1,2,train,f1-x264-720p-noise-med-1000,video-transcode,1000,none,completed,115.0,1,41.2488018471,26,41.5,33.5,52.7216038975,54.2887562514,25,25
1,v4-15-f1-x264-720p-noise-med-1000,edge-2,1,train,f1-x264-720p-noise-med-1000,video-transcode,1000,none,completed,278.0,1,88.1230919793,26,41.5,87,128.339483765,134.166196103,61,61
1,v4-15-f1-x264-720p-noise-med-1000,edge-2,2,train,f1-x264-720p-noise-med-1000,video-transcode,1000,none,completed,279.0,1,88.1230919793,26,41.5,87,128.339483765,134.166196103,61,61
1,v4-15-f1-x264-720p-noise-med-1000,on-prem,1,train,f1-x264-720p-noise-med-1000,video-transcode,1000,none,completed,90.0,1,36.4298970754,26,41.5,29,45.1001735339,46.2450275081,23,23
1,v4-15-f1-x264-720p-noise-med-1000,on-prem,2,train,f1-x264-720p-noise-med-1000,video-transcode,1000,none,completed,90.0,1,36.4298970754,26,41.5,29,45.1001735339,46.2450275081,23,23
1,v4-15-f1-x264-720p-noise-med-1000,public-cloud,1,train,f1-x264-720p-noise-med-1000,video-transcode,1000,r2-heavy,completed,86.0,1,31.0220355734,26,41.5,29,39.3432723395,37.2195759572,21,21
1,v4-15-f1-x264-720p-noise-med-1000,public-cloud,2,train,f1-x264-720p-noise-med-1000,video-transcode,1000,r2-heavy,completed,83.0,1,31.0220355734,26,41.5,29,39.3432723395,37.2195759572,21,21
1,v4-16-f1-x264-720p-testsrc2-med-1100,edge-1,1,train,f1-x264-720p-testsrc2-med-1100,video-transcode,1100,r3-cpu-pressure,completed,28.0,1,43.0791899336,26,41.5,33.5,50.2164913819,52.2098116798,115,115
1,v4-16-f1-x264-720p-testsrc2-med-1100,edge-1,2,train,f1-x264-720p-testsrc2-med-1100,video-transcode,1100,r3-cpu-pressure,completed,28.0,1,43.0791899336,26,41.5,33.5,50.2164913819,52.2098116798,115,115
1,v4-16-f1-x264-720p-testsrc2-med-1100,edge-2,1,train,f1-x264-720p-testsrc2-med-1100,video-transcode,1100,r1-moderate,completed,74.0,1,95.2696644425,26,41.5,87,125.543950063,129.083733615,279,279
1,v4-16-f1-x264-720p-testsrc2-med-1100,edge-2,2,train,f1-x264-720p-testsrc2-med-1100,video-transcode,1100,r1-moderate,completed,75.0,1,95.2696644425,26,41.5,87,125.543950063,129.083733615,279,279
1,v4-16-f1-x264-720p-testsrc2-med-1100,on-prem,1,train,f1-x264-720p-testsrc2-med-1100,video-transcode,1100,r2-heavy,completed,27.0,1,36.2455932938,26,41.5,29,43.1744125008,44.4685398434,90,90
1,v4-16-f1-x264-720p-testsrc2-med-1100,on-prem,2,train,f1-x264-720p-testsrc2-med-1100,video-transcode,1100,r2-heavy,completed,26.0,1,36.2455932938,26,41.5,29,43.1744125008,44.4685398434,90,90
1,v4-16-f1-x264-720p-testsrc2-med-1100,public-cloud,1,train,f1-x264-720p-testsrc2-med-1100,video-transcode,1100,none,completed,18.0,1,31.1189885871,26,41.5,29,37.4404504297,35.7824595279,83,83
1,v4-16-f1-x264-720p-testsrc2-med-1100,public-cloud,2,train,f1-x264-720p-testsrc2-med-1100,video-transcode,1100,none,completed,19.0,1,31.1189885871,26,41.5,29,37.4404504297,35.7824595279,83,83
1,v4-17-f1-x264-720p-testsrc2-med-1400,edge-1,1,train,f1-x264-720p-testsrc2-med-1400,video-transcode,1400,none,completed,33.0,1,40.9552918144,26,41.5,33.5,44.3966723973,48.689015365,28,28
1,v4-17-f1-x264-720p-testsrc2-med-1400,edge-1,2,train,f1-x264-720p-testsrc2-med-1400,video-transcode,1400,none,completed,34.0,1,40.9552918144,26,41.5,33.5,44.3966723973,48.689015365,28,28
1,v4-17-f1-x264-720p-testsrc2-med-1400,edge-2,1,train,f1-x264-720p-testsrc2-med-1400,video-transcode,1400,none,completed,87.0,1,90.8764481918,26,41.5,87,118.739404521,120.476329915,75,75
1,v4-17-f1-x264-720p-testsrc2-med-1400,edge-2,2,train,f1-x264-720p-testsrc2-med-1400,video-transcode,1400,none,completed,87.0,1,90.8764481918,26,41.5,87,118.739404521,120.476329915,75,75
1,v4-17-f1-x264-720p-testsrc2-med-1400,on-prem,1,train,f1-x264-720p-testsrc2-med-1400,video-transcode,1400,none,completed,29.0,1,35.9090318278,26,41.5,29,38.6609938021,41.459969385,26,26
1,v4-17-f1-x264-720p-testsrc2-med-1400,on-prem,2,train,f1-x264-720p-testsrc2-med-1400,video-transcode,1400,none,completed,29.0,1,35.9090318278,26,41.5,29,38.6609938021,41.459969385,26,26
1,v4-17-f1-x264-720p-testsrc2-med-1400,public-cloud,1,train,f1-x264-720p-testsrc2-med-1400,video-transcode,1400,r2-heavy,completed,29.0,1,29.2727064185,26,41.5,29,33.026722681,33.3486311819,19,19
1,v4-17-f1-x264-720p-testsrc2-med-1400,public-cloud,2,train,f1-x264-720p-testsrc2-med-1400,video-transcode,1400,r2-heavy,completed,29.0,1,29.2727064185,26,41.5,29,33.026722681,33.3486311819,19,19
1,v4-18-f0-cpu-45k,edge-1,1,train,f0-cpu-45k,stress-ng-cpu,45000,r1-moderate,completed,82.0,1,60.7884571135,26,51,81.5,81.4984662432,42.6451571105,81,81
1,v4-18-f0-cpu-45k,edge-1,2,train,f0-cpu-45k,stress-ng-cpu,45000,r1-moderate,completed,83.0,1,60.7884571135,26,51,81.5,81.4984662432,42.6451571105,81,81
1,v4-18-f0-cpu-45k,edge-2,1,train,f0-cpu-45k,stress-ng-cpu,45000,r2-heavy,completed,165.0,1,103.369762322,26,51,156,155.740168229,105.70071575,146,146
1,v4-18-f0-cpu-45k,edge-2,2,train,f0-cpu-45k,stress-ng-cpu,45000,r2-heavy,completed,166.0,1,103.369762322,26,51,156,155.740168229,105.70071575,146,146
1,v4-18-f0-cpu-45k,on-prem,1,train,f0-cpu-45k,stress-ng-cpu,45000,r1-moderate,completed,20.0,1,23.1670669112,26,51,20.5,20.4939015319,36.2954066628,21,21
1,v4-18-f0-cpu-45k,on-prem,2,train,f0-cpu-45k,stress-ng-cpu,45000,r1-moderate,completed,21.0,1,23.1670669112,26,51,20.5,20.4939015319,36.2954066628,21,21
1,v4-18-f0-cpu-45k,public-cloud,1,train,f0-cpu-45k,stress-ng-cpu,45000,none,completed,18.0,1,19.7868181023,26,51,18,18,29.1706804502,18,18
1,v4-18-f0-cpu-45k,public-cloud,2,train,f0-cpu-45k,stress-ng-cpu,45000,none,completed,18.0,1,19.7868181023,26,51,18,18,29.1706804502,18,18
1,v4-19-f3-r50-fp32-160-256,edge-1,1,train,f3-r50-fp32-160-256,onnx-inference-fp32,256,none,completed,28.0,1,30.7389258985,26,29,40,27.4013023184,25.0287351714,64,64
1,v4-19-f3-r50-fp32-160-256,edge-1,2,train,f3-r50-fp32-160-256,onnx-inference-fp32,256,none,completed,29.0,1,30.7389258985,26,29,40,27.4013023184,25.0287351714,64,64
1,v4-19-f3-r50-fp32-160-256,edge-2,1,train,f3-r50-fp32-160-256,onnx-inference-fp32,256,r3-cpu-pressure,completed,96.0,1,71.10636667,26,29,133,90.0671192864,62.6332838903,199,199
1,v4-19-f3-r50-fp32-160-256,edge-2,2,train,f3-r50-fp32-160-256,onnx-inference-fp32,256,r3-cpu-pressure,completed,90.0,1,71.10636667,26,29,133,90.0671192864,62.6332838903,199,199
1,v4-19-f3-r50-fp32-160-256,on-prem,1,train,f3-r50-fp32-160-256,onnx-inference-fp32,256,none,completed,19.0,1,21.625253825,26,29,20,17.7945427637,21.2419239019,29,29
1,v4-19-f3-r50-fp32-160-256,on-prem,2,train,f3-r50-fp32-160-256,onnx-inference-fp32,256,none,completed,18.0,1,21.625253825,26,29,20,17.7945427637,21.2419239019,29,29
1,v4-19-f3-r50-fp32-160-256,public-cloud,1,train,f3-r50-fp32-160-256,onnx-inference-fp32,256,r1-moderate,completed,11.0,1,14.0563290484,26,29,14,10.765692053,16.9929390422,28,28
1,v4-19-f3-r50-fp32-160-256,public-cloud,2,train,f3-r50-fp32-160-256,onnx-inference-fp32,256,r1-moderate,completed,12.0,1,14.0563290484,26,29,14,10.765692053,16.9929390422,28,28
1,v4-20-f5-sf1-q9-r2,edge-1,1,train,f5-sf1-q9-r2,duckdb-tpch,1,none,completed,19.0,1,22.0077874625,26,21,21,19.3829997351,19.9533374776,23,23
1,v4-20-f5-sf1-q9-r2,edge-1,2,train,f5-sf1-q9-r2,duckdb-tpch,1,none,completed,19.0,1,22.0077874625,26,21,21,19.3829997351,19.9533374776,23,23
1,v4-20-f5-sf1-q9-r2,edge-2,1,train,f5-sf1-q9-r2,duckdb-tpch,1,r1-moderate,completed,46.0,1,46.2823803049,26,21,48.5,47.2020562163,50.2252963268,46,46
1,v4-20-f5-sf1-q9-r2,edge-2,2,train,f5-sf1-q9-r2,duckdb-tpch,1,r1-moderate,completed,46.0,1,46.2823803049,26,21,48.5,47.2020562163,50.2252963268,46,46
1,v4-20-f5-sf1-q9-r2,on-prem,1,train,f5-sf1-q9-r2,duckdb-tpch,1,r2-heavy,completed,19.0,1,19.4016625079,26,21,19,15.0996688705,16.9049244844,12,12
1,v4-20-f5-sf1-q9-r2,on-prem,2,train,f5-sf1-q9-r2,duckdb-tpch,1,r2-heavy,completed,19.0,1,19.4016625079,26,21,19,15.0996688705,16.9049244844,12,12
1,v4-20-f5-sf1-q9-r2,public-cloud,1,train,f5-sf1-q9-r2,duckdb-tpch,1,none,completed,16.0,1,15.8900992825,26,21,16,13.8564064606,13.4844580993,16,16
1,v4-20-f5-sf1-q9-r2,public-cloud,2,train,f5-sf1-q9-r2,duckdb-tpch,1,none,completed,12.0,1,15.8900992825,26,21,16,13.8564064606,13.4844580993,16,16
1,v4-21-f2-random-zstd1-chacha-768,edge-1,1,train,f2-random-zstd1-chacha-768,compress-encrypt,768,none,completed,11.0,1,18.0198781524,26,14,13,12.6158157502,14.4096233461,12,12
1,v4-21-f2-random-zstd1-chacha-768,edge-1,2,train,f2-random-zstd1-chacha-768,compress-encrypt,768,none,completed,11.0,1,18.0198781524,26,14,13,12.6158157502,14.4096233461,12,12
1,v4-21-f2-random-zstd1-chacha-768,edge-1,3,train,f2-random-zstd1-chacha-768,compress-encrypt,768,none,completed,10.0,1,18.0198781524,26,14,13,12.6158157502,14.4096233461,12,12
1,v4-21-f2-random-zstd1-chacha-768,edge-2,1,train,f2-random-zstd1-chacha-768,compress-encrypt,768,none,completed,32.0,1,39.3557057899,26,14,43,38.4180267295,36.6724005438,43,43
1,v4-21-f2-random-zstd1-chacha-768,edge-2,2,train,f2-random-zstd1-chacha-768,compress-encrypt,768,none,completed,32.0,1,39.3557057899,26,14,43,38.4180267295,36.6724005438,43,43
1,v4-21-f2-random-zstd1-chacha-768,edge-2,3,train,f2-random-zstd1-chacha-768,compress-encrypt,768,none,completed,32.0,1,39.3557057899,26,14,43,38.4180267295,36.6724005438,43,43
1,v4-21-f2-random-zstd1-chacha-768,on-prem,1,train,f2-random-zstd1-chacha-768,compress-encrypt,768,none,completed,11.0,1,16.8292506943,26,14,14,11.8863811372,12.1677420191,15,15
1,v4-21-f2-random-zstd1-chacha-768,on-prem,2,train,f2-random-zstd1-chacha-768,compress-encrypt,768,none,completed,11.0,1,16.8292506943,26,14,14,11.8863811372,12.1677420191,15,15
1,v4-21-f2-random-zstd1-chacha-768,on-prem,3,train,f2-random-zstd1-chacha-768,compress-encrypt,768,none,completed,11.0,1,16.8292506943,26,14,14,11.8863811372,12.1677420191,15,15
1,v4-21-f2-random-zstd1-chacha-768,public-cloud,1,train,f2-random-zstd1-chacha-768,compress-encrypt,768,none,completed,10.0,1,13.7834163565,26,14,11,10.1174119999,9.6522430577,11,11
1,v4-21-f2-random-zstd1-chacha-768,public-cloud,2,train,f2-random-zstd1-chacha-768,compress-encrypt,768,none,completed,10.0,1,13.7834163565,26,14,11,10.1174119999,9.6522430577,11,11
1,v4-21-f2-random-zstd1-chacha-768,public-cloud,3,train,f2-random-zstd1-chacha-768,compress-encrypt,768,none,completed,9.0,1,13.7834163565,26,14,11,10.1174119999,9.6522430577,11,11
1,v4-22-f1-x264-720p-testsrc2-med-2400,edge-1,1,train,f1-x264-720p-testsrc2-med-2400,video-transcode,2400,none,completed,55.0,1,40.7023126307,26,41.5,33.5,33.7122033119,51.0828388958,34,34
1,v4-22-f1-x264-720p-testsrc2-med-2400,edge-1,2,train,f1-x264-720p-testsrc2-med-2400,video-transcode,2400,none,completed,56.0,1,40.7023126307,26,41.5,33.5,33.7122033119,51.0828388958,34,34
1,v4-22-f1-x264-720p-testsrc2-med-2400,edge-2,1,train,f1-x264-720p-testsrc2-med-2400,video-transcode,2400,r2-heavy,completed,198.0,1,100.379539422,26,41.5,87,104.834897508,126.328587096,87,87
1,v4-22-f1-x264-720p-testsrc2-med-2400,edge-2,2,train,f1-x264-720p-testsrc2-med-2400,video-transcode,2400,r2-heavy,completed,194.0,1,100.379539422,26,41.5,87,104.834897508,126.328587096,87,87
1,v4-22-f1-x264-720p-testsrc2-med-2400,on-prem,1,train,f1-x264-720p-testsrc2-med-2400,video-transcode,2400,r3-cpu-pressure,completed,48.0,1,36.0837113382,26,41.5,29,30.2062805505,43.5055255927,29,29
1,v4-22-f1-x264-720p-testsrc2-med-2400,on-prem,2,train,f1-x264-720p-testsrc2-med-2400,video-transcode,2400,r3-cpu-pressure,completed,48.0,1,36.0837113382,26,41.5,29,30.2062805505,43.5055255927,29,29
1,v4-22-f1-x264-720p-testsrc2-med-2400,public-cloud,1,train,f1-x264-720p-testsrc2-med-2400,video-transcode,2400,none,completed,35.0,1,30.113692413,26,41.5,29,24.9524218618,35.003414658,29,29
1,v4-22-f1-x264-720p-testsrc2-med-2400,public-cloud,2,train,f1-x264-720p-testsrc2-med-2400,video-transcode,2400,none,completed,35.0,1,30.113692413,26,41.5,29,24.9524218618,35.003414658,29,29
1,v4-23-f3-r50-int8-224-128,edge-1,1,train,f3-r50-int8-224-128,onnx-inference-int8,128,r3-cpu-pressure,completed,9.0,1,20.0400616346,26,26,17,8.71038477499,17.166878418,121,121
1,v4-23-f3-r50-int8-224-128,edge-1,2,train,f3-r50-int8-224-128,onnx-inference-int8,128,r3-cpu-pressure,completed,9.0,1,20.0400616346,26,26,17,8.71038477499,17.166878418,121,121
1,v4-23-f3-r50-int8-224-128,edge-1,3,train,f3-r50-int8-224-128,onnx-inference-int8,128,r3-cpu-pressure,completed,9.0,1,20.0400616346,26,26,17,8.71038477499,17.166878418,121,121
1,v4-23-f3-r50-int8-224-128,edge-2,1,train,f3-r50-int8-224-128,onnx-inference-int8,128,none,completed,50.0,1,49.6323276437,26,26,83,47.7282651864,43.4131504724,85,85
1,v4-23-f3-r50-int8-224-128,edge-2,2,train,f3-r50-int8-224-128,onnx-inference-int8,128,none,completed,47.0,1,49.6323276437,26,26,83,47.7282651864,43.4131504724,85,85
1,v4-23-f3-r50-int8-224-128,edge-2,3,train,f3-r50-int8-224-128,onnx-inference-int8,128,none,completed,46.0,1,49.6323276437,26,26,83,47.7282651864,43.4131504724,85,85
1,v4-23-f3-r50-int8-224-128,on-prem,1,train,f3-r50-int8-224-128,onnx-inference-int8,128,none,completed,26.0,1,24.9869536136,26,26,29,26.4276364041,14.5238556406,37,37
1,v4-23-f3-r50-int8-224-128,on-prem,2,train,f3-r50-int8-224-128,onnx-inference-int8,128,none,completed,27.0,1,24.9869536136,26,26,29,26.4276364041,14.5238556406,37,37
1,v4-23-f3-r50-int8-224-128,on-prem,3,train,f3-r50-int8-224-128,onnx-inference-int8,128,none,completed,27.0,1,24.9869536136,26,26,29,26.4276364041,14.5238556406,37,37
1,v4-23-f3-r50-int8-224-128,public-cloud,1,train,f3-r50-int8-224-128,onnx-inference-int8,128,r3-cpu-pressure,completed,12.0,1,15.2900257148,26,26,13,11.0467926146,11.5582566272,22,22
1,v4-23-f3-r50-int8-224-128,public-cloud,2,train,f3-r50-int8-224-128,onnx-inference-int8,128,r3-cpu-pressure,completed,11.0,1,15.2900257148,26,26,13,11.0467926146,11.5582566272,22,22
1,v4-23-f3-r50-int8-224-128,public-cloud,3,train,f3-r50-int8-224-128,onnx-inference-int8,128,r3-cpu-pressure,completed,11.0,1,15.2900257148,26,26,13,11.0467926146,11.5582566272,22,22
1,v4-24-f5-sf2-q1-r2,edge-1,1,train,f5-sf2-q1-r2,duckdb-tpch,2,r3-cpu-pressure,completed,34.0,1,29.8596508126,26,21,21,33.4962684489,35.0786156398,19,19
1,v4-24-f5-sf2-q1-r2,edge-1,2,train,f5-sf2-q1-r2,duckdb-tpch,2,r3-cpu-pressure,completed,33.0,1,29.8596508126,26,21,21,33.4962684489,35.0786156398,19,19
1,v4-24-f5-sf2-q1-r2,edge-2,1,train,f5-sf2-q1-r2,duckdb-tpch,2,none,completed,106.0,1,69.2208014913,26,21,48.5,106.995327001,87.2025490775,46,46
1,v4-24-f5-sf2-q1-r2,edge-2,2,train,f5-sf2-q1-r2,duckdb-tpch,2,none,completed,108.0,1,69.2208014913,26,21,48.5,106.995327001,87.2025490775,46,46
1,v4-24-f5-sf2-q1-r2,on-prem,1,train,f5-sf2-q1-r2,duckdb-tpch,2,r2-heavy,completed,25.0,1,24.1741681257,26,21,19,28.2842712475,29.8296895051,19,19
1,v4-24-f5-sf2-q1-r2,on-prem,2,train,f5-sf2-q1-r2,duckdb-tpch,2,r2-heavy,completed,32.0,1,24.1741681257,26,21,19,28.2842712475,29.8296895051,19,19
1,v4-24-f5-sf2-q1-r2,public-cloud,1,train,f5-sf2-q1-r2,duckdb-tpch,2,r1-moderate,completed,26.0,1,20.4810596854,26,21,16,22.2261107709,23.9401412578,12,12
1,v4-24-f5-sf2-q1-r2,public-cloud,2,train,f5-sf2-q1-r2,duckdb-tpch,2,r1-moderate,completed,19.0,1,20.4810596854,26,21,16,22.2261107709,23.9401412578,12,12
1,v4-cal2-none,edge-1,1,startup-calibration,f9-startup-null,startup-calibration,1,none,completed,4.0,1,29.4760027232,26,26,23.5,20.0717473345,22.9012090498,5,5
1,v4-cal2-none,edge-2,1,startup-calibration,f9-startup-null,startup-calibration,1,none,completed,10.0,1,34.1112818255,26,26,78.5,20.0717473345,57.4320525286,8,8
1,v4-cal2-none,on-prem,1,startup-calibration,f9-startup-null,startup-calibration,1,none,completed,5.0,1,25.268054175,26,26,21,20.0717473345,19.4239226127,5,5
1,v4-cal2-none,public-cloud,1,startup-calibration,f9-startup-null,startup-calibration,1,none,completed,5.0,1,20.8021518327,26,26,15,20.0717473345,15.5222395417,5,5
1,v4-cal2-r1-moderate,edge-1,1,startup-calibration,f9-startup-null,startup-calibration,1,r1-moderate,completed,4.0,1,29.8403910903,26,26,23.5,20.0717473345,22.9012090498,4,4
1,v4-cal2-r1-moderate,edge-2,1,startup-calibration,f9-startup-null,startup-calibration,1,r1-moderate,completed,10.0,1,34.6294172868,26,26,78.5,20.0717473345,57.4320525286,10,10
1,v4-cal2-r1-moderate,on-prem,1,startup-calibration,f9-startup-null,startup-calibration,1,r1-moderate,completed,5.0,1,25.1070950399,26,26,21,20.0717473345,19.4239226127,5,5
1,v4-cal2-r1-moderate,public-cloud,1,startup-calibration,f9-startup-null,startup-calibration,1,r1-moderate,completed,5.0,1,20.8725125042,26,26,15,20.0717473345,15.5222395417,5,5
1,v4-cal2-r2-heavy,edge-1,1,startup-calibration,f9-startup-null,startup-calibration,1,r2-heavy,completed,5.0,1,29.7601518351,26,26,23.5,20.0717473345,22.9012090498,4,4
1,v4-cal2-r2-heavy,edge-2,1,startup-calibration,f9-startup-null,startup-calibration,1,r2-heavy,completed,10.0,1,34.5949887732,26,26,78.5,20.0717473345,57.4320525286,10,10
1,v4-cal2-r2-heavy,on-prem,1,startup-calibration,f9-startup-null,startup-calibration,1,r2-heavy,completed,5.0,1,25.1279474129,26,26,21,20.0717473345,19.4239226127,5,5
1,v4-cal2-r2-heavy,public-cloud,1,startup-calibration,f9-startup-null,startup-calibration,1,r2-heavy,completed,5.0,1,21.4407766014,26,26,15,20.0717473345,15.5222395417,5,5
1,v4-cal2-r3-cpu-pressure,edge-1,1,startup-calibration,f9-startup-null,startup-calibration,1,r3-cpu-pressure,completed,4.0,1,30.0891615502,26,26,23.5,20.0717473345,22.9012090498,5,5
1,v4-cal2-r3-cpu-pressure,edge-2,1,startup-calibration,f9-startup-null,startup-calibration,1,r3-cpu-pressure,completed,10.0,1,34.7468754896,26,26,78.5,20.0717473345,57.4320525286,10,10
1,v4-cal2-r3-cpu-pressure,on-prem,1,startup-calibration,f9-startup-null,startup-calibration,1,r3-cpu-pressure,completed,5.0,1,24.6848985135,26,26,21,20.0717473345,19.4239226127,5,5
1,v4-cal2-r3-cpu-pressure,public-cloud,1,startup-calibration,f9-startup-null,startup-calibration,1,r3-cpu-pressure,completed,6.0,1,21.2973417661,26,26,15,20.0717473345,15.5222395417,5,5
1,v4-25-f3-r50-fp32-224-128,edge-1,1,calibration,f3-r50-fp32-224-128,onnx-inference-fp32,128,none,completed,30.0,1,29.9774857469,26,29,40,22.0606803985,19.3557479946,29,29
1,v4-25-f3-r50-fp32-224-128,edge-1,2,calibration,f3-r50-fp32-224-128,onnx-inference-fp32,128,none,completed,29.0,1,29.9774857469,26,29,40,22.0606803985,19.3557479946,29,29
1,v4-25-f3-r50-fp32-224-128,edge-2,1,calibration,f3-r50-fp32-224-128,onnx-inference-fp32,128,r2-heavy,completed,116.0,1,69.0273371171,26,29,133,73.1576635433,48.7643501466,90,90
1,v4-25-f3-r50-fp32-224-128,edge-2,2,calibration,f3-r50-fp32-224-128,onnx-inference-fp32,128,r2-heavy,completed,114.0,1,69.0273371171,26,29,133,73.1576635433,48.7643501466,90,90
1,v4-25-f3-r50-fp32-224-128,on-prem,1,calibration,f3-r50-fp32-224-128,onnx-inference-fp32,128,none,completed,19.0,1,21.3247699017,26,29,20,15.8905866925,16.3942757833,18,18
1,v4-25-f3-r50-fp32-224-128,on-prem,2,calibration,f3-r50-fp32-224-128,onnx-inference-fp32,128,none,completed,18.0,1,21.3247699017,26,29,20,15.8905866925,16.3942757833,18,18
1,v4-25-f3-r50-fp32-224-128,public-cloud,1,calibration,f3-r50-fp32-224-128,onnx-inference-fp32,128,r3-cpu-pressure,completed,12.0,1,15.9480788545,26,29,14,8.66794374853,13.0713611482,12,12
1,v4-25-f3-r50-fp32-224-128,public-cloud,2,calibration,f3-r50-fp32-224-128,onnx-inference-fp32,128,r3-cpu-pressure,completed,11.0,1,15.9480788545,26,29,14,8.66794374853,13.0713611482,12,12
1,v4-26-f5-sf2-q9-r2,edge-1,1,calibration,f5-sf2-q9-r2,duckdb-tpch,2,none,completed,35.0,1,24.9621643993,26,21,21,33.4962684489,37.4649291904,33,33
1,v4-26-f5-sf2-q9-r2,edge-1,2,calibration,f5-sf2-q9-r2,duckdb-tpch,2,none,completed,24.0,1,24.9621643993,26,21,21,33.4962684489,37.4649291904,33,33
1,v4-26-f5-sf2-q9-r2,edge-2,1,calibration,f5-sf2-q9-r2,duckdb-tpch,2,r2-heavy,completed,132.0,1,70.5676251613,26,21,48.5,106.995327001,93.0364463689,108,108
1,v4-26-f5-sf2-q9-r2,edge-2,2,calibration,f5-sf2-q9-r2,duckdb-tpch,2,r2-heavy,completed,170.0,1,70.5676251613,26,21,48.5,106.995327001,93.0364463689,108,108
1,v4-26-f5-sf2-q9-r2,on-prem,1,calibration,f5-sf2-q9-r2,duckdb-tpch,2,r3-cpu-pressure,completed,25.0,1,22.4687095679,26,21,19,28.2842712475,31.868828328,32,32
1,v4-26-f5-sf2-q9-r2,on-prem,2,calibration,f5-sf2-q9-r2,duckdb-tpch,2,r3-cpu-pressure,completed,24.0,1,22.4687095679,26,21,19,28.2842712475,31.868828328,32,32
1,v4-26-f5-sf2-q9-r2,public-cloud,1,calibration,f5-sf2-q9-r2,duckdb-tpch,2,none,completed,20.0,1,17.4350811138,26,21,16,22.2261107709,25.589733294,19,19
1,v4-26-f5-sf2-q9-r2,public-cloud,2,calibration,f5-sf2-q9-r2,duckdb-tpch,2,none,completed,26.0,1,17.4350811138,26,21,16,22.2261107709,25.589733294,19,19
1,v4-27-f4-bfs-kron-22-n6,edge-1,1,calibration,f4-bfs-kron-22-n6,graph-kernel,22,none,completed,27.0,1,30.5849776615,26,17,17,78.6638417572,41.8761978076,28,28
1,v4-27-f4-bfs-kron-22-n6,edge-1,2,calibration,f4-bfs-kron-22-n6,graph-kernel,22,none,completed,27.0,1,30.5849776615,26,17,17,78.6638417572,41.8761978076,28,28
1,v4-27-f4-bfs-kron-22-n6,edge-2,1,calibration,f4-bfs-kron-22-n6,graph-kernel,22,none,completed,68.0,1,58.7929172392,26,17,36,157.327683514,103.820816273,68,68
1,v4-27-f4-bfs-kron-22-n6,edge-2,2,calibration,f4-bfs-kron-22-n6,graph-kernel,22,none,completed,68.0,1,58.7929172392,26,17,36,157.327683514,103.820816273,68,68
1,v4-27-f4-bfs-kron-22-n6,on-prem,1,calibration,f4-bfs-kron-22-n6,graph-kernel,22,none,completed,21.0,1,19.0864089995,26,17,13.5,25,35.6383200166,25,25
1,v4-27-f4-bfs-kron-22-n6,on-prem,2,calibration,f4-bfs-kron-22-n6,graph-kernel,22,none,completed,21.0,1,19.0864089995,26,17,13.5,25,35.6383200166,25,25
1,v4-27-f4-bfs-kron-22-n6,public-cloud,1,calibration,f4-bfs-kron-22-n6,graph-kernel,22,r2-heavy,completed,23.0,1,17.0739549391,26,17,13,17.4928556845,28.6391203197,17,17
1,v4-27-f4-bfs-kron-22-n6,public-cloud,2,calibration,f4-bfs-kron-22-n6,graph-kernel,22,r2-heavy,completed,23.0,1,17.0739549391,26,17,13,17.4928556845,28.6391203197,17,17
1,v4-28-f2-text-zstd12-aes-512,edge-1,1,calibration,f2-text-zstd12-aes-512,compress-encrypt,512,none,completed,125.0,1,4.23801962281,26,14,13,9.45487363819,5.49732377761,10,10
1,v4-28-f2-text-zstd12-aes-512,edge-1,2,calibration,f2-text-zstd12-aes-512,compress-encrypt,512,none,completed,124.0,1,4.23801962281,26,14,13,9.45487363819,5.49732377761,10,10
1,v4-28-f2-text-zstd12-aes-512,edge-1,3,calibration,f2-text-zstd12-aes-512,compress-encrypt,512,none,completed,126.0,1,4.23801962281,26,14,13,9.45487363819,5.49732377761,10,10
1,v4-28-f2-text-zstd12-aes-512,edge-2,1,calibration,f2-text-zstd12-aes-512,compress-encrypt,512,none,completed,423.0,1,63.6276344322,26,14,43,24.0311915462,14.884215877,32,32
1,v4-28-f2-text-zstd12-aes-512,edge-2,2,calibration,f2-text-zstd12-aes-512,compress-encrypt,512,none,completed,425.0,1,63.6276344322,26,14,43,24.0311915462,14.884215877,32,32
1,v4-28-f2-text-zstd12-aes-512,edge-2,3,calibration,f2-text-zstd12-aes-512,compress-encrypt,512,none,completed,424.0,1,63.6276344322,26,14,43,24.0311915462,14.884215877,32,32
1,v4-28-f2-text-zstd12-aes-512,on-prem,1,calibration,f2-text-zstd12-aes-512,compress-encrypt,512,r1-moderate,completed,62.0,1,5.5289276161,26,14,14,8.07520606464,4.5520554524,11,11
1,v4-28-f2-text-zstd12-aes-512,on-prem,2,calibration,f2-text-zstd12-aes-512,compress-encrypt,512,r1-moderate,completed,62.0,1,5.5289276161,26,14,14,8.07520606464,4.5520554524,11,11
1,v4-28-f2-text-zstd12-aes-512,on-prem,3,calibration,f2-text-zstd12-aes-512,compress-encrypt,512,r1-moderate,completed,62.0,1,5.5289276161,26,14,14,8.07520606464,4.5520554524,11,11
1,v4-28-f2-text-zstd12-aes-512,public-cloud,1,calibration,f2-text-zstd12-aes-512,compress-encrypt,512,r1-moderate,completed,47.0,1,4.66621908179,26,14,11,7.18892863305,3.49141880689,9,9
1,v4-28-f2-text-zstd12-aes-512,public-cloud,2,calibration,f2-text-zstd12-aes-512,compress-encrypt,512,r1-moderate,completed,47.0,1,4.66621908179,26,14,11,7.18892863305,3.49141880689,9,9
1,v4-28-f2-text-zstd12-aes-512,public-cloud,3,calibration,f2-text-zstd12-aes-512,compress-encrypt,512,r1-moderate,completed,47.0,1,4.66621908179,26,14,11,7.18892863305,3.49141880689,9,9
1,v4-29-f4-bfs-uniform-21-n4,edge-1,1,calibration,f4-bfs-uniform-21-n4,graph-kernel,21,none,completed,14.0,1,27.0200844416,26,17,17,15.4272486205,16.2268530743,27,27
1,v4-29-f4-bfs-uniform-21-n4,edge-1,2,calibration,f4-bfs-uniform-21-n4,graph-kernel,21,none,completed,13.0,1,27.0200844416,26,17,17,15.4272486205,16.2268530743,27,27
1,v4-29-f4-bfs-uniform-21-n4,edge-2,1,calibration,f4-bfs-uniform-21-n4,graph-kernel,21,none,completed,32.0,1,49.633911613,26,17,36,35.7473528132,41.1150403581,68,68
1,v4-29-f4-bfs-uniform-21-n4,edge-2,2,calibration,f4-bfs-uniform-21-n4,graph-kernel,21,none,completed,32.0,1,49.633911613,26,17,36,35.7473528132,41.1150403581,68,68
1,v4-29-f4-bfs-uniform-21-n4,on-prem,1,calibration,f4-bfs-uniform-21-n4,graph-kernel,21,r1-moderate,completed,10.0,1,17.4120122379,26,17,13.5,12.4497700445,13.7205906328,21,21
1,v4-29-f4-bfs-uniform-21-n4,on-prem,2,calibration,f4-bfs-uniform-21-n4,graph-kernel,21,r1-moderate,completed,10.0,1,17.4120122379,26,17,13.5,12.4497700445,13.7205906328,21,21
1,v4-29-f4-bfs-uniform-21-n4,public-cloud,1,calibration,f4-bfs-uniform-21-n4,graph-kernel,21,r2-heavy,completed,12.0,1,14.8084796402,26,17,13,11.9582607431,10.9084433114,23,23
1,v4-29-f4-bfs-uniform-21-n4,public-cloud,2,calibration,f4-bfs-uniform-21-n4,graph-kernel,21,r2-heavy,completed,12.0,1,14.8084796402,26,17,13,11.9582607431,10.9084433114,23,23
1,v4-30-f1-x264-720p-testsrc2-med-3600,edge-1,1,calibration,f1-x264-720p-testsrc2-med-3600,video-transcode,3600,r2-heavy,completed,114.0,1,41.8273697641,26,41.5,33.5,27.4059304276,69.8154502103,56,56
1,v4-30-f1-x264-720p-testsrc2-med-3600,edge-1,2,calibration,f1-x264-720p-testsrc2-med-3600,video-transcode,3600,r2-heavy,completed,114.0,1,41.8273697641,26,41.5,33.5,27.4059304276,69.8154502103,56,56
1,v4-30-f1-x264-720p-testsrc2-med-3600,edge-2,1,calibration,f1-x264-720p-testsrc2-med-3600,video-transcode,3600,none,completed,213.0,1,116.907171185,26,41.5,87,95.4590109134,172.12480293,194,194
1,v4-30-f1-x264-720p-testsrc2-med-3600,edge-2,2,calibration,f1-x264-720p-testsrc2-med-3600,video-transcode,3600,none,completed,210.0,1,116.907171185,26,41.5,87,95.4590109134,172.12480293,194,194
1,v4-30-f1-x264-720p-testsrc2-med-3600,on-prem,1,calibration,f1-x264-720p-testsrc2-med-3600,video-transcode,3600,r1-moderate,completed,68.0,1,35.4287715738,26,41.5,29,25.0884189044,59.5128080286,48,48
1,v4-30-f1-x264-720p-testsrc2-med-3600,on-prem,2,calibration,f1-x264-720p-testsrc2-med-3600,video-transcode,3600,r1-moderate,completed,68.0,1,35.4287715738,26,41.5,29,25.0884189044,59.5128080286,48,48
1,v4-30-f1-x264-720p-testsrc2-med-3600,public-cloud,1,calibration,f1-x264-720p-testsrc2-med-3600,video-transcode,3600,r1-moderate,completed,52.0,1,30.7853535766,26,41.5,29,20.2079868978,47.9527466661,35,35
1,v4-30-f1-x264-720p-testsrc2-med-3600,public-cloud,2,calibration,f1-x264-720p-testsrc2-med-3600,video-transcode,3600,r1-moderate,completed,51.0,1,30.7853535766,26,41.5,29,20.2079868978,47.9527466661,35,35
1,v4-31-f3-r50-int8-224-192,edge-1,1,calibration,f3-r50-int8-224-192,onnx-inference-int8,192,r1-moderate,completed,13.0,1,19.4004623502,26,26,17,10.2708221816,17.4421529345,9,9
1,v4-31-f3-r50-int8-224-192,edge-1,2,calibration,f3-r50-int8-224-192,onnx-inference-int8,192,r1-moderate,completed,13.0,1,19.4004623502,26,26,17,10.2708221816,17.4421529345,9,9
1,v4-31-f3-r50-int8-224-192,edge-1,3,calibration,f3-r50-int8-224-192,onnx-inference-int8,192,r1-moderate,completed,14.0,1,19.4004623502,26,26,17,10.2708221816,17.4421529345,9,9
1,v4-31-f3-r50-int8-224-192,edge-2,1,calibration,f3-r50-int8-224-192,onnx-inference-int8,192,none,completed,66.0,1,50.2461801586,26,26,83,52.1252312248,44.086122914,46,46
1,v4-31-f3-r50-int8-224-192,edge-2,2,calibration,f3-r50-int8-224-192,onnx-inference-int8,192,none,completed,64.0,1,50.2461801586,26,26,83,52.1252312248,44.086122914,46,46
1,v4-31-f3-r50-int8-224-192,edge-2,3,calibration,f3-r50-int8-224-192,onnx-inference-int8,192,none,completed,64.0,1,50.2461801586,26,26,83,52.1252312248,44.086122914,46,46
1,v4-31-f3-r50-int8-224-192,on-prem,1,calibration,f3-r50-int8-224-192,onnx-inference-int8,192,none,completed,35.0,1,26.2167203452,26,26,29,27.311304261,14.7590816248,27,27
1,v4-31-f3-r50-int8-224-192,on-prem,2,calibration,f3-r50-int8-224-192,onnx-inference-int8,192,none,completed,34.0,1,26.2167203452,26,26,29,27.311304261,14.7590816248,27,27
1,v4-31-f3-r50-int8-224-192,on-prem,3,calibration,f3-r50-int8-224-192,onnx-inference-int8,192,none,completed,34.0,1,26.2167203452,26,26,29,27.311304261,14.7590816248,27,27
1,v4-31-f3-r50-int8-224-192,public-cloud,1,calibration,f3-r50-int8-224-192,onnx-inference-int8,192,r3-cpu-pressure,completed,15.0,1,15.4912886918,26,26,13,11.7980767531,11.7485462268,11,11
1,v4-31-f3-r50-int8-224-192,public-cloud,2,calibration,f3-r50-int8-224-192,onnx-inference-int8,192,r3-cpu-pressure,completed,14.0,1,15.4912886918,26,26,13,11.7980767531,11.7485462268,11,11
1,v4-31-f3-r50-int8-224-192,public-cloud,3,calibration,f3-r50-int8-224-192,onnx-inference-int8,192,r3-cpu-pressure,completed,14.0,1,15.4912886918,26,26,13,11.7980767531,11.7485462268,11,11
1,v4-32-f2-text-zstd12-chacha-512,edge-1,1,calibration,f2-text-zstd12-chacha-512,compress-encrypt,512,none,completed,125.0,1,4.42870173749,26,14,13,9.45487363819,5.49732377761,126,126
1,v4-32-f2-text-zstd12-chacha-512,edge-1,2,calibration,f2-text-zstd12-chacha-512,compress-encrypt,512,none,completed,124.0,1,4.42870173749,26,14,13,9.45487363819,5.49732377761,126,126
1,v4-32-f2-text-zstd12-chacha-512,edge-1,3,calibration,f2-text-zstd12-chacha-512,compress-encrypt,512,none,completed,125.0,1,4.42870173749,26,14,13,9.45487363819,5.49732377761,126,126
1,v4-32-f2-text-zstd12-chacha-512,edge-2,1,calibration,f2-text-zstd12-chacha-512,compress-encrypt,512,r3-cpu-pressure,completed,437.0,1,72.8212496137,26,14,43,24.0311915462,14.884215877,424,424
1,v4-32-f2-text-zstd12-chacha-512,edge-2,2,calibration,f2-text-zstd12-chacha-512,compress-encrypt,512,r3-cpu-pressure,completed,438.0,1,72.8212496137,26,14,43,24.0311915462,14.884215877,424,424
1,v4-32-f2-text-zstd12-chacha-512,edge-2,3,calibration,f2-text-zstd12-chacha-512,compress-encrypt,512,r3-cpu-pressure,completed,439.0,1,72.8212496137,26,14,43,24.0311915462,14.884215877,424,424
1,v4-32-f2-text-zstd12-chacha-512,on-prem,1,calibration,f2-text-zstd12-chacha-512,compress-encrypt,512,none,completed,60.0,1,5.56376801718,26,14,14,8.07520606464,4.5520554524,62,62
1,v4-32-f2-text-zstd12-chacha-512,on-prem,2,calibration,f2-text-zstd12-chacha-512,compress-encrypt,512,none,completed,60.0,1,5.56376801718,26,14,14,8.07520606464,4.5520554524,62,62
1,v4-32-f2-text-zstd12-chacha-512,on-prem,3,calibration,f2-text-zstd12-chacha-512,compress-encrypt,512,none,completed,60.0,1,5.56376801718,26,14,14,8.07520606464,4.5520554524,62,62
1,v4-32-f2-text-zstd12-chacha-512,public-cloud,1,calibration,f2-text-zstd12-chacha-512,compress-encrypt,512,r1-moderate,completed,47.0,1,4.7211192647,26,14,11,7.18892863305,3.49141880689,47,47
1,v4-32-f2-text-zstd12-chacha-512,public-cloud,2,calibration,f2-text-zstd12-chacha-512,compress-encrypt,512,r1-moderate,completed,47.0,1,4.7211192647,26,14,11,7.18892863305,3.49141880689,47,47
1,v4-32-f2-text-zstd12-chacha-512,public-cloud,3,calibration,f2-text-zstd12-chacha-512,compress-encrypt,512,r1-moderate,completed,46.0,1,4.7211192647,26,14,11,7.18892863305,3.49141880689,47,47
1,v4-33-f3-r50-fp32-224-192,edge-1,1,calibration,f3-r50-fp32-224-192,onnx-inference-fp32,192,none,completed,40.0,1,30.481336539,26,29,40,25.0434679479,19.7864982637,29,29
1,v4-33-f3-r50-fp32-224-192,edge-1,2,calibration,f3-r50-fp32-224-192,onnx-inference-fp32,192,none,completed,40.0,1,30.481336539,26,29,40,25.0434679479,19.7864982637,29,29
1,v4-33-f3-r50-fp32-224-192,edge-2,1,calibration,f3-r50-fp32-224-192,onnx-inference-fp32,192,none,completed,127.0,1,70.7455733036,26,29,133,82.6200990122,49.8174191482,114,114
1,v4-33-f3-r50-fp32-224-192,edge-2,2,calibration,f3-r50-fp32-224-192,onnx-inference-fp32,192,none,completed,126.0,1,70.7455733036,26,29,133,82.6200990122,49.8174191482,114,114
1,v4-33-f3-r50-fp32-224-192,on-prem,1,calibration,f3-r50-fp32-224-192,onnx-inference-fp32,192,none,completed,25.0,1,21.2687083007,26,29,20,16.9780976142,16.7623580064,18,18
1,v4-33-f3-r50-fp32-224-192,on-prem,2,calibration,f3-r50-fp32-224-192,onnx-inference-fp32,192,none,completed,24.0,1,21.2687083007,26,29,20,16.9780976142,16.7623580064,18,18
1,v4-33-f3-r50-fp32-224-192,public-cloud,1,calibration,f3-r50-fp32-224-192,onnx-inference-fp32,192,r2-heavy,completed,18.0,1,17.0195638473,26,29,14,9.8395715419,13.3691268015,11,11
1,v4-33-f3-r50-fp32-224-192,public-cloud,2,calibration,f3-r50-fp32-224-192,onnx-inference-fp32,192,r2-heavy,completed,18.0,1,17.0195638473,26,29,14,9.8395715419,13.3691268015,11,11
1,v4-34-f3-r50-int8-224-288,edge-1,1,calibration,f3-r50-int8-224-288,onnx-inference-int8,288,r1-moderate,completed,17.0,1,19.704527209,26,26,17,12.1108069289,17.9366779149,14,14
1,v4-34-f3-r50-int8-224-288,edge-1,2,calibration,f3-r50-int8-224-288,onnx-inference-int8,288,r1-moderate,completed,17.0,1,19.704527209,26,26,17,12.1108069289,17.9366779149,14,14
1,v4-34-f3-r50-int8-224-288,edge-1,3,calibration,f3-r50-int8-224-288,onnx-inference-int8,288,r1-moderate,completed,17.0,1,19.704527209,26,26,17,12.1108069289,17.9366779149,14,14
1,v4-34-f3-r50-int8-224-288,edge-2,1,calibration,f3-r50-int8-224-288,onnx-inference-int8,288,r2-heavy,completed,130.0,1,52.3265962656,26,26,83,56.9272677235,45.2951039982,64,64
1,v4-34-f3-r50-int8-224-288,edge-2,2,calibration,f3-r50-int8-224-288,onnx-inference-int8,288,r2-heavy,completed,117.0,1,52.3265962656,26,26,83,56.9272677235,45.2951039982,64,64
1,v4-34-f3-r50-int8-224-288,edge-2,3,calibration,f3-r50-int8-224-288,onnx-inference-int8,288,r2-heavy,completed,118.0,1,52.3265962656,26,26,83,56.9272677235,45.2951039982,64,64
1,v4-34-f3-r50-int8-224-288,on-prem,1,calibration,f3-r50-int8-224-288,onnx-inference-int8,288,none,completed,48.0,1,25.7875819914,26,26,29,28.2245195534,15.1816602445,34,34
1,v4-34-f3-r50-int8-224-288,on-prem,2,calibration,f3-r50-int8-224-288,onnx-inference-int8,288,none,completed,48.0,1,25.7875819914,26,26,29,28.2245195534,15.1816602445,34,34
1,v4-34-f3-r50-int8-224-288,on-prem,3,calibration,f3-r50-int8-224-288,onnx-inference-int8,288,none,completed,48.0,1,25.7875819914,26,26,29,28.2245195534,15.1816602445,34,34
1,v4-34-f3-r50-int8-224-288,public-cloud,1,calibration,f3-r50-int8-224-288,onnx-inference-int8,288,none,completed,17.0,1,14.3151480016,26,26,13,12.6004551664,12.0903975603,14,14
1,v4-34-f3-r50-int8-224-288,public-cloud,2,calibration,f3-r50-int8-224-288,onnx-inference-int8,288,none,completed,18.0,1,14.3151480016,26,26,13,12.6004551664,12.0903975603,14,14
1,v4-34-f3-r50-int8-224-288,public-cloud,3,calibration,f3-r50-int8-224-288,onnx-inference-int8,288,none,completed,19.0,1,14.3151480016,26,26,13,12.6004551664,12.0903975603,14,14
1,v4-35-f3-mnv2-int8-224-1500,edge-1,1,calibration,f3-mnv2-int8-224-1500,onnx-inference-int8,1500,none,completed,18.0,1,22.3171223285,26,26,17,23.6841224984,27.2746585085,17,17
1,v4-35-f3-mnv2-int8-224-1500,edge-1,2,calibration,f3-mnv2-int8-224-1500,onnx-inference-int8,1500,none,completed,17.0,1,22.3171223285,26,26,17,23.6841224984,27.2746585085,17,17
1,v4-35-f3-mnv2-int8-224-1500,edge-1,3,calibration,f3-mnv2-int8-224-1500,onnx-inference-int8,1500,none,completed,16.0,1,22.3171223285,26,26,17,23.6841224984,27.2746585085,17,17
1,v4-35-f3-mnv2-int8-224-1500,edge-2,1,calibration,f3-mnv2-int8-224-1500,onnx-inference-int8,1500,none,completed,67.0,1,70.9394414617,26,26,83,81.4873853038,68.1239647233,118,118
1,v4-35-f3-mnv2-int8-224-1500,edge-2,2,calibration,f3-mnv2-int8-224-1500,onnx-inference-int8,1500,none,completed,67.0,1,70.9394414617,26,26,83,81.4873853038,68.1239647233,118,118
1,v4-35-f3-mnv2-int8-224-1500,edge-2,3,calibration,f3-mnv2-int8-224-1500,onnx-inference-int8,1500,none,completed,67.0,1,70.9394414617,26,26,83,81.4873853038,68.1239647233,118,118
1,v4-35-f3-mnv2-int8-224-1500,on-prem,1,calibration,f3-mnv2-int8-224-1500,onnx-inference-int8,1500,r3-cpu-pressure,completed,28.0,1,30.1485692968,26,26,29,32.2673657568,23.1610972933,48,48
1,v4-35-f3-mnv2-int8-224-1500,on-prem,2,calibration,f3-mnv2-int8-224-1500,onnx-inference-int8,1500,r3-cpu-pressure,completed,30.0,1,30.1485692968,26,26,29,32.2673657568,23.1610972933,48,48
1,v4-35-f3-mnv2-int8-224-1500,on-prem,3,calibration,f3-mnv2-int8-224-1500,onnx-inference-int8,1500,r3-cpu-pressure,completed,30.0,1,30.1485692968,26,26,29,32.2673657568,23.1610972933,48,48
1,v4-35-f3-mnv2-int8-224-1500,public-cloud,1,calibration,f3-mnv2-int8-224-1500,onnx-inference-int8,1500,r3-cpu-pressure,completed,13.0,1,16.504335009,26,26,13,16.4697778689,18.5454832375,19,19
1,v4-35-f3-mnv2-int8-224-1500,public-cloud,2,calibration,f3-mnv2-int8-224-1500,onnx-inference-int8,1500,r3-cpu-pressure,completed,13.0,1,16.504335009,26,26,13,16.4697778689,18.5454832375,19,19
1,v4-35-f3-mnv2-int8-224-1500,public-cloud,3,calibration,f3-mnv2-int8-224-1500,onnx-inference-int8,1500,r3-cpu-pressure,completed,14.0,1,16.504335009,26,26,13,16.4697778689,18.5454832375,19,19
1,v4-36-f5-sf3-q1-r2,edge-1,1,calibration,f5-sf3-q1-r2,duckdb-tpch,3,r3-cpu-pressure,completed,45.0,1,32.5632509468,26,21,21,46.1284807371,54.791414446,24,24
1,v4-36-f5-sf3-q1-r2,edge-1,2,calibration,f5-sf3-q1-r2,duckdb-tpch,3,r3-cpu-pressure,completed,48.0,1,32.5632509468,26,21,21,46.1284807371,54.791414446,24,24
1,v4-36-f5-sf3-q1-r2,edge-2,1,calibration,f5-sf3-q1-r2,duckdb-tpch,3,r3-cpu-pressure,completed,149.0,1,97.8440919134,26,21,48.5,172.68823875,135.395060717,170,170
1,v4-36-f5-sf3-q1-r2,edge-2,2,calibration,f5-sf3-q1-r2,duckdb-tpch,3,r3-cpu-pressure,completed,122.0,1,97.8440919134,26,21,48.5,172.68823875,135.395060717,170,170
1,v4-36-f5-sf3-q1-r2,on-prem,1,calibration,f5-sf3-q1-r2,duckdb-tpch,3,r3-cpu-pressure,completed,27.0,1,26.2753137759,26,21,19,40.8312476446,46.6745560748,24,24
1,v4-36-f5-sf3-q1-r2,on-prem,2,calibration,f5-sf3-q1-r2,duckdb-tpch,3,r3-cpu-pressure,completed,28.0,1,26.2753137759,26,21,19,40.8312476446,46.6745560748,24,24
1,v4-36-f5-sf3-q1-r2,public-cloud,1,calibration,f5-sf3-q1-r2,duckdb-tpch,3,none,completed,35.0,1,21.9350971076,26,21,16,29.3025423502,37.5670495549,26,26
1,v4-36-f5-sf3-q1-r2,public-cloud,2,calibration,f5-sf3-q1-r2,duckdb-tpch,3,none,completed,36.0,1,21.9350971076,26,21,16,29.3025423502,37.5670495549,26,26
1,v4-37-f3-r50-fp32-224-224,edge-1,1,calibration,f3-r50-fp32-224-224,onnx-inference-fp32,224,r3-cpu-pressure,completed,45.0,1,31.5371376217,26,29,40,26.2804759887,20.017451009,40,40
1,v4-37-f3-r50-fp32-224-224,edge-1,2,calibration,f3-r50-fp32-224-224,onnx-inference-fp32,224,r3-cpu-pressure,completed,45.0,1,31.5371376217,26,29,40,26.2804759887,20.017451009,40,40
1,v4-37-f3-r50-fp32-224-224,edge-2,1,calibration,f3-r50-fp32-224-224,onnx-inference-fp32,224,none,completed,146.0,1,72.0369429433,26,29,133,86.5304934237,50.3820367337,126,126
1,v4-37-f3-r50-fp32-224-224,edge-2,2,calibration,f3-r50-fp32-224-224,onnx-inference-fp32,224,none,completed,142.0,1,72.0369429433,26,29,133,86.5304934237,50.3820367337,126,126
1,v4-37-f3-r50-fp32-224-224,on-prem,1,calibration,f3-r50-fp32-224-224,onnx-inference-fp32,224,r1-moderate,completed,28.0,1,21.7720889158,26,29,20,17.4108079295,16.9597104076,24,24
1,v4-37-f3-r50-fp32-224-224,on-prem,2,calibration,f3-r50-fp32-224-224,onnx-inference-fp32,224,r1-moderate,completed,29.0,1,21.7720889158,26,29,20,17.4108079295,16.9597104076,24,24
1,v4-37-f3-r50-fp32-224-224,public-cloud,1,calibration,f3-r50-fp32-224-224,onnx-inference-fp32,224,none,completed,16.0,1,16.7102382642,26,29,14,10.3254518922,13.5287779963,18,18
1,v4-37-f3-r50-fp32-224-224,public-cloud,2,calibration,f3-r50-fp32-224-224,onnx-inference-fp32,224,none,completed,15.0,1,16.7102382642,26,29,14,10.3254518922,13.5287779963,18,18
1,v4-38-f1-x264-720p-testsrc2-med-800,edge-1,1,calibration,f1-x264-720p-testsrc2-med-800,video-transcode,800,r1-moderate,completed,24.0,1,43.0791559672,26,41.5,33.5,59.086408294,60.745412486,114,114
1,v4-38-f1-x264-720p-testsrc2-med-800,edge-1,2,calibration,f1-x264-720p-testsrc2-med-800,video-transcode,800,r1-moderate,completed,24.0,1,43.0791559672,26,41.5,33.5,59.086408294,60.745412486,114,114
1,v4-38-f1-x264-720p-testsrc2-med-800,edge-2,1,calibration,f1-x264-720p-testsrc2-med-800,video-transcode,800,none,completed,54.0,1,90.1341972297,26,41.5,87,135.130390019,149.950990733,210,210
1,v4-38-f1-x264-720p-testsrc2-med-800,edge-2,2,calibration,f1-x264-720p-testsrc2-med-800,video-transcode,800,none,completed,54.0,1,90.1341972297,26,41.5,87,135.130390019,149.950990733,210,210
1,v4-38-f1-x264-720p-testsrc2-med-800,on-prem,1,calibration,f1-x264-720p-testsrc2-med-800,video-transcode,800,none,completed,19.0,1,35.4575330031,26,41.5,29,49.9515282107,51.7623319674,68,68
1,v4-38-f1-x264-720p-testsrc2-med-800,on-prem,2,calibration,f1-x264-720p-testsrc2-med-800,video-transcode,800,none,completed,19.0,1,35.4575330031,26,41.5,29,49.9515282107,51.7623319674,68,68
1,v4-38-f1-x264-720p-testsrc2-med-800,public-cloud,1,calibration,f1-x264-720p-testsrc2-med-800,video-transcode,800,r3-cpu-pressure,completed,17.0,1,30.8049585379,26,41.5,29,44.1851061106,41.6828824253,51,51
1,v4-38-f1-x264-720p-testsrc2-med-800,public-cloud,2,calibration,f1-x264-720p-testsrc2-med-800,video-transcode,800,r3-cpu-pressure,completed,17.0,1,30.8049585379,26,41.5,29,44.1851061106,41.6828824253,51,51
1,v4-39-f4-cc-kron-21-n1,edge-1,1,calibration,f4-cc-kron-21-n1,graph-kernel,21,r3-cpu-pressure,completed,15.0,1,33.7879911037,26,17,17,15.4272486205,17.7899087977,13,13
1,v4-39-f4-cc-kron-21-n1,edge-1,2,calibration,f4-cc-kron-21-n1,graph-kernel,21,r3-cpu-pressure,completed,14.0,1,33.7879911037,26,17,17,15.4272486205,17.7899087977,13,13
1,v4-39-f4-cc-kron-21-n1,edge-2,1,calibration,f4-cc-kron-21-n1,graph-kernel,21,none,completed,36.0,1,54.7917594734,26,17,36,35.7473528132,44.936292829,32,32
1,v4-39-f4-cc-kron-21-n1,edge-2,2,calibration,f4-cc-kron-21-n1,graph-kernel,21,none,completed,35.0,1,54.7917594734,26,17,36,35.7473528132,44.936292829,32,32
1,v4-39-f4-cc-kron-21-n1,on-prem,1,calibration,f4-cc-kron-21-n1,graph-kernel,21,r3-cpu-pressure,completed,11.0,1,22.0827962626,26,17,13.5,12.4497700445,15.0562439493,10,10
1,v4-39-f4-cc-kron-21-n1,on-prem,2,calibration,f4-cc-kron-21-n1,graph-kernel,21,r3-cpu-pressure,completed,11.0,1,22.0827962626,26,17,13.5,12.4497700445,15.0562439493,10,10
1,v4-39-f4-cc-kron-21-n1,public-cloud,1,calibration,f4-cc-kron-21-n1,graph-kernel,21,r1-moderate,completed,11.0,1,18.538783896,26,17,13,11.9582607431,11.988940161,12,12
1,v4-39-f4-cc-kron-21-n1,public-cloud,2,calibration,f4-cc-kron-21-n1,graph-kernel,21,r1-moderate,completed,12.0,1,18.538783896,26,17,13,11.9582607431,11.988940161,12,12
1,v4-40-f4-pr-kron-21-n1,edge-1,1,calibration,f4-pr-kron-21-n1,graph-kernel,21,r2-heavy,completed,25.0,1,33.7866669077,26,17,17,15.4272486205,17.7899087977,14,14
1,v4-40-f4-pr-kron-21-n1,edge-1,2,calibration,f4-pr-kron-21-n1,graph-kernel,21,r2-heavy,completed,25.0,1,33.7866669077,26,17,17,15.4272486205,17.7899087977,14,14
1,v4-40-f4-pr-kron-21-n1,edge-2,1,calibration,f4-pr-kron-21-n1,graph-kernel,21,r3-cpu-pressure,completed,55.0,1,55.8948324042,26,17,36,35.7473528132,44.936292829,35,35
1,v4-40-f4-pr-kron-21-n1,edge-2,2,calibration,f4-pr-kron-21-n1,graph-kernel,21,r3-cpu-pressure,completed,54.0,1,55.8948324042,26,17,36,35.7473528132,44.936292829,35,35
1,v4-40-f4-pr-kron-21-n1,on-prem,1,calibration,f4-pr-kron-21-n1,graph-kernel,21,none,completed,12.0,1,22.2993955821,26,17,13.5,12.4497700445,15.0562439493,11,11
1,v4-40-f4-pr-kron-21-n1,on-prem,2,calibration,f4-pr-kron-21-n1,graph-kernel,21,none,completed,14.0,1,22.2993955821,26,17,13.5,12.4497700445,15.0562439493,11,11
1,v4-40-f4-pr-kron-21-n1,public-cloud,1,calibration,f4-pr-kron-21-n1,graph-kernel,21,none,completed,12.0,1,18.5755878318,26,17,13,11.9582607431,11.988940161,12,12
1,v4-40-f4-pr-kron-21-n1,public-cloud,2,calibration,f4-pr-kron-21-n1,graph-kernel,21,none,completed,12.0,1,18.5755878318,26,17,13,11.9582607431,11.988940161,12,12
1,v4-41-f5-sf3-q21-r2,edge-1,1,calibration,f5-sf3-q21-r2,duckdb-tpch,3,none,completed,33.0,1,23.4622964982,26,21,21,46.1284807371,61.1814028359,48,48
1,v4-41-f5-sf3-q21-r2,edge-1,2,calibration,f5-sf3-q21-r2,duckdb-tpch,3,none,completed,46.0,1,23.4622964982,26,21,21,46.1284807371,61.1814028359,48,48
1,v4-41-f5-sf3-q21-r2,edge-2,1,calibration,f5-sf3-q21-r2,duckdb-tpch,3,none,completed,147.0,1,92.966740859,26,21,48.5,172.68823875,151.016870328,122,122
1,v4-41-f5-sf3-q21-r2,edge-2,2,calibration,f5-sf3-q21-r2,duckdb-tpch,3,none,completed,134.0,1,92.966740859,26,21,48.5,172.68823875,151.016870328,122,122
1,v4-41-f5-sf3-q21-r2,on-prem,1,calibration,f5-sf3-q21-r2,duckdb-tpch,3,none,completed,28.0,1,23.5093005447,26,21,19,40.8312476446,52.1348919139,28,28
1,v4-41-f5-sf3-q21-r2,on-prem,2,calibration,f5-sf3-q21-r2,duckdb-tpch,3,none,completed,28.0,1,23.5093005447,26,21,19,40.8312476446,52.1348919139,28,28
1,v4-41-f5-sf3-q21-r2,public-cloud,1,calibration,f5-sf3-q21-r2,duckdb-tpch,3,none,completed,25.0,1,16.3693328597,26,21,16,29.3025423502,41.9842704004,36,36
1,v4-41-f5-sf3-q21-r2,public-cloud,2,calibration,f5-sf3-q21-r2,duckdb-tpch,3,none,completed,24.0,1,16.3693328597,26,21,16,29.3025423502,41.9842704004,36,36
1,v4-42-f3-mnv2-int8-224-2000,edge-1,1,calibration,f3-mnv2-int8-224-2000,onnx-inference-int8,2000,none,completed,19.0,1,26.3962637988,26,26,17,26.6216831835,32.6128491593,16,16
1,v4-42-f3-mnv2-int8-224-2000,edge-1,2,calibration,f3-mnv2-int8-224-2000,onnx-inference-int8,2000,none,completed,19.0,1,26.3962637988,26,26,17,26.6216831835,32.6128491593,16,16
1,v4-42-f3-mnv2-int8-224-2000,edge-1,3,calibration,f3-mnv2-int8-224-2000,onnx-inference-int8,2000,none,completed,19.0,1,26.3962637988,26,26,17,26.6216831835,32.6128491593,16,16
1,v4-42-f3-mnv2-int8-224-2000,edge-2,1,calibration,f3-mnv2-int8-224-2000,onnx-inference-int8,2000,r1-moderate,completed,91.0,1,76.1120930413,26,26,83,86.7451183752,81.1744106594,67,67
1,v4-42-f3-mnv2-int8-224-2000,edge-2,2,calibration,f3-mnv2-int8-224-2000,onnx-inference-int8,2000,r1-moderate,completed,91.0,1,76.1120930413,26,26,83,86.7451183752,81.1744106594,67,67
1,v4-42-f3-mnv2-int8-224-2000,edge-2,3,calibration,f3-mnv2-int8-224-2000,onnx-inference-int8,2000,r1-moderate,completed,92.0,1,76.1120930413,26,26,83,86.7451183752,81.1744106594,67,67
1,v4-42-f3-mnv2-int8-224-2000,on-prem,1,calibration,f3-mnv2-int8-224-2000,onnx-inference-int8,2000,none,completed,36.0,1,31.4620202313,26,26,29,33.0292151919,27.7226570252,30,30
1,v4-42-f3-mnv2-int8-224-2000,on-prem,2,calibration,f3-mnv2-int8-224-2000,onnx-inference-int8,2000,none,completed,36.0,1,31.4620202313,26,26,29,33.0292151919,27.7226570252,30,30
1,v4-42-f3-mnv2-int8-224-2000,on-prem,3,calibration,f3-mnv2-int8-224-2000,onnx-inference-int8,2000,none,completed,37.0,1,31.4620202313,26,26,29,33.0292151919,27.7226570252,30,30
1,v4-42-f3-mnv2-int8-224-2000,public-cloud,1,calibration,f3-mnv2-int8-224-2000,onnx-inference-int8,2000,r2-heavy,completed,22.0,1,17.409116737,26,26,13,17.2568704372,22.235625626,14,14
1,v4-42-f3-mnv2-int8-224-2000,public-cloud,2,calibration,f3-mnv2-int8-224-2000,onnx-inference-int8,2000,r2-heavy,completed,22.0,1,17.409116737,26,26,13,17.2568704372,22.235625626,14,14
1,v4-42-f3-mnv2-int8-224-2000,public-cloud,3,calibration,f3-mnv2-int8-224-2000,onnx-inference-int8,2000,r2-heavy,completed,22.0,1,17.409116737,26,26,13,17.2568704372,22.235625626,14,14
1,v4-43-f0-cpu-45k,edge-1,1,calibration,f0-cpu-45k,stress-ng-cpu,45000,none,completed,82.0,1,60.1039919135,26,51,81.5,81.4984662432,42.6451571105,83,83
1,v4-43-f0-cpu-45k,edge-1,2,calibration,f0-cpu-45k,stress-ng-cpu,45000,none,completed,82.0,1,60.1039919135,26,51,81.5,81.4984662432,42.6451571105,83,83
1,v4-43-f0-cpu-45k,edge-2,1,calibration,f0-cpu-45k,stress-ng-cpu,45000,none,completed,148.0,1,103.541751932,26,51,156,155.740168229,105.70071575,166,166
1,v4-43-f0-cpu-45k,edge-2,2,calibration,f0-cpu-45k,stress-ng-cpu,45000,none,completed,147.0,1,103.541751932,26,51,156,155.740168229,105.70071575,166,166
1,v4-43-f0-cpu-45k,on-prem,1,calibration,f0-cpu-45k,stress-ng-cpu,45000,none,completed,21.0,1,22.6881577716,26,51,20.5,20.4939015319,36.2954066628,21,21
1,v4-43-f0-cpu-45k,on-prem,2,calibration,f0-cpu-45k,stress-ng-cpu,45000,none,completed,22.0,1,22.6881577716,26,51,20.5,20.4939015319,36.2954066628,21,21
1,v4-43-f0-cpu-45k,public-cloud,1,calibration,f0-cpu-45k,stress-ng-cpu,45000,r2-heavy,completed,19.0,1,20.3612475118,26,51,18,18,29.1706804502,18,18
1,v4-43-f0-cpu-45k,public-cloud,2,calibration,f0-cpu-45k,stress-ng-cpu,45000,r2-heavy,completed,20.0,1,20.3612475118,26,51,18,18,29.1706804502,18,18
1,v4-44-f0-cpu-45k,edge-1,1,test,f0-cpu-45k,stress-ng-cpu,45000,r3-cpu-pressure,completed,82.0,1,61.872301843,26,51,81.5,81.4984662432,42.6451571105,82,82
1,v4-44-f0-cpu-45k,edge-1,2,test,f0-cpu-45k,stress-ng-cpu,45000,r3-cpu-pressure,completed,82.0,1,61.872301843,26,51,81.5,81.4984662432,42.6451571105,82,82
1,v4-44-f0-cpu-45k,edge-2,1,test,f0-cpu-45k,stress-ng-cpu,45000,none,completed,148.0,1,101.106691199,26,51,156,155.740168229,105.70071575,147,147
1,v4-44-f0-cpu-45k,edge-2,2,test,f0-cpu-45k,stress-ng-cpu,45000,none,completed,147.0,1,101.106691199,26,51,156,155.740168229,105.70071575,147,147
1,v4-44-f0-cpu-45k,on-prem,1,test,f0-cpu-45k,stress-ng-cpu,45000,r3-cpu-pressure,completed,21.0,1,23.1988937336,26,51,20.5,20.4939015319,36.2954066628,22,22
1,v4-44-f0-cpu-45k,on-prem,2,test,f0-cpu-45k,stress-ng-cpu,45000,r3-cpu-pressure,completed,22.0,1,23.1988937336,26,51,20.5,20.4939015319,36.2954066628,22,22
1,v4-44-f0-cpu-45k,public-cloud,1,test,f0-cpu-45k,stress-ng-cpu,45000,r1-moderate,completed,18.0,1,20.6241509893,26,51,18,18,29.1706804502,20,20
1,v4-44-f0-cpu-45k,public-cloud,2,test,f0-cpu-45k,stress-ng-cpu,45000,r1-moderate,completed,19.0,1,20.6241509893,26,51,18,18,29.1706804502,20,20
1,v4-45-f3-r50-int8-224-128,edge-1,1,test,f3-r50-int8-224-128,onnx-inference-int8,128,r3-cpu-pressure,completed,9.0,1,19.2216311907,26,26,17,8.71038477499,17.166878418,19,19
1,v4-45-f3-r50-int8-224-128,edge-1,2,test,f3-r50-int8-224-128,onnx-inference-int8,128,r3-cpu-pressure,completed,10.0,1,19.2216311907,26,26,17,8.71038477499,17.166878418,19,19
1,v4-45-f3-r50-int8-224-128,edge-1,3,test,f3-r50-int8-224-128,onnx-inference-int8,128,r3-cpu-pressure,completed,10.0,1,19.2216311907,26,26,17,8.71038477499,17.166878418,19,19
1,v4-45-f3-r50-int8-224-128,edge-2,1,test,f3-r50-int8-224-128,onnx-inference-int8,128,none,completed,48.0,1,51.1934689522,26,26,83,47.7282651864,43.4131504724,92,92
1,v4-45-f3-r50-int8-224-128,edge-2,2,test,f3-r50-int8-224-128,onnx-inference-int8,128,none,completed,46.0,1,51.1934689522,26,26,83,47.7282651864,43.4131504724,92,92
1,v4-45-f3-r50-int8-224-128,edge-2,3,test,f3-r50-int8-224-128,onnx-inference-int8,128,none,completed,47.0,1,51.1934689522,26,26,83,47.7282651864,43.4131504724,92,92
1,v4-45-f3-r50-int8-224-128,on-prem,1,test,f3-r50-int8-224-128,onnx-inference-int8,128,none,completed,26.0,1,25.9386849228,26,26,29,26.4276364041,14.5238556406,37,37
1,v4-45-f3-r50-int8-224-128,on-prem,2,test,f3-r50-int8-224-128,onnx-inference-int8,128,none,completed,25.0,1,25.9386849228,26,26,29,26.4276364041,14.5238556406,37,37
1,v4-45-f3-r50-int8-224-128,on-prem,3,test,f3-r50-int8-224-128,onnx-inference-int8,128,none,completed,24.0,1,25.9386849228,26,26,29,26.4276364041,14.5238556406,37,37
1,v4-45-f3-r50-int8-224-128,public-cloud,1,test,f3-r50-int8-224-128,onnx-inference-int8,128,r2-heavy,completed,14.0,1,15.0444186607,26,26,13,11.0467926146,11.5582566272,22,22
1,v4-45-f3-r50-int8-224-128,public-cloud,2,test,f3-r50-int8-224-128,onnx-inference-int8,128,r2-heavy,completed,15.0,1,15.0444186607,26,26,13,11.0467926146,11.5582566272,22,22
1,v4-45-f3-r50-int8-224-128,public-cloud,3,test,f3-r50-int8-224-128,onnx-inference-int8,128,r2-heavy,completed,16.0,1,15.0444186607,26,26,13,11.0467926146,11.5582566272,22,22
1,v4-46-f3-r50-int8-224-192,edge-1,1,test,f3-r50-int8-224-192,onnx-inference-int8,192,none,completed,12.0,1,19.0423223108,26,26,17,10.2708221816,17.4421529345,10,10
1,v4-46-f3-r50-int8-224-192,edge-1,2,test,f3-r50-int8-224-192,onnx-inference-int8,192,none,completed,11.0,1,19.0423223108,26,26,17,10.2708221816,17.4421529345,10,10
1,v4-46-f3-r50-int8-224-192,edge-1,3,test,f3-r50-int8-224-192,onnx-inference-int8,192,none,completed,12.0,1,19.0423223108,26,26,17,10.2708221816,17.4421529345,10,10
1,v4-46-f3-r50-int8-224-192,edge-2,1,test,f3-r50-int8-224-192,onnx-inference-int8,192,none,completed,64.0,1,52.7337278747,26,26,83,52.1252312248,44.086122914,47,47
1,v4-46-f3-r50-int8-224-192,edge-2,2,test,f3-r50-int8-224-192,onnx-inference-int8,192,none,completed,64.0,1,52.7337278747,26,26,83,52.1252312248,44.086122914,47,47
1,v4-46-f3-r50-int8-224-192,edge-2,3,test,f3-r50-int8-224-192,onnx-inference-int8,192,none,completed,65.0,1,52.7337278747,26,26,83,52.1252312248,44.086122914,47,47
1,v4-46-f3-r50-int8-224-192,on-prem,1,test,f3-r50-int8-224-192,onnx-inference-int8,192,none,completed,35.0,1,26.7805261047,26,26,29,27.311304261,14.7590816248,24,24
1,v4-46-f3-r50-int8-224-192,on-prem,2,test,f3-r50-int8-224-192,onnx-inference-int8,192,none,completed,34.0,1,26.7805261047,26,26,29,27.311304261,14.7590816248,24,24
1,v4-46-f3-r50-int8-224-192,on-prem,3,test,f3-r50-int8-224-192,onnx-inference-int8,192,none,completed,35.0,1,26.7805261047,26,26,29,27.311304261,14.7590816248,24,24
1,v4-46-f3-r50-int8-224-192,public-cloud,1,test,f3-r50-int8-224-192,onnx-inference-int8,192,none,completed,13.0,1,14.7322920837,26,26,13,11.7980767531,11.7485462268,16,16
1,v4-46-f3-r50-int8-224-192,public-cloud,2,test,f3-r50-int8-224-192,onnx-inference-int8,192,none,completed,13.0,1,14.7322920837,26,26,13,11.7980767531,11.7485462268,16,16
1,v4-46-f3-r50-int8-224-192,public-cloud,3,test,f3-r50-int8-224-192,onnx-inference-int8,192,none,completed,14.0,1,14.7322920837,26,26,13,11.7980767531,11.7485462268,16,16
1,v4-47-f3-r50-fp32-224-288,edge-1,1,test,f3-r50-fp32-224-288,onnx-inference-fp32,288,r2-heavy,completed,81.0,1,31.853796207,26,29,40,28.4295531927,20.5016885043,45,45
1,v4-47-f3-r50-fp32-224-288,edge-1,2,test,f3-r50-fp32-224-288,onnx-inference-fp32,288,r2-heavy,completed,81.0,1,31.853796207,26,29,40,28.4295531927,20.5016885043,45,45
1,v4-47-f3-r50-fp32-224-288,edge-2,1,test,f3-r50-fp32-224-288,onnx-inference-fp32,288,r1-moderate,completed,188.0,1,74.5031930532,26,29,133,93.3064347626,51.5658676731,142,142
1,v4-47-f3-r50-fp32-224-288,edge-2,2,test,f3-r50-fp32-224-288,onnx-inference-fp32,288,r1-moderate,completed,185.0,1,74.5031930532,26,29,133,93.3064347626,51.5658676731,142,142
1,v4-47-f3-r50-fp32-224-288,on-prem,1,test,f3-r50-fp32-224-288,onnx-inference-fp32,288,none,completed,33.0,1,22.0043599962,26,29,20,18.140034989,17.3734982251,29,29
1,v4-47-f3-r50-fp32-224-288,on-prem,2,test,f3-r50-fp32-224-288,onnx-inference-fp32,288,none,completed,33.0,1,22.0043599962,26,29,20,18.140034989,17.3734982251,29,29
1,v4-47-f3-r50-fp32-224-288,public-cloud,1,test,f3-r50-fp32-224-288,onnx-inference-fp32,288,r3-cpu-pressure,completed,19.0,1,16.843534106,26,29,14,11.169565809,13.8635178781,15,15
1,v4-47-f3-r50-fp32-224-288,public-cloud,2,test,f3-r50-fp32-224-288,onnx-inference-fp32,288,r3-cpu-pressure,completed,18.0,1,16.843534106,26,29,14,11.169565809,13.8635178781,15,15
1,v4-48-f1-x264-720p-testsrc2-veryfast-2400,edge-1,1,test,f1-x264-720p-testsrc2-veryfast-2400,video-transcode,2400,none,completed,30.0,1,40.5045412866,26,41.5,33.5,33.7122033119,51.0828388958,24,24
1,v4-48-f1-x264-720p-testsrc2-veryfast-2400,edge-1,2,test,f1-x264-720p-testsrc2-veryfast-2400,video-transcode,2400,none,completed,30.0,1,40.5045412866,26,41.5,33.5,33.7122033119,51.0828388958,24,24
1,v4-48-f1-x264-720p-testsrc2-veryfast-2400,edge-2,1,test,f1-x264-720p-testsrc2-veryfast-2400,video-transcode,2400,none,completed,74.0,1,98.4436810945,26,41.5,87,104.834897508,126.328587096,54,54
1,v4-48-f1-x264-720p-testsrc2-veryfast-2400,edge-2,2,test,f1-x264-720p-testsrc2-veryfast-2400,video-transcode,2400,none,completed,75.0,1,98.4436810945,26,41.5,87,104.834897508,126.328587096,54,54
1,v4-48-f1-x264-720p-testsrc2-veryfast-2400,on-prem,1,test,f1-x264-720p-testsrc2-veryfast-2400,video-transcode,2400,none,completed,26.0,1,35.5131200046,26,41.5,29,30.2062805505,43.5055255927,19,19
1,v4-48-f1-x264-720p-testsrc2-veryfast-2400,on-prem,2,test,f1-x264-720p-testsrc2-veryfast-2400,video-transcode,2400,none,completed,27.0,1,35.5131200046,26,41.5,29,30.2062805505,43.5055255927,19,19
1,v4-48-f1-x264-720p-testsrc2-veryfast-2400,public-cloud,1,test,f1-x264-720p-testsrc2-veryfast-2400,video-transcode,2400,none,completed,22.0,1,29.2087089913,26,41.5,29,24.9524218618,35.003414658,17,17
1,v4-48-f1-x264-720p-testsrc2-veryfast-2400,public-cloud,2,test,f1-x264-720p-testsrc2-veryfast-2400,video-transcode,2400,none,completed,20.0,1,29.2087089913,26,41.5,29,24.9524218618,35.003414658,17,17
1,v4-49-f4-pr-kron-22-n1,edge-1,1,test,f4-pr-kron-22-n1,graph-kernel,22,none,completed,33.0,1,41.2054758411,26,17,17,78.6638417572,47.4846820698,25,25
1,v4-49-f4-pr-kron-22-n1,edge-1,2,test,f4-pr-kron-22-n1,graph-kernel,22,none,completed,34.0,1,41.2054758411,26,17,17,78.6638417572,47.4846820698,25,25
1,v4-49-f4-pr-kron-22-n1,edge-2,1,test,f4-pr-kron-22-n1,graph-kernel,22,none,completed,104.0,1,68.2957881072,26,17,36,157.327683514,117.532057673,54,54
1,v4-49-f4-pr-kron-22-n1,edge-2,2,test,f4-pr-kron-22-n1,graph-kernel,22,none,completed,104.0,1,68.2957881072,26,17,36,157.327683514,117.532057673,54,54
1,v4-49-f4-pr-kron-22-n1,on-prem,1,test,f4-pr-kron-22-n1,graph-kernel,22,none,completed,26.0,1,27.803164968,26,17,13.5,25,40.4308494786,14,14
1,v4-49-f4-pr-kron-22-n1,on-prem,2,test,f4-pr-kron-22-n1,graph-kernel,22,none,completed,24.0,1,27.803164968,26,17,13.5,25,40.4308494786,14,14
1,v4-49-f4-pr-kron-22-n1,public-cloud,1,test,f4-pr-kron-22-n1,graph-kernel,22,r2-heavy,completed,26.0,1,23.0617875523,26,17,13,17.4928556845,32.5161091471,12,12
1,v4-49-f4-pr-kron-22-n1,public-cloud,2,test,f4-pr-kron-22-n1,graph-kernel,22,r2-heavy,completed,26.0,1,23.0617875523,26,17,13,17.4928556845,32.5161091471,12,12
1,v4-50-f2-mixed-zstd1-aes-1024,edge-1,1,test,f2-mixed-zstd1-aes-1024,compress-encrypt,1024,r3-cpu-pressure,completed,29.0,1,20.3513319898,26,14,13,15.4806233545,18.5645038157,125,125
1,v4-50-f2-mixed-zstd1-aes-1024,edge-1,2,test,f2-mixed-zstd1-aes-1024,compress-encrypt,1024,r3-cpu-pressure,completed,29.0,1,20.3513319898,26,14,13,15.4806233545,18.5645038157,125,125
1,v4-50-f2-mixed-zstd1-aes-1024,edge-1,3,test,f2-mixed-zstd1-aes-1024,compress-encrypt,1024,r3-cpu-pressure,completed,30.0,1,20.3513319898,26,14,13,15.4806233545,18.5645038157,125,125
1,v4-50-f2-mixed-zstd1-aes-1024,edge-2,1,test,f2-mixed-zstd1-aes-1024,compress-encrypt,1024,none,completed,106.0,1,55.9018258387,26,14,43,53.5926086646,46.829970119,439,439
1,v4-50-f2-mixed-zstd1-aes-1024,edge-2,2,test,f2-mixed-zstd1-aes-1024,compress-encrypt,1024,none,completed,106.0,1,55.9018258387,26,14,43,53.5926086646,46.829970119,439,439
1,v4-50-f2-mixed-zstd1-aes-1024,edge-2,3,test,f2-mixed-zstd1-aes-1024,compress-encrypt,1024,none,completed,105.0,1,55.9018258387,26,14,43,53.5926086646,46.829970119,439,439
1,v4-50-f2-mixed-zstd1-aes-1024,on-prem,1,test,f2-mixed-zstd1-aes-1024,compress-encrypt,1024,none,completed,26.0,1,18.5118808654,26,14,14,15.6377327498,15.7181463941,60,60
1,v4-50-f2-mixed-zstd1-aes-1024,on-prem,2,test,f2-mixed-zstd1-aes-1024,compress-encrypt,1024,none,completed,27.0,1,18.5118808654,26,14,14,15.6377327498,15.7181463941,60,60
1,v4-50-f2-mixed-zstd1-aes-1024,on-prem,3,test,f2-mixed-zstd1-aes-1024,compress-encrypt,1024,none,completed,26.0,1,18.5118808654,26,14,14,15.6377327498,15.7181463941,60,60
1,v4-50-f2-mixed-zstd1-aes-1024,public-cloud,1,test,f2-mixed-zstd1-aes-1024,compress-encrypt,1024,r2-heavy,completed,28.0,1,15.8589001099,26,14,11,12.8933165602,12.5243961042,46,46
1,v4-50-f2-mixed-zstd1-aes-1024,public-cloud,2,test,f2-mixed-zstd1-aes-1024,compress-encrypt,1024,r2-heavy,completed,28.0,1,15.8589001099,26,14,11,12.8933165602,12.5243961042,46,46
1,v4-50-f2-mixed-zstd1-aes-1024,public-cloud,3,test,f2-mixed-zstd1-aes-1024,compress-encrypt,1024,r2-heavy,completed,29.0,1,15.8589001099,26,14,11,12.8933165602,12.5243961042,46,46
1,v4-51-f2-random-zstd1-aes-1152,edge-1,1,test,f2-random-zstd1-aes-1152,compress-encrypt,1152,r1-moderate,completed,13.0,1,19.3546736369,26,14,13,16.8335202705,20.4330392022,30,30
1,v4-51-f2-random-zstd1-aes-1152,edge-1,2,test,f2-random-zstd1-aes-1152,compress-encrypt,1152,r1-moderate,completed,13.0,1,19.3546736369,26,14,13,16.8335202705,20.4330392022,30,30
1,v4-51-f2-random-zstd1-aes-1152,edge-1,3,test,f2-random-zstd1-aes-1152,compress-encrypt,1152,r1-moderate,completed,14.0,1,19.3546736369,26,14,13,16.8335202705,20.4330392022,30,30
1,v4-51-f2-random-zstd1-aes-1152,edge-2,1,test,f2-random-zstd1-aes-1152,compress-encrypt,1152,r3-cpu-pressure,completed,52.0,1,50.926872005,26,14,43,61.4178774679,51.3980385218,105,105
1,v4-51-f2-random-zstd1-aes-1152,edge-2,2,test,f2-random-zstd1-aes-1152,compress-encrypt,1152,r3-cpu-pressure,completed,52.0,1,50.926872005,26,14,43,61.4178774679,51.3980385218,105,105
1,v4-51-f2-random-zstd1-aes-1152,edge-2,3,test,f2-random-zstd1-aes-1152,compress-encrypt,1152,r3-cpu-pressure,completed,51.0,1,50.926872005,26,14,43,61.4178774679,51.3980385218,105,105
1,v4-51-f2-random-zstd1-aes-1152,on-prem,1,test,f2-random-zstd1-aes-1152,compress-encrypt,1152,r3-cpu-pressure,completed,14.0,1,18.6007300672,26,14,14,17.4962787831,17.3148364214,26,26
1,v4-51-f2-random-zstd1-aes-1152,on-prem,2,test,f2-random-zstd1-aes-1152,compress-encrypt,1152,r3-cpu-pressure,completed,13.0,1,18.6007300672,26,14,14,17.4962787831,17.3148364214,26,26
1,v4-51-f2-random-zstd1-aes-1152,on-prem,3,test,f2-random-zstd1-aes-1152,compress-encrypt,1152,r3-cpu-pressure,completed,14.0,1,18.6007300672,26,14,14,17.4962787831,17.3148364214,26,26
1,v4-51-f2-random-zstd1-aes-1152,public-cloud,1,test,f2-random-zstd1-aes-1152,compress-encrypt,1152,none,completed,11.0,1,15.3812311127,26,14,11,14.2388429209,13.8160625292,29,29
1,v4-51-f2-random-zstd1-aes-1152,public-cloud,2,test,f2-random-zstd1-aes-1152,compress-encrypt,1152,none,completed,11.0,1,15.3812311127,26,14,11,14.2388429209,13.8160625292,29,29
1,v4-51-f2-random-zstd1-aes-1152,public-cloud,3,test,f2-random-zstd1-aes-1152,compress-encrypt,1152,none,completed,12.0,1,15.3812311127,26,14,11,14.2388429209,13.8160625292,29,29
1,v4-52-f3-r50-fp32-224-384,edge-1,1,test,f3-r50-fp32-224-384,onnx-inference-fp32,384,r2-heavy,completed,110.0,1,33.3222216841,26,29,40,31.1061863889,21.2727440642,81,81
1,v4-52-f3-r50-fp32-224-384,edge-1,2,test,f3-r50-fp32-224-384,onnx-inference-fp32,384,r2-heavy,completed,112.0,1,33.3222216841,26,29,40,31.1061863889,21.2727440642,81,81
1,v4-52-f3-r50-fp32-224-384,edge-2,1,test,f3-r50-fp32-224-384,onnx-inference-fp32,384,none,completed,230.0,1,78.134482111,26,29,133,101.716675366,53.4508919362,185,185
1,v4-52-f3-r50-fp32-224-384,edge-2,2,test,f3-r50-fp32-224-384,onnx-inference-fp32,384,none,completed,235.0,1,78.134482111,26,29,133,101.716675366,53.4508919362,185,185
1,v4-52-f3-r50-fp32-224-384,on-prem,1,test,f3-r50-fp32-224-384,onnx-inference-fp32,384,none,completed,41.0,1,22.5261589734,26,29,20,19.0123555466,18.0323761527,33,33
1,v4-52-f3-r50-fp32-224-384,on-prem,2,test,f3-r50-fp32-224-384,onnx-inference-fp32,384,none,completed,42.0,1,22.5261589734,26,29,20,19.0123555466,18.0323761527,33,33
1,v4-52-f3-r50-fp32-224-384,public-cloud,1,test,f3-r50-fp32-224-384,onnx-inference-fp32,384,r2-heavy,completed,30.0,1,17.1249372087,26,29,14,12.220868089,14.3965270925,18,18
1,v4-52-f3-r50-fp32-224-384,public-cloud,2,test,f3-r50-fp32-224-384,onnx-inference-fp32,384,r2-heavy,completed,29.0,1,17.1249372087,26,29,14,12.220868089,14.3965270925,18,18
1,v4-53-f0-cpu-45k,edge-1,1,test,f0-cpu-45k,stress-ng-cpu,45000,none,completed,82.0,1,60.0131651258,26,51,81.5,81.4984662432,42.6451571105,82,82
1,v4-53-f0-cpu-45k,edge-1,2,test,f0-cpu-45k,stress-ng-cpu,45000,none,completed,82.0,1,60.0131651258,26,51,81.5,81.4984662432,42.6451571105,82,82
1,v4-53-f0-cpu-45k,edge-2,1,test,f0-cpu-45k,stress-ng-cpu,45000,r2-heavy,completed,165.0,1,102.147080532,26,51,156,155.740168229,105.70071575,147,147
1,v4-53-f0-cpu-45k,edge-2,2,test,f0-cpu-45k,stress-ng-cpu,45000,r2-heavy,completed,165.0,1,102.147080532,26,51,156,155.740168229,105.70071575,147,147
1,v4-53-f0-cpu-45k,on-prem,1,test,f0-cpu-45k,stress-ng-cpu,45000,r1-moderate,completed,21.0,1,22.8984240947,26,51,20.5,20.4939015319,36.2954066628,22,22
1,v4-53-f0-cpu-45k,on-prem,2,test,f0-cpu-45k,stress-ng-cpu,45000,r1-moderate,completed,21.0,1,22.8984240947,26,51,20.5,20.4939015319,36.2954066628,22,22
1,v4-53-f0-cpu-45k,public-cloud,1,test,f0-cpu-45k,stress-ng-cpu,45000,r2-heavy,completed,20.0,1,19.7958923419,26,51,18,18,29.1706804502,19,19
1,v4-53-f0-cpu-45k,public-cloud,2,test,f0-cpu-45k,stress-ng-cpu,45000,r2-heavy,completed,20.0,1,19.7958923419,26,51,18,18,29.1706804502,19,19
1,v4-54-f5-sf1-q1-r2,edge-1,1,test,f5-sf1-q1-r2,duckdb-tpch,1,r2-heavy,completed,23.0,1,26.4690565803,26,21,21,19.3829997351,18.653420015,46,46
1,v4-54-f5-sf1-q1-r2,edge-1,2,test,f5-sf1-q1-r2,duckdb-tpch,1,r2-heavy,completed,21.0,1,26.4690565803,26,21,21,19.3829997351,18.653420015,46,46
1,v4-54-f5-sf1-q1-r2,edge-2,1,test,f5-sf1-q1-r2,duckdb-tpch,1,r2-heavy,completed,54.0,1,50.4527828964,26,21,48.5,47.2020562163,47.0473464038,134,134
1,v4-54-f5-sf1-q1-r2,edge-2,2,test,f5-sf1-q1-r2,duckdb-tpch,1,r2-heavy,completed,55.0,1,50.4527828964,26,21,48.5,47.2020562163,47.0473464038,134,134
1,v4-54-f5-sf1-q1-r2,on-prem,1,test,f5-sf1-q1-r2,duckdb-tpch,1,none,completed,16.0,1,21.1924976437,26,21,19,15.0996688705,15.7941265493,28,28
1,v4-54-f5-sf1-q1-r2,on-prem,2,test,f5-sf1-q1-r2,duckdb-tpch,1,none,completed,12.0,1,21.1924976437,26,21,19,15.0996688705,15.7941265493,28,28
1,v4-54-f5-sf1-q1-r2,public-cloud,1,test,f5-sf1-q1-r2,duckdb-tpch,1,r3-cpu-pressure,completed,16.0,1,18.1870969058,26,21,16,13.8564064606,12.5858613941,24,24
1,v4-54-f5-sf1-q1-r2,public-cloud,2,test,f5-sf1-q1-r2,duckdb-tpch,1,r3-cpu-pressure,completed,12.0,1,18.1870969058,26,21,16,13.8564064606,12.5858613941,24,24
1,v4-55-f3-r50-fp32-288-96,edge-1,1,test,f3-r50-fp32-288-96,onnx-inference-fp32,96,none,completed,33.0,1,31.0170480582,26,29,40,20.1623972484,15.8964822189,112,112
1,v4-55-f3-r50-fp32-288-96,edge-1,2,test,f3-r50-fp32-288-96,onnx-inference-fp32,96,none,completed,32.0,1,31.0170480582,26,29,40,20.1623972484,15.8964822189,112,112
1,v4-55-f3-r50-fp32-288-96,edge-2,1,test,f3-r50-fp32-288-96,onnx-inference-fp32,96,none,completed,106.0,1,74.3847105013,26,29,133,67.1087679204,40.3073721294,235,235
1,v4-55-f3-r50-fp32-288-96,edge-2,2,test,f3-r50-fp32-288-96,onnx-inference-fp32,96,none,completed,104.0,1,74.3847105013,26,29,133,67.1087679204,40.3073721294,235,235
1,v4-55-f3-r50-fp32-288-96,on-prem,1,test,f3-r50-fp32-288-96,onnx-inference-fp32,96,none,completed,20.0,1,21.9052314637,26,29,20,15.1614984209,13.4382840444,42,42
1,v4-55-f3-r50-fp32-288-96,on-prem,2,test,f3-r50-fp32-288-96,onnx-inference-fp32,96,none,completed,21.0,1,21.9052314637,26,29,20,15.1614984209,13.4382840444,42,42
1,v4-55-f3-r50-fp32-288-96,public-cloud,1,test,f3-r50-fp32-288-96,onnx-inference-fp32,96,r2-heavy,completed,17.0,1,16.5473202613,26,29,14,7.92228239624,10.6800671485,29,29
1,v4-55-f3-r50-fp32-288-96,public-cloud,2,test,f3-r50-fp32-288-96,onnx-inference-fp32,96,r2-heavy,completed,17.0,1,16.5473202613,26,29,14,7.92228239624,10.6800671485,29,29
1,v4-56-f1-x265-720p-mandelbrot-med-500,edge-1,1,test,f1-x265-720p-mandelbrot-med-500,video-transcode,500,r2-heavy,completed,77.0,1,43.1901769781,26,41.5,33.5,75.1184263119,82.8710277142,30,30
1,v4-56-f1-x265-720p-mandelbrot-med-500,edge-1,2,test,f1-x265-720p-mandelbrot-med-500,video-transcode,500,r2-heavy,completed,81.0,1,43.1901769781,26,41.5,33.5,75.1184263119,82.8710277142,30,30
1,v4-56-f1-x265-720p-mandelbrot-med-500,edge-2,1,test,f1-x265-720p-mandelbrot-med-500,video-transcode,500,r1-moderate,completed,171.0,1,86.4023533335,26,41.5,87,150.632435685,204.042192084,75,75
1,v4-56-f1-x265-720p-mandelbrot-med-500,edge-2,2,test,f1-x265-720p-mandelbrot-med-500,video-transcode,500,r1-moderate,completed,170.0,1,86.4023533335,26,41.5,87,150.632435685,204.042192084,75,75
1,v4-56-f1-x265-720p-mandelbrot-med-500,on-prem,1,test,f1-x265-720p-mandelbrot-med-500,video-transcode,500,none,completed,47.0,1,36.3436910691,26,41.5,29,61.944932142,70.66898444,27,27
1,v4-56-f1-x265-720p-mandelbrot-med-500,on-prem,2,test,f1-x265-720p-mandelbrot-med-500,video-transcode,500,none,completed,46.0,1,36.3436910691,26,41.5,29,61.944932142,70.66898444,27,27
1,v4-56-f1-x265-720p-mandelbrot-med-500,public-cloud,1,test,f1-x265-720p-mandelbrot-med-500,video-transcode,500,r3-cpu-pressure,completed,36.0,1,30.9403555306,26,41.5,29,56.4214216003,56.9777034549,20,20
1,v4-56-f1-x265-720p-mandelbrot-med-500,public-cloud,2,test,f1-x265-720p-mandelbrot-med-500,video-transcode,500,r3-cpu-pressure,completed,34.0,1,30.9403555306,26,41.5,29,56.4214216003,56.9777034549,20,20
1,v4-57-f2-random-zstd1-aes-768,edge-1,1,test,f2-random-zstd1-aes-768,compress-encrypt,768,none,completed,10.0,1,17.8289806199,26,14,13,12.6158157502,14.4096233461,14,14
1,v4-57-f2-random-zstd1-aes-768,edge-1,2,test,f2-random-zstd1-aes-768,compress-encrypt,768,none,completed,10.0,1,17.8289806199,26,14,13,12.6158157502,14.4096233461,14,14
1,v4-57-f2-random-zstd1-aes-768,edge-1,3,test,f2-random-zstd1-aes-768,compress-encrypt,768,none,completed,9.0,1,17.8289806199,26,14,13,12.6158157502,14.4096233461,14,14
1,v4-57-f2-random-zstd1-aes-768,edge-2,1,test,f2-random-zstd1-aes-768,compress-encrypt,768,none,completed,38.0,1,40.3902392645,26,14,43,38.4180267295,36.6724005438,51,51
1,v4-57-f2-random-zstd1-aes-768,edge-2,2,test,f2-random-zstd1-aes-768,compress-encrypt,768,none,completed,38.0,1,40.3902392645,26,14,43,38.4180267295,36.6724005438,51,51
1,v4-57-f2-random-zstd1-aes-768,edge-2,3,test,f2-random-zstd1-aes-768,compress-encrypt,768,none,completed,38.0,1,40.3902392645,26,14,43,38.4180267295,36.6724005438,51,51
1,v4-57-f2-random-zstd1-aes-768,on-prem,1,test,f2-random-zstd1-aes-768,compress-encrypt,768,none,completed,10.0,1,16.9056323013,26,14,14,11.8863811372,12.1677420191,14,14
1,v4-57-f2-random-zstd1-aes-768,on-prem,2,test,f2-random-zstd1-aes-768,compress-encrypt,768,none,completed,11.0,1,16.9056323013,26,14,14,11.8863811372,12.1677420191,14,14
1,v4-57-f2-random-zstd1-aes-768,on-prem,3,test,f2-random-zstd1-aes-768,compress-encrypt,768,none,completed,11.0,1,16.9056323013,26,14,14,11.8863811372,12.1677420191,14,14
1,v4-57-f2-random-zstd1-aes-768,public-cloud,1,test,f2-random-zstd1-aes-768,compress-encrypt,768,r2-heavy,completed,11.0,1,13.7287232641,26,14,11,10.1174119999,9.6522430577,12,12
1,v4-57-f2-random-zstd1-aes-768,public-cloud,2,test,f2-random-zstd1-aes-768,compress-encrypt,768,r2-heavy,completed,11.0,1,13.7287232641,26,14,11,10.1174119999,9.6522430577,12,12
1,v4-57-f2-random-zstd1-aes-768,public-cloud,3,test,f2-random-zstd1-aes-768,compress-encrypt,768,r2-heavy,completed,11.0,1,13.7287232641,26,14,11,10.1174119999,9.6522430577,12,12
1,v4-58-f3-r50-int8-224-288,edge-1,1,test,f3-r50-int8-224-288,onnx-inference-int8,288,r1-moderate,completed,17.0,1,19.5154873957,26,26,17,12.1108069289,17.9366779149,12,12
1,v4-58-f3-r50-int8-224-288,edge-1,2,test,f3-r50-int8-224-288,onnx-inference-int8,288,r1-moderate,completed,16.0,1,19.5154873957,26,26,17,12.1108069289,17.9366779149,12,12
1,v4-58-f3-r50-int8-224-288,edge-1,3,test,f3-r50-int8-224-288,onnx-inference-int8,288,r1-moderate,completed,17.0,1,19.5154873957,26,26,17,12.1108069289,17.9366779149,12,12
1,v4-58-f3-r50-int8-224-288,edge-2,1,test,f3-r50-int8-224-288,onnx-inference-int8,288,r2-heavy,completed,119.0,1,59.115299049,26,26,83,56.9272677235,45.2951039982,65,65
1,v4-58-f3-r50-int8-224-288,edge-2,2,test,f3-r50-int8-224-288,onnx-inference-int8,288,r2-heavy,completed,120.0,1,59.115299049,26,26,83,56.9272677235,45.2951039982,65,65
1,v4-58-f3-r50-int8-224-288,edge-2,3,test,f3-r50-int8-224-288,onnx-inference-int8,288,r2-heavy,completed,119.0,1,59.115299049,26,26,83,56.9272677235,45.2951039982,65,65
1,v4-58-f3-r50-int8-224-288,on-prem,1,test,f3-r50-int8-224-288,onnx-inference-int8,288,r1-moderate,completed,49.0,1,27.5471943692,26,26,29,28.2245195534,15.1816602445,35,35
1,v4-58-f3-r50-int8-224-288,on-prem,2,test,f3-r50-int8-224-288,onnx-inference-int8,288,r1-moderate,completed,49.0,1,27.5471943692,26,26,29,28.2245195534,15.1816602445,35,35
1,v4-58-f3-r50-int8-224-288,on-prem,3,test,f3-r50-int8-224-288,onnx-inference-int8,288,r1-moderate,completed,50.0,1,27.5471943692,26,26,29,28.2245195534,15.1816602445,35,35
1,v4-58-f3-r50-int8-224-288,public-cloud,1,test,f3-r50-int8-224-288,onnx-inference-int8,288,none,completed,17.0,1,15.2536782976,26,26,13,12.6004551664,12.0903975603,14,14
1,v4-58-f3-r50-int8-224-288,public-cloud,2,test,f3-r50-int8-224-288,onnx-inference-int8,288,none,completed,16.0,1,15.2536782976,26,26,13,12.6004551664,12.0903975603,14,14
1,v4-58-f3-r50-int8-224-288,public-cloud,3,test,f3-r50-int8-224-288,onnx-inference-int8,288,none,completed,17.0,1,15.2536782976,26,26,13,12.6004551664,12.0903975603,14,14
1,v4-59-f4-pr-uniform-21-n1,edge-1,1,test,f4-pr-uniform-21-n1,graph-kernel,21,none,completed,17.0,1,33.4404623201,26,17,17,15.4272486205,17.7899087977,34,34
1,v4-59-f4-pr-uniform-21-n1,edge-1,2,test,f4-pr-uniform-21-n1,graph-kernel,21,none,completed,18.0,1,33.4404623201,26,17,17,15.4272486205,17.7899087977,34,34
1,v4-59-f4-pr-uniform-21-n1,edge-2,1,test,f4-pr-uniform-21-n1,graph-kernel,21,r3-cpu-pressure,completed,49.0,1,56.8619953381,26,17,36,35.7473528132,44.936292829,104,104
1,v4-59-f4-pr-uniform-21-n1,edge-2,2,test,f4-pr-uniform-21-n1,graph-kernel,21,r3-cpu-pressure,completed,50.0,1,56.8619953381,26,17,36,35.7473528132,44.936292829,104,104
1,v4-59-f4-pr-uniform-21-n1,on-prem,1,test,f4-pr-uniform-21-n1,graph-kernel,21,r2-heavy,completed,15.0,1,22.1264449774,26,17,13.5,12.4497700445,15.0562439493,24,24
1,v4-59-f4-pr-uniform-21-n1,on-prem,2,test,f4-pr-uniform-21-n1,graph-kernel,21,r2-heavy,completed,14.0,1,22.1264449774,26,17,13.5,12.4497700445,15.0562439493,24,24
1,v4-59-f4-pr-uniform-21-n1,public-cloud,1,test,f4-pr-uniform-21-n1,graph-kernel,21,r1-moderate,completed,9.0,1,18.610170914,26,17,13,11.9582607431,11.988940161,26,26
1,v4-59-f4-pr-uniform-21-n1,public-cloud,2,test,f4-pr-uniform-21-n1,graph-kernel,21,r1-moderate,completed,10.0,1,18.610170914,26,17,13,11.9582607431,11.988940161,26,26
1,v4-60-f1-x265-720p-testsrc2-med-1100,edge-1,1,test,f1-x265-720p-testsrc2-med-1100,video-transcode,1100,none,completed,74.0,1,41.9496870607,26,41.5,33.5,50.2164913819,52.2098116798,81,81
1,v4-60-f1-x265-720p-testsrc2-med-1100,edge-1,2,test,f1-x265-720p-testsrc2-med-1100,video-transcode,1100,none,completed,72.0,1,41.9496870607,26,41.5,33.5,50.2164913819,52.2098116798,81,81
1,v4-60-f1-x265-720p-testsrc2-med-1100,edge-2,1,test,f1-x265-720p-testsrc2-med-1100,video-transcode,1100,none,completed,193.0,1,91.6639031381,26,41.5,87,125.543950063,129.083733615,170,170
1,v4-60-f1-x265-720p-testsrc2-med-1100,edge-2,2,test,f1-x265-720p-testsrc2-med-1100,video-transcode,1100,none,completed,197.0,1,91.6639031381,26,41.5,87,125.543950063,129.083733615,170,170
1,v4-60-f1-x265-720p-testsrc2-med-1100,on-prem,1,test,f1-x265-720p-testsrc2-med-1100,video-transcode,1100,r2-heavy,completed,70.0,1,36.322561897,26,41.5,29,43.1744125008,44.4685398434,46,46
1,v4-60-f1-x265-720p-testsrc2-med-1100,on-prem,2,test,f1-x265-720p-testsrc2-med-1100,video-transcode,1100,r2-heavy,completed,71.0,1,36.322561897,26,41.5,29,43.1744125008,44.4685398434,46,46
1,v4-60-f1-x265-720p-testsrc2-med-1100,public-cloud,1,test,f1-x265-720p-testsrc2-med-1100,video-transcode,1100,r2-heavy,completed,49.0,1,31.1427846051,26,41.5,29,37.4404504297,35.7824595279,34,34
1,v4-60-f1-x265-720p-testsrc2-med-1100,public-cloud,2,test,f1-x265-720p-testsrc2-med-1100,video-transcode,1100,r2-heavy,completed,49.0,1,31.1427846051,26,41.5,29,37.4404504297,35.7824595279,34,34
1,v4-61-f2-random-zstd1-chacha-1152,edge-1,1,test,f2-random-zstd1-chacha-1152,compress-encrypt,1152,none,completed,13.0,1,19.008185965,26,14,13,16.8335202705,20.4330392022,9,9
1,v4-61-f2-random-zstd1-chacha-1152,edge-1,2,test,f2-random-zstd1-chacha-1152,compress-encrypt,1152,none,completed,13.0,1,19.008185965,26,14,13,16.8335202705,20.4330392022,9,9
1,v4-61-f2-random-zstd1-chacha-1152,edge-1,3,test,f2-random-zstd1-chacha-1152,compress-encrypt,1152,none,completed,13.0,1,19.008185965,26,14,13,16.8335202705,20.4330392022,9,9
1,v4-61-f2-random-zstd1-chacha-1152,edge-2,1,test,f2-random-zstd1-chacha-1152,compress-encrypt,1152,none,completed,42.0,1,48.3192521243,26,14,43,61.4178774679,51.3980385218,38,38
1,v4-61-f2-random-zstd1-chacha-1152,edge-2,2,test,f2-random-zstd1-chacha-1152,compress-encrypt,1152,none,completed,42.0,1,48.3192521243,26,14,43,61.4178774679,51.3980385218,38,38
1,v4-61-f2-random-zstd1-chacha-1152,edge-2,3,test,f2-random-zstd1-chacha-1152,compress-encrypt,1152,none,completed,42.0,1,48.3192521243,26,14,43,61.4178774679,51.3980385218,38,38
1,v4-61-f2-random-zstd1-chacha-1152,on-prem,1,test,f2-random-zstd1-chacha-1152,compress-encrypt,1152,none,completed,14.0,1,18.5665084559,26,14,14,17.4962787831,17.3148364214,11,11
1,v4-61-f2-random-zstd1-chacha-1152,on-prem,2,test,f2-random-zstd1-chacha-1152,compress-encrypt,1152,none,completed,13.0,1,18.5665084559,26,14,14,17.4962787831,17.3148364214,11,11
1,v4-61-f2-random-zstd1-chacha-1152,on-prem,3,test,f2-random-zstd1-chacha-1152,compress-encrypt,1152,none,completed,14.0,1,18.5665084559,26,14,14,17.4962787831,17.3148364214,11,11
1,v4-61-f2-random-zstd1-chacha-1152,public-cloud,1,test,f2-random-zstd1-chacha-1152,compress-encrypt,1152,none,completed,12.0,1,14.9130708756,26,14,11,14.2388429209,13.8160625292,11,11
1,v4-61-f2-random-zstd1-chacha-1152,public-cloud,2,test,f2-random-zstd1-chacha-1152,compress-encrypt,1152,none,completed,11.0,1,14.9130708756,26,14,11,14.2388429209,13.8160625292,11,11
1,v4-61-f2-random-zstd1-chacha-1152,public-cloud,3,test,f2-random-zstd1-chacha-1152,compress-encrypt,1152,none,completed,12.0,1,14.9130708756,26,14,11,14.2388429209,13.8160625292,11,11
1,v4-cal3-none,edge-1,1,startup-calibration,f9-startup-null,startup-calibration,1,none,completed,6.0,1,29.4611660183,26,26,23.5,20.0717473345,22.9012090498,4,4
1,v4-cal3-none,edge-2,1,startup-calibration,f9-startup-null,startup-calibration,1,none,completed,9.0,1,34.3173180894,26,26,78.5,20.0717473345,57.4320525286,10,10
1,v4-cal3-none,on-prem,1,startup-calibration,f9-startup-null,startup-calibration,1,none,completed,6.0,1,25.6773417277,26,26,21,20.0717473345,19.4239226127,5,5
1,v4-cal3-none,public-cloud,1,startup-calibration,f9-startup-null,startup-calibration,1,none,completed,5.0,1,20.5017973748,26,26,15,20.0717473345,15.5222395417,6,6
1,v4-cal3-r1-moderate,edge-1,1,startup-calibration,f9-startup-null,startup-calibration,1,r1-moderate,completed,5.0,1,29.7851123236,26,26,23.5,20.0717473345,22.9012090498,6,6
1,v4-cal3-r1-moderate,edge-2,1,startup-calibration,f9-startup-null,startup-calibration,1,r1-moderate,completed,9.0,1,34.479196854,26,26,78.5,20.0717473345,57.4320525286,9,9
1,v4-cal3-r1-moderate,on-prem,1,startup-calibration,f9-startup-null,startup-calibration,1,r1-moderate,completed,5.0,1,25.6643323646,26,26,21,20.0717473345,19.4239226127,6,6
1,v4-cal3-r1-moderate,public-cloud,1,startup-calibration,f9-startup-null,startup-calibration,1,r1-moderate,completed,5.0,1,20.7790650048,26,26,15,20.0717473345,15.5222395417,5,5
1,v4-cal3-r2-heavy,edge-1,1,startup-calibration,f9-startup-null,startup-calibration,1,r2-heavy,completed,6.0,1,29.9756250113,26,26,23.5,20.0717473345,22.9012090498,5,5
1,v4-cal3-r2-heavy,edge-2,1,startup-calibration,f9-startup-null,startup-calibration,1,r2-heavy,completed,10.0,1,34.6505651078,26,26,78.5,20.0717473345,57.4320525286,9,9
1,v4-cal3-r2-heavy,on-prem,1,startup-calibration,f9-startup-null,startup-calibration,1,r2-heavy,completed,5.0,1,25.8558445832,26,26,21,20.0717473345,19.4239226127,5,5
1,v4-cal3-r2-heavy,public-cloud,1,startup-calibration,f9-startup-null,startup-calibration,1,r2-heavy,completed,6.0,1,21.2217372181,26,26,15,20.0717473345,15.5222395417,5,5
1,v4-cal3-r3-cpu-pressure,edge-1,1,startup-calibration,f9-startup-null,startup-calibration,1,r3-cpu-pressure,completed,4.0,1,30.2327560255,26,26,23.5,20.0717473345,22.9012090498,6,6
1,v4-cal3-r3-cpu-pressure,edge-2,1,startup-calibration,f9-startup-null,startup-calibration,1,r3-cpu-pressure,completed,9.0,1,34.8661323157,26,26,78.5,20.0717473345,57.4320525286,10,10
1,v4-cal3-r3-cpu-pressure,on-prem,1,startup-calibration,f9-startup-null,startup-calibration,1,r3-cpu-pressure,completed,5.0,1,25.0246101591,26,26,21,20.0717473345,19.4239226127,5,5
1,v4-cal3-r3-cpu-pressure,public-cloud,1,startup-calibration,f9-startup-null,startup-calibration,1,r3-cpu-pressure,completed,5.0,1,21.0501544753,26,26,15,20.0717473345,15.5222395417,6,6
1,v4-62-f5-sf1-q9-r2,edge-1,1,test,f5-sf1-q9-r2,duckdb-tpch,1,r1-moderate,completed,15.0,1,22.0907396418,26,21,21,19.3829997351,19.9533374776,21,21
1,v4-62-f5-sf1-q9-r2,edge-1,2,test,f5-sf1-q9-r2,duckdb-tpch,1,r1-moderate,completed,20.0,1,22.0907396418,26,21,21,19.3829997351,19.9533374776,21,21
1,v4-62-f5-sf1-q9-r2,edge-2,1,test,f5-sf1-q9-r2,duckdb-tpch,1,r1-moderate,completed,47.0,1,47.8581818365,26,21,48.5,47.2020562163,50.2252963268,55,55
1,v4-62-f5-sf1-q9-r2,edge-2,2,test,f5-sf1-q9-r2,duckdb-tpch,1,r1-moderate,completed,36.0,1,47.8581818365,26,21,48.5,47.2020562163,50.2252963268,55,55
1,v4-62-f5-sf1-q9-r2,on-prem,1,test,f5-sf1-q9-r2,duckdb-tpch,1,none,completed,11.0,1,19.5025418194,26,21,19,15.0996688705,16.9049244844,12,12
1,v4-62-f5-sf1-q9-r2,on-prem,2,test,f5-sf1-q9-r2,duckdb-tpch,1,none,completed,17.0,1,19.5025418194,26,21,19,15.0996688705,16.9049244844,12,12
1,v4-62-f5-sf1-q9-r2,public-cloud,1,test,f5-sf1-q9-r2,duckdb-tpch,1,r3-cpu-pressure,completed,13.0,1,15.6524806721,26,21,16,13.8564064606,13.4844580993,12,12
1,v4-62-f5-sf1-q9-r2,public-cloud,2,test,f5-sf1-q9-r2,duckdb-tpch,1,r3-cpu-pressure,completed,17.0,1,15.6524806721,26,21,16,13.8564064606,13.4844580993,12,12
1,v4-63-f1-x265-720p-testsrc2-med-1500,edge-1,1,test,f1-x265-720p-testsrc2-med-1500,video-transcode,1500,none,completed,112.0,1,41.36214722,26,41.5,33.5,42.8593941215,48.1464624891,72,72
1,v4-63-f1-x265-720p-testsrc2-med-1500,edge-1,2,test,f1-x265-720p-testsrc2-med-1500,video-transcode,1500,none,completed,116.0,1,41.36214722,26,41.5,33.5,42.8593941215,48.1464624891,72,72
1,v4-63-f1-x265-720p-testsrc2-med-1500,edge-2,1,test,f1-x265-720p-testsrc2-med-1500,video-transcode,1500,none,completed,255.0,1,94.9904570643,26,41.5,87,116.861469535,119.149933494,197,197
1,v4-63-f1-x265-720p-testsrc2-med-1500,edge-2,2,test,f1-x265-720p-testsrc2-med-1500,video-transcode,1500,none,completed,255.0,1,94.9904570643,26,41.5,87,116.861469535,119.149933494,197,197
1,v4-63-f1-x265-720p-testsrc2-med-1500,on-prem,1,test,f1-x265-720p-testsrc2-med-1500,video-transcode,1500,r2-heavy,completed,94.0,1,36.07045557,26,41.5,29,37.4588339133,40.9963502464,71,71
1,v4-63-f1-x265-720p-testsrc2-med-1500,on-prem,2,test,f1-x265-720p-testsrc2-med-1500,video-transcode,1500,r2-heavy,completed,95.0,1,36.07045557,26,41.5,29,37.4588339133,40.9963502464,71,71
1,v4-63-f1-x265-720p-testsrc2-med-1500,public-cloud,1,test,f1-x265-720p-testsrc2-med-1500,video-transcode,1500,r1-moderate,completed,53.0,1,30.7956491,26,41.5,29,31.8625717519,32.973579503,49,49
1,v4-63-f1-x265-720p-testsrc2-med-1500,public-cloud,2,test,f1-x265-720p-testsrc2-med-1500,video-transcode,1500,r1-moderate,completed,54.0,1,30.7956491,26,41.5,29,31.8625717519,32.973579503,49,49
1,v4-64-f1-x265-720p-testsrc2-med-400,edge-1,1,test,f1-x265-720p-testsrc2-med-400,video-transcode,400,none,completed,29.0,1,43.8441255104,26,41.5,33.5,84.187082322,98.5286506397,116,116
1,v4-64-f1-x265-720p-testsrc2-med-400,edge-1,2,test,f1-x265-720p-testsrc2-med-400,video-transcode,400,none,completed,33.0,1,43.8441255104,26,41.5,33.5,84.187082322,98.5286506397,116,116
1,v4-64-f1-x265-720p-testsrc2-med-400,edge-2,1,test,f1-x265-720p-testsrc2-med-400,video-transcode,400,none,completed,74.0,1,90.5155150216,26,41.5,87,158.602942652,242.320885156,255,255
1,v4-64-f1-x265-720p-testsrc2-med-400,edge-2,2,test,f1-x265-720p-testsrc2-med-400,video-transcode,400,none,completed,75.0,1,90.5155150216,26,41.5,87,158.602942652,242.320885156,255,255
1,v4-64-f1-x265-720p-testsrc2-med-400,on-prem,1,test,f1-x265-720p-testsrc2-med-400,video-transcode,400,none,completed,27.0,1,38.6441175731,26,41.5,29,68.6082509877,84.0486456222,95,95
1,v4-64-f1-x265-720p-testsrc2-med-400,on-prem,2,test,f1-x265-720p-testsrc2-med-400,video-transcode,400,none,completed,26.0,1,38.6441175731,26,41.5,29,68.6082509877,84.0486456222,95,95
1,v4-64-f1-x265-720p-testsrc2-med-400,public-cloud,1,test,f1-x265-720p-testsrc2-med-400,video-transcode,400,none,completed,16.0,1,31.401271941,26,41.5,29,63.3650012334,67.8013817086,54,54
1,v4-64-f1-x265-720p-testsrc2-med-400,public-cloud,2,test,f1-x265-720p-testsrc2-med-400,video-transcode,400,none,completed,18.0,1,31.401271941,26,41.5,29,63.3650012334,67.8013817086,54,54
1,v4-65-f3-mnv2-int8-224-1500,edge-1,1,test,f3-mnv2-int8-224-1500,onnx-inference-int8,1500,none,completed,17.0,1,22.306633109,26,26,17,23.6841224984,27.2746585085,17,17
1,v4-65-f3-mnv2-int8-224-1500,edge-1,2,test,f3-mnv2-int8-224-1500,onnx-inference-int8,1500,none,completed,17.0,1,22.306633109,26,26,17,23.6841224984,27.2746585085,17,17
1,v4-65-f3-mnv2-int8-224-1500,edge-1,3,test,f3-mnv2-int8-224-1500,onnx-inference-int8,1500,none,completed,16.0,1,22.306633109,26,26,17,23.6841224984,27.2746585085,17,17
1,v4-65-f3-mnv2-int8-224-1500,edge-2,1,test,f3-mnv2-int8-224-1500,onnx-inference-int8,1500,none,completed,66.0,1,69.4184055406,26,26,83,81.4873853038,68.1239647233,119,119
1,v4-65-f3-mnv2-int8-224-1500,edge-2,2,test,f3-mnv2-int8-224-1500,onnx-inference-int8,1500,none,completed,66.0,1,69.4184055406,26,26,83,81.4873853038,68.1239647233,119,119
1,v4-65-f3-mnv2-int8-224-1500,edge-2,3,test,f3-mnv2-int8-224-1500,onnx-inference-int8,1500,none,completed,67.0,1,69.4184055406,26,26,83,81.4873853038,68.1239647233,119,119
1,v4-65-f3-mnv2-int8-224-1500,on-prem,1,test,f3-mnv2-int8-224-1500,onnx-inference-int8,1500,none,completed,28.0,1,30.8989083905,26,26,29,32.2673657568,23.1610972933,50,50
1,v4-65-f3-mnv2-int8-224-1500,on-prem,2,test,f3-mnv2-int8-224-1500,onnx-inference-int8,1500,none,completed,28.0,1,30.8989083905,26,26,29,32.2673657568,23.1610972933,50,50
1,v4-65-f3-mnv2-int8-224-1500,on-prem,3,test,f3-mnv2-int8-224-1500,onnx-inference-int8,1500,none,completed,29.0,1,30.8989083905,26,26,29,32.2673657568,23.1610972933,50,50
1,v4-65-f3-mnv2-int8-224-1500,public-cloud,1,test,f3-mnv2-int8-224-1500,onnx-inference-int8,1500,none,completed,14.0,1,16.3759186076,26,26,13,16.4697778689,18.5454832375,17,17
1,v4-65-f3-mnv2-int8-224-1500,public-cloud,2,test,f3-mnv2-int8-224-1500,onnx-inference-int8,1500,none,completed,12.0,1,16.3759186076,26,26,13,16.4697778689,18.5454832375,17,17
1,v4-65-f3-mnv2-int8-224-1500,public-cloud,3,test,f3-mnv2-int8-224-1500,onnx-inference-int8,1500,none,completed,13.0,1,16.3759186076,26,26,13,16.4697778689,18.5454832375,17,17
1,v4-66-f4-tc-kron-20-n1,edge-1,1,test,f4-tc-kron-20-n1,graph-kernel,20,r1-moderate,completed,19.0,1,27.0785852464,26,17,17,2.79432479336,6.11479588911,18,18
1,v4-66-f4-tc-kron-20-n1,edge-1,2,test,f4-tc-kron-20-n1,graph-kernel,20,r1-moderate,completed,20.0,1,27.0785852464,26,17,17,2.79432479336,6.11479588911,18,18
1,v4-66-f4-tc-kron-20-n1,edge-2,1,test,f4-tc-kron-20-n1,graph-kernel,20,none,completed,39.0,1,43.9000215587,26,17,36,7.55574384609,16.3937697569,50,50
1,v4-66-f4-tc-kron-20-n1,edge-2,2,test,f4-tc-kron-20-n1,graph-kernel,20,none,completed,39.0,1,43.9000215587,26,17,36,7.55574384609,16.3937697569,50,50
1,v4-66-f4-tc-kron-20-n1,on-prem,1,test,f4-tc-kron-20-n1,graph-kernel,20,none,completed,15.0,1,17.7814181331,26,17,13.5,5.99248885676,5.07969414192,14,14
1,v4-66-f4-tc-kron-20-n1,on-prem,2,test,f4-tc-kron-20-n1,graph-kernel,20,none,completed,14.0,1,17.7814181331,26,17,13.5,5.99248885676,5.07969414192,14,14
1,v4-66-f4-tc-kron-20-n1,public-cloud,1,test,f4-tc-kron-20-n1,graph-kernel,20,r2-heavy,completed,17.0,1,15.2608116203,26,17,13,8.02442682335,3.9182600648,10,10
1,v4-66-f4-tc-kron-20-n1,public-cloud,2,test,f4-tc-kron-20-n1,graph-kernel,20,r2-heavy,completed,16.0,1,15.2608116203,26,17,13,8.02442682335,3.9182600648,10,10
1,v4-67-f3-mnv2-fp32-224-1500,edge-1,1,test,f3-mnv2-fp32-224-1500,onnx-inference-fp32,1500,r2-heavy,completed,58.0,1,39.7160659269,26,29,40,47.6354074647,33.3488260264,32,32
1,v4-67-f3-mnv2-fp32-224-1500,edge-1,2,test,f3-mnv2-fp32-224-1500,onnx-inference-fp32,1500,r2-heavy,completed,58.0,1,39.7160659269,26,29,40,47.6354074647,33.3488260264,32,32
1,v4-67-f3-mnv2-fp32-224-1500,edge-2,1,test,f3-mnv2-fp32-224-1500,onnx-inference-fp32,1500,none,completed,123.0,1,111.833465241,26,29,133,153.078834974,82.9736769169,104,104
1,v4-67-f3-mnv2-fp32-224-1500,edge-2,2,test,f3-mnv2-fp32-224-1500,onnx-inference-fp32,1500,none,completed,123.0,1,111.833465241,26,29,133,153.078834974,82.9736769169,104,104
1,v4-67-f3-mnv2-fp32-224-1500,on-prem,1,test,f3-mnv2-fp32-224-1500,onnx-inference-fp32,1500,none,completed,19.0,1,24.2051733122,26,29,20,23.7491534343,28.3515597115,21,21
1,v4-67-f3-mnv2-fp32-224-1500,on-prem,2,test,f3-mnv2-fp32-224-1500,onnx-inference-fp32,1500,none,completed,20.0,1,24.2051733122,26,29,20,23.7491534343,28.3515597115,21,21
1,v4-67-f3-mnv2-fp32-224-1500,public-cloud,1,test,f3-mnv2-fp32-224-1500,onnx-inference-fp32,1500,r2-heavy,completed,19.0,1,18.4389324457,26,29,14,18.7125601656,22.7443859179,17,17
1,v4-67-f3-mnv2-fp32-224-1500,public-cloud,2,test,f3-mnv2-fp32-224-1500,onnx-inference-fp32,1500,r2-heavy,completed,29.0,1,18.4389324457,26,29,14,18.7125601656,22.7443859179,17,17
1,v4-68-f3-mnv2-int8-224-2000,edge-1,1,test,f3-mnv2-int8-224-2000,onnx-inference-int8,2000,none,completed,19.0,1,23.4811326846,26,26,17,26.6216831835,32.6128491593,16,16
1,v4-68-f3-mnv2-int8-224-2000,edge-1,2,test,f3-mnv2-int8-224-2000,onnx-inference-int8,2000,none,completed,19.0,1,23.4811326846,26,26,17,26.6216831835,32.6128491593,16,16
1,v4-68-f3-mnv2-int8-224-2000,edge-1,3,test,f3-mnv2-int8-224-2000,onnx-inference-int8,2000,none,completed,20.0,1,23.4811326846,26,26,17,26.6216831835,32.6128491593,16,16
1,v4-68-f3-mnv2-int8-224-2000,edge-2,1,test,f3-mnv2-int8-224-2000,onnx-inference-int8,2000,r3-cpu-pressure,completed,87.0,1,78.3246864253,26,26,83,86.7451183752,81.1744106594,67,67
1,v4-68-f3-mnv2-int8-224-2000,edge-2,2,test,f3-mnv2-int8-224-2000,onnx-inference-int8,2000,r3-cpu-pressure,completed,89.0,1,78.3246864253,26,26,83,86.7451183752,81.1744106594,67,67
1,v4-68-f3-mnv2-int8-224-2000,edge-2,3,test,f3-mnv2-int8-224-2000,onnx-inference-int8,2000,r3-cpu-pressure,completed,88.0,1,78.3246864253,26,26,83,86.7451183752,81.1744106594,67,67
1,v4-68-f3-mnv2-int8-224-2000,on-prem,1,test,f3-mnv2-int8-224-2000,onnx-inference-int8,2000,none,completed,37.0,1,31.7175280721,26,26,29,33.0292151919,27.7226570252,29,29
1,v4-68-f3-mnv2-int8-224-2000,on-prem,2,test,f3-mnv2-int8-224-2000,onnx-inference-int8,2000,none,completed,37.0,1,31.7175280721,26,26,29,33.0292151919,27.7226570252,29,29
1,v4-68-f3-mnv2-int8-224-2000,on-prem,3,test,f3-mnv2-int8-224-2000,onnx-inference-int8,2000,none,completed,36.0,1,31.7175280721,26,26,29,33.0292151919,27.7226570252,29,29
1,v4-68-f3-mnv2-int8-224-2000,public-cloud,1,test,f3-mnv2-int8-224-2000,onnx-inference-int8,2000,r2-heavy,completed,22.0,1,16.8100653851,26,26,13,17.2568704372,22.235625626,13,13
1,v4-68-f3-mnv2-int8-224-2000,public-cloud,2,test,f3-mnv2-int8-224-2000,onnx-inference-int8,2000,r2-heavy,completed,22.0,1,16.8100653851,26,26,13,17.2568704372,22.235625626,13,13
1,v4-68-f3-mnv2-int8-224-2000,public-cloud,3,test,f3-mnv2-int8-224-2000,onnx-inference-int8,2000,r2-heavy,completed,22.0,1,16.8100653851,26,26,13,17.2568704372,22.235625626,13,13
1,v4-69-f0-cpu-45k,edge-1,1,test,f0-cpu-45k,stress-ng-cpu,45000,none,completed,82.0,1,60.2067138989,26,51,81.5,81.4984662432,42.6451571105,82,82
1,v4-69-f0-cpu-45k,edge-1,2,test,f0-cpu-45k,stress-ng-cpu,45000,none,completed,81.0,1,60.2067138989,26,51,81.5,81.4984662432,42.6451571105,82,82
1,v4-69-f0-cpu-45k,edge-2,1,test,f0-cpu-45k,stress-ng-cpu,45000,none,completed,149.0,1,102.317217548,26,51,156,155.740168229,105.70071575,165,165
1,v4-69-f0-cpu-45k,edge-2,2,test,f0-cpu-45k,stress-ng-cpu,45000,none,completed,148.0,1,102.317217548,26,51,156,155.740168229,105.70071575,165,165
1,v4-69-f0-cpu-45k,on-prem,1,test,f0-cpu-45k,stress-ng-cpu,45000,none,completed,21.0,1,23.0324605218,26,51,20.5,20.4939015319,36.2954066628,21,21
1,v4-69-f0-cpu-45k,on-prem,2,test,f0-cpu-45k,stress-ng-cpu,45000,none,completed,21.0,1,23.0324605218,26,51,20.5,20.4939015319,36.2954066628,21,21
1,v4-69-f0-cpu-45k,public-cloud,1,test,f0-cpu-45k,stress-ng-cpu,45000,none,completed,17.0,1,19.7451953089,26,51,18,18,29.1706804502,20,20
1,v4-69-f0-cpu-45k,public-cloud,2,test,f0-cpu-45k,stress-ng-cpu,45000,none,completed,18.0,1,19.7451953089,26,51,18,18,29.1706804502,20,20
1,v4-70-f2-random-zstd1-chacha-768,edge-1,1,test,f2-random-zstd1-chacha-768,compress-encrypt,768,none,completed,10.0,1,17.8358135322,26,14,13,12.6158157502,14.4096233461,13,13
1,v4-70-f2-random-zstd1-chacha-768,edge-1,2,test,f2-random-zstd1-chacha-768,compress-encrypt,768,none,completed,10.0,1,17.8358135322,26,14,13,12.6158157502,14.4096233461,13,13
1,v4-70-f2-random-zstd1-chacha-768,edge-1,3,test,f2-random-zstd1-chacha-768,compress-encrypt,768,none,completed,11.0,1,17.8358135322,26,14,13,12.6158157502,14.4096233461,13,13
1,v4-70-f2-random-zstd1-chacha-768,edge-2,1,test,f2-random-zstd1-chacha-768,compress-encrypt,768,none,completed,31.0,1,40.262082327,26,14,43,38.4180267295,36.6724005438,42,42
1,v4-70-f2-random-zstd1-chacha-768,edge-2,2,test,f2-random-zstd1-chacha-768,compress-encrypt,768,none,completed,31.0,1,40.262082327,26,14,43,38.4180267295,36.6724005438,42,42
1,v4-70-f2-random-zstd1-chacha-768,edge-2,3,test,f2-random-zstd1-chacha-768,compress-encrypt,768,none,completed,33.0,1,40.262082327,26,14,43,38.4180267295,36.6724005438,42,42
1,v4-70-f2-random-zstd1-chacha-768,on-prem,1,test,f2-random-zstd1-chacha-768,compress-encrypt,768,none,completed,10.0,1,16.6251693972,26,14,14,11.8863811372,12.1677420191,14,14
1,v4-70-f2-random-zstd1-chacha-768,on-prem,2,test,f2-random-zstd1-chacha-768,compress-encrypt,768,none,completed,10.0,1,16.6251693972,26,14,14,11.8863811372,12.1677420191,14,14
1,v4-70-f2-random-zstd1-chacha-768,on-prem,3,test,f2-random-zstd1-chacha-768,compress-encrypt,768,none,completed,11.0,1,16.6251693972,26,14,14,11.8863811372,12.1677420191,14,14
1,v4-70-f2-random-zstd1-chacha-768,public-cloud,1,test,f2-random-zstd1-chacha-768,compress-encrypt,768,r2-heavy,completed,11.0,1,14.0884341288,26,14,11,10.1174119999,9.6522430577,12,12
1,v4-70-f2-random-zstd1-chacha-768,public-cloud,2,test,f2-random-zstd1-chacha-768,compress-encrypt,768,r2-heavy,completed,12.0,1,14.0884341288,26,14,11,10.1174119999,9.6522430577,12,12
1,v4-70-f2-random-zstd1-chacha-768,public-cloud,3,test,f2-random-zstd1-chacha-768,compress-encrypt,768,r2-heavy,completed,10.0,1,14.0884341288,26,14,11,10.1174119999,9.6522430577,12,12
2,v4-cal1-none,edge-1,1,startup-calibration,f9-startup-null,startup-calibration,1,none,completed,5.0,0,30.5498369081,26,26,23.5,20.0717473345,22.9012090498,26,26
2,v4-cal1-none,edge-2,1,startup-calibration,f9-startup-null,startup-calibration,1,none,completed,9.0,0,35.0473302874,26,26,78.5,20.0717473345,57.4320525286,26,26
2,v4-cal1-none,on-prem,1,startup-calibration,f9-startup-null,startup-calibration,1,none,completed,5.0,0,26.4581789224,26,26,21,20.0717473345,19.4239226127,26,26
2,v4-cal1-none,public-cloud,1,startup-calibration,f9-startup-null,startup-calibration,1,none,completed,4.0,0,21.326855223,26,26,15,20.0717473345,15.5222395417,26,26
2,v4-cal1-r1-moderate,edge-1,1,startup-calibration,f9-startup-null,startup-calibration,1,r1-moderate,completed,6.0,1,28.9674564428,26,26,23.5,20.0717473345,22.9012090498,5,5
2,v4-cal1-r1-moderate,edge-2,1,startup-calibration,f9-startup-null,startup-calibration,1,r1-moderate,completed,9.0,1,33.4313395188,26,26,78.5,20.0717473345,57.4320525286,9,9
2,v4-cal1-r1-moderate,on-prem,1,startup-calibration,f9-startup-null,startup-calibration,1,r1-moderate,completed,5.0,1,24.4137605873,26,26,21,20.0717473345,19.4239226127,5,5
2,v4-cal1-r1-moderate,public-cloud,1,startup-calibration,f9-startup-null,startup-calibration,1,r1-moderate,completed,5.0,1,18.8002629111,26,26,15,20.0717473345,15.5222395417,4,4
2,v4-cal1-r2-heavy,edge-1,1,startup-calibration,f9-startup-null,startup-calibration,1,r2-heavy,completed,6.0,2,29.4623956238,26,26,23.5,20.0717473345,22.9012090498,6,5.5
2,v4-cal1-r2-heavy,edge-2,1,startup-calibration,f9-startup-null,startup-calibration,1,r2-heavy,completed,10.0,2,34.1604057086,26,26,78.5,20.0717473345,57.4320525286,9,9
2,v4-cal1-r2-heavy,on-prem,1,startup-calibration,f9-startup-null,startup-calibration,1,r2-heavy,completed,6.0,2,25.2130032667,26,26,21,20.0717473345,19.4239226127,5,5
2,v4-cal1-r2-heavy,public-cloud,1,startup-calibration,f9-startup-null,startup-calibration,1,r2-heavy,completed,5.0,2,21.518037907,26,26,15,20.0717473345,15.5222395417,5,4.5
2,v4-cal1-r3-cpu-pressure,edge-1,1,startup-calibration,f9-startup-null,startup-calibration,1,r3-cpu-pressure,completed,5.0,2,29.7231195492,26,26,23.5,20.0717473345,22.9012090498,6,6
2,v4-cal1-r3-cpu-pressure,edge-2,1,startup-calibration,f9-startup-null,startup-calibration,1,r3-cpu-pressure,completed,8.0,2,34.618991083,26,26,78.5,20.0717473345,57.4320525286,10,9.5
2,v4-cal1-r3-cpu-pressure,on-prem,1,startup-calibration,f9-startup-null,startup-calibration,1,r3-cpu-pressure,completed,5.0,2,24.9210934578,26,26,21,20.0717473345,19.4239226127,6,5.5
2,v4-cal1-r3-cpu-pressure,public-cloud,1,startup-calibration,f9-startup-null,startup-calibration,1,r3-cpu-pressure,completed,5.0,2,21.0035606083,26,26,15,20.0717473345,15.5222395417,5,5
2,v4-01-f2-mixed-zstd1-aes-1024,edge-1,1,train,f2-mixed-zstd1-aes-1024,compress-encrypt,1024,none,completed,30.0,0,19.2019288792,26,14,13,15.4806233545,18.5645038157,13,13
2,v4-01-f2-mixed-zstd1-aes-1024,edge-1,2,train,f2-mixed-zstd1-aes-1024,compress-encrypt,1024,none,completed,30.0,0,19.2019288792,26,14,13,15.4806233545,18.5645038157,13,13
2,v4-01-f2-mixed-zstd1-aes-1024,edge-1,3,train,f2-mixed-zstd1-aes-1024,compress-encrypt,1024,none,completed,30.0,0,19.2019288792,26,14,13,15.4806233545,18.5645038157,13,13
2,v4-01-f2-mixed-zstd1-aes-1024,edge-2,1,train,f2-mixed-zstd1-aes-1024,compress-encrypt,1024,r1-moderate,completed,111.0,0,45.2697421564,26,14,43,53.5926086646,46.829970119,43,43
2,v4-01-f2-mixed-zstd1-aes-1024,edge-2,2,train,f2-mixed-zstd1-aes-1024,compress-encrypt,1024,r1-moderate,completed,111.0,0,45.2697421564,26,14,43,53.5926086646,46.829970119,43,43
2,v4-01-f2-mixed-zstd1-aes-1024,edge-2,3,train,f2-mixed-zstd1-aes-1024,compress-encrypt,1024,r1-moderate,completed,111.0,0,45.2697421564,26,14,43,53.5926086646,46.829970119,43,43
2,v4-01-f2-mixed-zstd1-aes-1024,on-prem,1,train,f2-mixed-zstd1-aes-1024,compress-encrypt,1024,r1-moderate,completed,27.0,0,18.5414333065,26,14,14,15.6377327498,15.7181463941,14,14
2,v4-01-f2-mixed-zstd1-aes-1024,on-prem,2,train,f2-mixed-zstd1-aes-1024,compress-encrypt,1024,r1-moderate,completed,27.0,0,18.5414333065,26,14,14,15.6377327498,15.7181463941,14,14
2,v4-01-f2-mixed-zstd1-aes-1024,on-prem,3,train,f2-mixed-zstd1-aes-1024,compress-encrypt,1024,r1-moderate,completed,26.0,0,18.5414333065,26,14,14,15.6377327498,15.7181463941,14,14
2,v4-01-f2-mixed-zstd1-aes-1024,public-cloud,1,train,f2-mixed-zstd1-aes-1024,compress-encrypt,1024,r1-moderate,completed,23.0,0,15.203152827,26,14,11,12.8933165602,12.5243961042,11,11
2,v4-01-f2-mixed-zstd1-aes-1024,public-cloud,2,train,f2-mixed-zstd1-aes-1024,compress-encrypt,1024,r1-moderate,completed,23.0,0,15.203152827,26,14,11,12.8933165602,12.5243961042,11,11
2,v4-01-f2-mixed-zstd1-aes-1024,public-cloud,3,train,f2-mixed-zstd1-aes-1024,compress-encrypt,1024,r1-moderate,completed,22.0,0,15.203152827,26,14,11,12.8933165602,12.5243961042,11,11
2,v4-02-f3-mnv2-fp32-224-1500,edge-1,1,train,f3-mnv2-fp32-224-1500,onnx-inference-fp32,1500,none,completed,40.0,0,38.0278040595,26,29,40,47.6354074647,33.3488260264,40,40
2,v4-02-f3-mnv2-fp32-224-1500,edge-1,2,train,f3-mnv2-fp32-224-1500,onnx-inference-fp32,1500,none,completed,40.0,0,38.0278040595,26,29,40,47.6354074647,33.3488260264,40,40
2,v4-02-f3-mnv2-fp32-224-1500,edge-2,1,train,f3-mnv2-fp32-224-1500,onnx-inference-fp32,1500,r1-moderate,completed,134.0,0,96.5426607684,26,29,133,153.078834974,82.9736769169,133,133
2,v4-02-f3-mnv2-fp32-224-1500,edge-2,2,train,f3-mnv2-fp32-224-1500,onnx-inference-fp32,1500,r1-moderate,completed,132.0,0,96.5426607684,26,29,133,153.078834974,82.9736769169,133,133
2,v4-02-f3-mnv2-fp32-224-1500,on-prem,1,train,f3-mnv2-fp32-224-1500,onnx-inference-fp32,1500,r3-cpu-pressure,completed,20.0,0,23.8043271622,26,29,20,23.7491534343,28.3515597115,20,20
2,v4-02-f3-mnv2-fp32-224-1500,on-prem,2,train,f3-mnv2-fp32-224-1500,onnx-inference-fp32,1500,r3-cpu-pressure,completed,20.0,0,23.8043271622,26,29,20,23.7491534343,28.3515597115,20,20
2,v4-02-f3-mnv2-fp32-224-1500,public-cloud,1,train,f3-mnv2-fp32-224-1500,onnx-inference-fp32,1500,r1-moderate,completed,14.0,0,18.7737328258,26,29,14,18.7125601656,22.7443859179,14,14
2,v4-02-f3-mnv2-fp32-224-1500,public-cloud,2,train,f3-mnv2-fp32-224-1500,onnx-inference-fp32,1500,r1-moderate,completed,14.0,0,18.7737328258,26,29,14,18.7125601656,22.7443859179,14,14
2,v4-03-f3-mnv2-int8-224-1500,edge-1,1,train,f3-mnv2-int8-224-1500,onnx-inference-int8,1500,r1-moderate,completed,18.0,0,22.7945043063,26,26,17,23.6841224984,27.2746585085,17,17
2,v4-03-f3-mnv2-int8-224-1500,edge-1,2,train,f3-mnv2-int8-224-1500,onnx-inference-int8,1500,r1-moderate,completed,17.0,0,22.7945043063,26,26,17,23.6841224984,27.2746585085,17,17
2,v4-03-f3-mnv2-int8-224-1500,edge-1,3,train,f3-mnv2-int8-224-1500,onnx-inference-int8,1500,r1-moderate,completed,17.0,0,22.7945043063,26,26,17,23.6841224984,27.2746585085,17,17
2,v4-03-f3-mnv2-int8-224-1500,edge-2,1,train,f3-mnv2-int8-224-1500,onnx-inference-int8,1500,r2-heavy,completed,83.0,0,64.0700359259,26,26,83,81.4873853038,68.1239647233,83,83
2,v4-03-f3-mnv2-int8-224-1500,edge-2,2,train,f3-mnv2-int8-224-1500,onnx-inference-int8,1500,r2-heavy,completed,82.0,0,64.0700359259,26,26,83,81.4873853038,68.1239647233,83,83
2,v4-03-f3-mnv2-int8-224-1500,edge-2,3,train,f3-mnv2-int8-224-1500,onnx-inference-int8,1500,r2-heavy,completed,84.0,0,64.0700359259,26,26,83,81.4873853038,68.1239647233,83,83
2,v4-03-f3-mnv2-int8-224-1500,on-prem,1,train,f3-mnv2-int8-224-1500,onnx-inference-int8,1500,r1-moderate,completed,29.0,0,29.8056552954,26,26,29,32.2673657568,23.1610972933,29,29
2,v4-03-f3-mnv2-int8-224-1500,on-prem,2,train,f3-mnv2-int8-224-1500,onnx-inference-int8,1500,r1-moderate,completed,29.0,0,29.8056552954,26,26,29,32.2673657568,23.1610972933,29,29
2,v4-03-f3-mnv2-int8-224-1500,on-prem,3,train,f3-mnv2-int8-224-1500,onnx-inference-int8,1500,r1-moderate,completed,31.0,0,29.8056552954,26,26,29,32.2673657568,23.1610972933,29,29
2,v4-03-f3-mnv2-int8-224-1500,public-cloud,1,train,f3-mnv2-int8-224-1500,onnx-inference-int8,1500,none,completed,13.0,0,16.3326724884,26,26,13,16.4697778689,18.5454832375,13,13
2,v4-03-f3-mnv2-int8-224-1500,public-cloud,2,train,f3-mnv2-int8-224-1500,onnx-inference-int8,1500,none,completed,13.0,0,16.3326724884,26,26,13,16.4697778689,18.5454832375,13,13
2,v4-03-f3-mnv2-int8-224-1500,public-cloud,3,train,f3-mnv2-int8-224-1500,onnx-inference-int8,1500,none,completed,13.0,0,16.3326724884,26,26,13,16.4697778689,18.5454832375,13,13
2,v4-04-f4-bfs-kron-21-n4,edge-1,1,train,f4-bfs-kron-21-n4,graph-kernel,21,r1-moderate,completed,17.0,0,27.4601805704,26,17,17,15.4272486205,16.2268530743,17,17
2,v4-04-f4-bfs-kron-21-n4,edge-1,2,train,f4-bfs-kron-21-n4,graph-kernel,21,r1-moderate,completed,17.0,0,27.4601805704,26,17,17,15.4272486205,16.2268530743,17,17
2,v4-04-f4-bfs-kron-21-n4,edge-2,1,train,f4-bfs-kron-21-n4,graph-kernel,21,none,completed,35.0,0,49.2085013747,26,17,36,35.7473528132,41.1150403581,36,36
2,v4-04-f4-bfs-kron-21-n4,edge-2,2,train,f4-bfs-kron-21-n4,graph-kernel,21,none,completed,36.0,0,49.2085013747,26,17,36,35.7473528132,41.1150403581,36,36
2,v4-04-f4-bfs-kron-21-n4,on-prem,1,train,f4-bfs-kron-21-n4,graph-kernel,21,r2-heavy,completed,13.0,0,18.1120091866,26,17,13.5,12.4497700445,13.7205906328,13.5,13.5
2,v4-04-f4-bfs-kron-21-n4,on-prem,2,train,f4-bfs-kron-21-n4,graph-kernel,21,r2-heavy,completed,14.0,0,18.1120091866,26,17,13.5,12.4497700445,13.7205906328,13.5,13.5
2,v4-04-f4-bfs-kron-21-n4,public-cloud,1,train,f4-bfs-kron-21-n4,graph-kernel,21,r1-moderate,completed,11.0,0,14.8012914589,26,17,13,11.9582607431,10.9084433114,13,13
2,v4-04-f4-bfs-kron-21-n4,public-cloud,2,train,f4-bfs-kron-21-n4,graph-kernel,21,r1-moderate,completed,11.0,0,14.8012914589,26,17,13,11.9582607431,10.9084433114,13,13
2,v4-05-f0-cpu-45k,edge-1,1,train,f0-cpu-45k,stress-ng-cpu,45000,none,completed,81.0,0,55.2761655309,26,51,81.5,81.4984662432,42.6451571105,81.5,81.5
2,v4-05-f0-cpu-45k,edge-1,2,train,f0-cpu-45k,stress-ng-cpu,45000,none,completed,81.0,0,55.2761655309,26,51,81.5,81.4984662432,42.6451571105,81.5,81.5
2,v4-05-f0-cpu-45k,edge-2,1,train,f0-cpu-45k,stress-ng-cpu,45000,none,completed,147.0,0,84.1601802909,26,51,156,155.740168229,105.70071575,156,156
2,v4-05-f0-cpu-45k,edge-2,2,train,f0-cpu-45k,stress-ng-cpu,45000,none,completed,146.0,0,84.1601802909,26,51,156,155.740168229,105.70071575,156,156
2,v4-05-f0-cpu-45k,on-prem,1,train,f0-cpu-45k,stress-ng-cpu,45000,r3-cpu-pressure,completed,20.0,0,22.540670181,26,51,20.5,20.4939015319,36.2954066628,20.5,20.5
2,v4-05-f0-cpu-45k,on-prem,2,train,f0-cpu-45k,stress-ng-cpu,45000,r3-cpu-pressure,completed,21.0,0,22.540670181,26,51,20.5,20.4939015319,36.2954066628,20.5,20.5
2,v4-05-f0-cpu-45k,public-cloud,1,train,f0-cpu-45k,stress-ng-cpu,45000,r3-cpu-pressure,completed,19.0,0,19.5856490417,26,51,18,18,29.1706804502,18,18
2,v4-05-f0-cpu-45k,public-cloud,2,train,f0-cpu-45k,stress-ng-cpu,45000,r3-cpu-pressure,completed,18.0,0,19.5856490417,26,51,18,18,29.1706804502,18,18
2,v4-06-f2-random-zstd1-aes-1152,edge-1,1,train,f2-random-zstd1-aes-1152,compress-encrypt,1152,r1-moderate,completed,14.0,2,19.6969988519,26,14,13,16.8335202705,20.4330392022,30,30
2,v4-06-f2-random-zstd1-aes-1152,edge-1,2,train,f2-random-zstd1-aes-1152,compress-encrypt,1152,r1-moderate,completed,14.0,2,19.6969988519,26,14,13,16.8335202705,20.4330392022,30,30
2,v4-06-f2-random-zstd1-aes-1152,edge-1,3,train,f2-random-zstd1-aes-1152,compress-encrypt,1152,r1-moderate,completed,14.0,2,19.6969988519,26,14,13,16.8335202705,20.4330392022,30,30
2,v4-06-f2-random-zstd1-aes-1152,edge-2,1,train,f2-random-zstd1-aes-1152,compress-encrypt,1152,r3-cpu-pressure,completed,53.0,2,49.4368490469,26,14,43,61.4178774679,51.3980385218,111,111
2,v4-06-f2-random-zstd1-aes-1152,edge-2,2,train,f2-random-zstd1-aes-1152,compress-encrypt,1152,r3-cpu-pressure,completed,52.0,2,49.4368490469,26,14,43,61.4178774679,51.3980385218,111,111
2,v4-06-f2-random-zstd1-aes-1152,edge-2,3,train,f2-random-zstd1-aes-1152,compress-encrypt,1152,r3-cpu-pressure,completed,52.0,2,49.4368490469,26,14,43,61.4178774679,51.3980385218,111,111
2,v4-06-f2-random-zstd1-aes-1152,on-prem,1,train,f2-random-zstd1-aes-1152,compress-encrypt,1152,r2-heavy,completed,15.0,2,18.509365746,26,14,14,17.4962787831,17.3148364214,26,26.5
2,v4-06-f2-random-zstd1-aes-1152,on-prem,2,train,f2-random-zstd1-aes-1152,compress-encrypt,1152,r2-heavy,completed,15.0,2,18.509365746,26,14,14,17.4962787831,17.3148364214,26,26.5
2,v4-06-f2-random-zstd1-aes-1152,on-prem,3,train,f2-random-zstd1-aes-1152,compress-encrypt,1152,r2-heavy,completed,15.0,2,18.509365746,26,14,14,17.4962787831,17.3148364214,26,26.5
2,v4-06-f2-random-zstd1-aes-1152,public-cloud,1,train,f2-random-zstd1-aes-1152,compress-encrypt,1152,none,completed,12.0,2,15.2658021229,26,14,11,14.2388429209,13.8160625292,22,22.5
2,v4-06-f2-random-zstd1-aes-1152,public-cloud,2,train,f2-random-zstd1-aes-1152,compress-encrypt,1152,none,completed,12.0,2,15.2658021229,26,14,11,14.2388429209,13.8160625292,22,22.5
2,v4-06-f2-random-zstd1-aes-1152,public-cloud,3,train,f2-random-zstd1-aes-1152,compress-encrypt,1152,none,completed,12.0,2,15.2658021229,26,14,11,14.2388429209,13.8160625292,22,22.5
2,v4-07-f2-random-zstd1-aes-768,edge-1,1,train,f2-random-zstd1-aes-768,compress-encrypt,768,r2-heavy,completed,13.0,2,18.4093611754,26,14,13,12.6158157502,14.4096233461,14,14
2,v4-07-f2-random-zstd1-aes-768,edge-1,2,train,f2-random-zstd1-aes-768,compress-encrypt,768,r2-heavy,completed,12.0,2,18.4093611754,26,14,13,12.6158157502,14.4096233461,14,14
2,v4-07-f2-random-zstd1-aes-768,edge-1,3,train,f2-random-zstd1-aes-768,compress-encrypt,768,r2-heavy,completed,12.0,2,18.4093611754,26,14,13,12.6158157502,14.4096233461,14,14
2,v4-07-f2-random-zstd1-aes-768,edge-2,1,train,f2-random-zstd1-aes-768,compress-encrypt,768,r3-cpu-pressure,completed,38.0,2,40.5459566031,26,14,43,38.4180267295,36.6724005438,52,52
2,v4-07-f2-random-zstd1-aes-768,edge-2,2,train,f2-random-zstd1-aes-768,compress-encrypt,768,r3-cpu-pressure,completed,37.0,2,40.5459566031,26,14,43,38.4180267295,36.6724005438,52,52
2,v4-07-f2-random-zstd1-aes-768,edge-2,3,train,f2-random-zstd1-aes-768,compress-encrypt,768,r3-cpu-pressure,completed,37.0,2,40.5459566031,26,14,43,38.4180267295,36.6724005438,52,52
2,v4-07-f2-random-zstd1-aes-768,on-prem,1,train,f2-random-zstd1-aes-768,compress-encrypt,768,none,completed,11.0,2,16.8994117306,26,14,14,11.8863811372,12.1677420191,15,15
2,v4-07-f2-random-zstd1-aes-768,on-prem,2,train,f2-random-zstd1-aes-768,compress-encrypt,768,none,completed,11.0,2,16.8994117306,26,14,14,11.8863811372,12.1677420191,15,15
2,v4-07-f2-random-zstd1-aes-768,on-prem,3,train,f2-random-zstd1-aes-768,compress-encrypt,768,none,completed,11.0,2,16.8994117306,26,14,14,11.8863811372,12.1677420191,15,15
2,v4-07-f2-random-zstd1-aes-768,public-cloud,1,train,f2-random-zstd1-aes-768,compress-encrypt,768,none,completed,9.0,2,13.4630521083,26,14,11,10.1174119999,9.6522430577,12,12
2,v4-07-f2-random-zstd1-aes-768,public-cloud,2,train,f2-random-zstd1-aes-768,compress-encrypt,768,none,completed,9.0,2,13.4630521083,26,14,11,10.1174119999,9.6522430577,12,12
2,v4-07-f2-random-zstd1-aes-768,public-cloud,3,train,f2-random-zstd1-aes-768,compress-encrypt,768,none,completed,9.0,2,13.4630521083,26,14,11,10.1174119999,9.6522430577,12,12
2,v4-08-f1-x264-480p-testsrc2-med-2000,edge-1,1,train,f1-x264-480p-testsrc2-med-2000,video-transcode,2000,none,completed,24.0,0,32.7024800134,26,41.5,33.5,37.002472682,26.6837765361,33.5,33.5
2,v4-08-f1-x264-480p-testsrc2-med-2000,edge-1,2,train,f1-x264-480p-testsrc2-med-2000,video-transcode,2000,none,completed,25.0,0,32.7024800134,26,41.5,33.5,37.002472682,26.6837765361,33.5,33.5
2,v4-08-f1-x264-480p-testsrc2-med-2000,edge-2,1,train,f1-x264-480p-testsrc2-med-2000,video-transcode,2000,none,completed,63.0,0,70.1214292047,26,41.5,87,109.345792745,66.6794166093,87,87
2,v4-08-f1-x264-480p-testsrc2-med-2000,edge-2,2,train,f1-x264-480p-testsrc2-med-2000,video-transcode,2000,none,completed,61.0,0,70.1214292047,26,41.5,87,109.345792745,66.6794166093,87,87
2,v4-08-f1-x264-480p-testsrc2-med-2000,on-prem,1,train,f1-x264-480p-testsrc2-med-2000,video-transcode,2000,none,completed,22.0,0,27.6404131658,26,41.5,29,32.8360300424,22.6561802553,29,29
2,v4-08-f1-x264-480p-testsrc2-med-2000,on-prem,2,train,f1-x264-480p-testsrc2-med-2000,video-transcode,2000,none,completed,23.0,0,27.6404131658,26,41.5,29,32.8360300424,22.6561802553,29,29
2,v4-08-f1-x264-480p-testsrc2-med-2000,public-cloud,1,train,f1-x264-480p-testsrc2-med-2000,video-transcode,2000,r2-heavy,completed,21.0,0,24.3121472552,26,41.5,29,27.4344926888,18.1370230014,29,29
2,v4-08-f1-x264-480p-testsrc2-med-2000,public-cloud,2,train,f1-x264-480p-testsrc2-med-2000,video-transcode,2000,r2-heavy,completed,21.0,0,24.3121472552,26,41.5,29,27.4344926888,18.1370230014,29,29
2,v4-09-f4-bfs-kron-21-n8,edge-1,1,train,f4-bfs-kron-21-n8,graph-kernel,21,none,completed,14.0,2,22.701044035,26,17,17,15.4272486205,15.1071424133,17,17
2,v4-09-f4-bfs-kron-21-n8,edge-1,2,train,f4-bfs-kron-21-n8,graph-kernel,21,none,completed,14.0,2,22.701044035,26,17,17,15.4272486205,15.1071424133,17,17
2,v4-09-f4-bfs-kron-21-n8,edge-2,1,train,f4-bfs-kron-21-n8,graph-kernel,21,none,completed,36.0,2,45.2424214742,26,17,36,35.7473528132,38.3776477843,36,35.5
2,v4-09-f4-bfs-kron-21-n8,edge-2,2,train,f4-bfs-kron-21-n8,graph-kernel,21,none,completed,36.0,2,45.2424214742,26,17,36,35.7473528132,38.3776477843,36,35.5
2,v4-09-f4-bfs-kron-21-n8,on-prem,1,train,f4-bfs-kron-21-n8,graph-kernel,21,none,completed,11.0,2,14.4934265819,26,17,13.5,12.4497700445,12.7637819692,14,13.5
2,v4-09-f4-bfs-kron-21-n8,on-prem,2,train,f4-bfs-kron-21-n8,graph-kernel,21,none,completed,12.0,2,14.4934265819,26,17,13.5,12.4497700445,12.7637819692,14,13.5
2,v4-09-f4-bfs-kron-21-n8,public-cloud,1,train,f4-bfs-kron-21-n8,graph-kernel,21,r2-heavy,completed,13.0,2,12.9430383973,26,17,13,11.9582607431,10.1344185447,11,11
2,v4-09-f4-bfs-kron-21-n8,public-cloud,2,train,f4-bfs-kron-21-n8,graph-kernel,21,r2-heavy,completed,13.0,2,12.9430383973,26,17,13,11.9582607431,10.1344185447,11,11
2,v4-10-f5-sf1-q1-r2,edge-1,1,train,f5-sf1-q1-r2,duckdb-tpch,1,r2-heavy,completed,17.0,0,26.4188418329,26,21,21,19.3829997351,18.653420015,21,21
2,v4-10-f5-sf1-q1-r2,edge-1,2,train,f5-sf1-q1-r2,duckdb-tpch,1,r2-heavy,completed,23.0,0,26.4188418329,26,21,21,19.3829997351,18.653420015,21,21
2,v4-10-f5-sf1-q1-r2,edge-2,1,train,f5-sf1-q1-r2,duckdb-tpch,1,r1-moderate,completed,51.0,0,46.6597374286,26,21,48.5,47.2020562163,47.0473464038,48.5,48.5
2,v4-10-f5-sf1-q1-r2,edge-2,2,train,f5-sf1-q1-r2,duckdb-tpch,1,r1-moderate,completed,46.0,0,46.6597374286,26,21,48.5,47.2020562163,47.0473464038,48.5,48.5
2,v4-10-f5-sf1-q1-r2,on-prem,1,train,f5-sf1-q1-r2,duckdb-tpch,1,none,completed,12.0,0,21.145237258,26,21,19,15.0996688705,15.7941265493,19,19
2,v4-10-f5-sf1-q1-r2,on-prem,2,train,f5-sf1-q1-r2,duckdb-tpch,1,none,completed,12.0,0,21.145237258,26,21,19,15.0996688705,15.7941265493,19,19
2,v4-10-f5-sf1-q1-r2,public-cloud,1,train,f5-sf1-q1-r2,duckdb-tpch,1,r1-moderate,completed,12.0,0,18.3870244232,26,21,16,13.8564064606,12.5858613941,16,16
2,v4-10-f5-sf1-q1-r2,public-cloud,2,train,f5-sf1-q1-r2,duckdb-tpch,1,r1-moderate,completed,16.0,0,18.3870244232,26,21,16,13.8564064606,12.5858613941,16,16
2,v4-11-f3-mnv2-fp32-224-2500,edge-1,1,train,f3-mnv2-fp32-224-2500,onnx-inference-fp32,2500,none,completed,64.0,2,43.2761818328,26,29,40,55.88778418,50.0706974939,40,40
2,v4-11-f3-mnv2-fp32-224-2500,edge-1,2,train,f3-mnv2-fp32-224-2500,onnx-inference-fp32,2500,none,completed,64.0,2,43.2761818328,26,29,40,55.88778418,50.0706974939,40,40
2,v4-11-f3-mnv2-fp32-224-2500,edge-2,1,train,f3-mnv2-fp32-224-2500,onnx-inference-fp32,2500,none,completed,199.0,2,120.129406458,26,29,133,178.430006648,123.854172541,132,133
2,v4-11-f3-mnv2-fp32-224-2500,edge-2,2,train,f3-mnv2-fp32-224-2500,onnx-inference-fp32,2500,none,completed,199.0,2,120.129406458,26,29,133,178.430006648,123.854172541,132,133
2,v4-11-f3-mnv2-fp32-224-2500,on-prem,1,train,f3-mnv2-fp32-224-2500,onnx-inference-fp32,2500,none,completed,30.0,2,26.0373701407,26,29,20,25.8147372206,42.6406363888,20,20
2,v4-11-f3-mnv2-fp32-224-2500,on-prem,2,train,f3-mnv2-fp32-224-2500,onnx-inference-fp32,2500,none,completed,29.0,2,26.0373701407,26,29,20,25.8147372206,42.6406363888,20,20
2,v4-11-f3-mnv2-fp32-224-2500,public-cloud,1,train,f3-mnv2-fp32-224-2500,onnx-inference-fp32,2500,r2-heavy,completed,27.0,2,20.2595119079,26,29,14,21.9533467171,34.3037495215,14,14
2,v4-11-f3-mnv2-fp32-224-2500,public-cloud,2,train,f3-mnv2-fp32-224-2500,onnx-inference-fp32,2500,r2-heavy,completed,28.0,2,20.2595119079,26,29,14,21.9533467171,34.3037495215,14,14
2,v4-12-f2-random-zstd1-chacha-1152,edge-1,1,train,f2-random-zstd1-chacha-1152,compress-encrypt,1152,r3-cpu-pressure,completed,13.0,2,19.4915165248,26,14,13,16.8335202705,20.4330392022,12,12
2,v4-12-f2-random-zstd1-chacha-1152,edge-1,2,train,f2-random-zstd1-chacha-1152,compress-encrypt,1152,r3-cpu-pressure,completed,13.0,2,19.4915165248,26,14,13,16.8335202705,20.4330392022,12,12
2,v4-12-f2-random-zstd1-chacha-1152,edge-1,3,train,f2-random-zstd1-chacha-1152,compress-encrypt,1152,r3-cpu-pressure,completed,12.0,2,19.4915165248,26,14,13,16.8335202705,20.4330392022,12,12
2,v4-12-f2-random-zstd1-chacha-1152,edge-2,1,train,f2-random-zstd1-chacha-1152,compress-encrypt,1152,none,completed,43.0,2,46.8424749904,26,14,43,61.4178774679,51.3980385218,37,37
2,v4-12-f2-random-zstd1-chacha-1152,edge-2,2,train,f2-random-zstd1-chacha-1152,compress-encrypt,1152,none,completed,43.0,2,46.8424749904,26,14,43,61.4178774679,51.3980385218,37,37
2,v4-12-f2-random-zstd1-chacha-1152,edge-2,3,train,f2-random-zstd1-chacha-1152,compress-encrypt,1152,none,completed,43.0,2,46.8424749904,26,14,43,61.4178774679,51.3980385218,37,37
2,v4-12-f2-random-zstd1-chacha-1152,on-prem,1,train,f2-random-zstd1-chacha-1152,compress-encrypt,1152,r3-cpu-pressure,completed,13.0,2,18.3026537381,26,14,14,17.4962787831,17.3148364214,11,11
2,v4-12-f2-random-zstd1-chacha-1152,on-prem,2,train,f2-random-zstd1-chacha-1152,compress-encrypt,1152,r3-cpu-pressure,completed,14.0,2,18.3026537381,26,14,14,17.4962787831,17.3148364214,11,11
2,v4-12-f2-random-zstd1-chacha-1152,on-prem,3,train,f2-random-zstd1-chacha-1152,compress-encrypt,1152,r3-cpu-pressure,completed,15.0,2,18.3026537381,26,14,14,17.4962787831,17.3148364214,11,11
2,v4-12-f2-random-zstd1-chacha-1152,public-cloud,1,train,f2-random-zstd1-chacha-1152,compress-encrypt,1152,r1-moderate,completed,11.0,2,15.8503275857,26,14,11,14.2388429209,13.8160625292,9,9
2,v4-12-f2-random-zstd1-chacha-1152,public-cloud,2,train,f2-random-zstd1-chacha-1152,compress-encrypt,1152,r1-moderate,completed,12.0,2,15.8503275857,26,14,11,14.2388429209,13.8160625292,9,9
2,v4-12-f2-random-zstd1-chacha-1152,public-cloud,3,train,f2-random-zstd1-chacha-1152,compress-encrypt,1152,r1-moderate,completed,11.0,2,15.8503275857,26,14,11,14.2388429209,13.8160625292,9,9
2,v4-13-f3-mnv2-int8-224-2000,edge-1,1,train,f3-mnv2-int8-224-2000,onnx-inference-int8,2000,none,completed,19.0,2,23.8970541788,26,26,17,26.6216831835,32.6128491593,17,17
2,v4-13-f3-mnv2-int8-224-2000,edge-1,2,train,f3-mnv2-int8-224-2000,onnx-inference-int8,2000,none,completed,19.0,2,23.8970541788,26,26,17,26.6216831835,32.6128491593,17,17
2,v4-13-f3-mnv2-int8-224-2000,edge-1,3,train,f3-mnv2-int8-224-2000,onnx-inference-int8,2000,none,completed,121.0,2,23.8970541788,26,26,17,26.6216831835,32.6128491593,17,17
2,v4-13-f3-mnv2-int8-224-2000,edge-2,1,train,f3-mnv2-int8-224-2000,onnx-inference-int8,2000,none,completed,85.0,2,72.0774616331,26,26,83,86.7451183752,81.1744106594,84,83
2,v4-13-f3-mnv2-int8-224-2000,edge-2,2,train,f3-mnv2-int8-224-2000,onnx-inference-int8,2000,none,completed,86.0,2,72.0774616331,26,26,83,86.7451183752,81.1744106594,84,83
2,v4-13-f3-mnv2-int8-224-2000,edge-2,3,train,f3-mnv2-int8-224-2000,onnx-inference-int8,2000,none,completed,85.0,2,72.0774616331,26,26,83,86.7451183752,81.1744106594,84,83
2,v4-13-f3-mnv2-int8-224-2000,on-prem,1,train,f3-mnv2-int8-224-2000,onnx-inference-int8,2000,r1-moderate,completed,37.0,2,31.5750057961,26,26,29,33.0292151919,27.7226570252,31,30
2,v4-13-f3-mnv2-int8-224-2000,on-prem,2,train,f3-mnv2-int8-224-2000,onnx-inference-int8,2000,r1-moderate,completed,37.0,2,31.5750057961,26,26,29,33.0292151919,27.7226570252,31,30
2,v4-13-f3-mnv2-int8-224-2000,on-prem,3,train,f3-mnv2-int8-224-2000,onnx-inference-int8,2000,r1-moderate,censored,,2,31.5750057961,26,26,29,33.0292151919,27.7226570252,31,30
2,v4-13-f3-mnv2-int8-224-2000,public-cloud,1,train,f3-mnv2-int8-224-2000,onnx-inference-int8,2000,r2-heavy,completed,21.0,2,18.0020066764,26,26,13,17.2568704372,22.235625626,13,13
2,v4-13-f3-mnv2-int8-224-2000,public-cloud,2,train,f3-mnv2-int8-224-2000,onnx-inference-int8,2000,r2-heavy,completed,21.0,2,18.0020066764,26,26,13,17.2568704372,22.235625626,13,13
2,v4-13-f3-mnv2-int8-224-2000,public-cloud,3,train,f3-mnv2-int8-224-2000,onnx-inference-int8,2000,r2-heavy,completed,22.0,2,18.0020066764,26,26,13,17.2568704372,22.235625626,13,13
2,v4-14-f4-bfs-kron-22-n4,edge-1,1,train,f4-bfs-kron-22-n4,graph-kernel,22,none,completed,221.0,2,33.2141070746,26,17,17,78.6638417572,43.4514395125,14,14
2,v4-14-f4-bfs-kron-22-n4,edge-1,2,train,f4-bfs-kron-22-n4,graph-kernel,22,none,completed,28.0,2,33.2141070746,26,17,17,78.6638417572,43.4514395125,14,14
2,v4-14-f4-bfs-kron-22-n4,edge-2,1,train,f4-bfs-kron-22-n4,graph-kernel,22,r3-cpu-pressure,completed,364.0,2,62.4318504892,26,17,36,157.327683514,107.671860204,36,36
2,v4-14-f4-bfs-kron-22-n4,edge-2,2,train,f4-bfs-kron-22-n4,graph-kernel,22,r3-cpu-pressure,completed,68.0,2,62.4318504892,26,17,36,157.327683514,107.671860204,36,36
2,v4-14-f4-bfs-kron-22-n4,on-prem,1,train,f4-bfs-kron-22-n4,graph-kernel,22,r2-heavy,completed,25.0,2,21.8718185118,26,17,13.5,25,36.9843864274,12,11.5
2,v4-14-f4-bfs-kron-22-n4,on-prem,2,train,f4-bfs-kron-22-n4,graph-kernel,22,r2-heavy,completed,25.0,2,21.8718185118,26,17,13.5,25,36.9843864274,12,11.5
2,v4-14-f4-bfs-kron-22-n4,public-cloud,1,train,f4-bfs-kron-22-n4,graph-kernel,22,r1-moderate,completed,18.0,2,19.0355996051,26,17,13,17.4928556845,29.7280409986,13,13
2,v4-14-f4-bfs-kron-22-n4,public-cloud,2,train,f4-bfs-kron-22-n4,graph-kernel,22,r1-moderate,completed,17.0,2,19.0355996051,26,17,13,17.4928556845,29.7280409986,13,13
2,v4-15-f1-x264-720p-noise-med-1000,edge-1,1,train,f1-x264-720p-noise-med-1000,video-transcode,1000,none,completed,115.0,2,41.1789898522,26,41.5,33.5,52.7216038975,54.2887562514,25,24.5
2,v4-15-f1-x264-720p-noise-med-1000,edge-1,2,train,f1-x264-720p-noise-med-1000,video-transcode,1000,none,completed,115.0,2,41.1789898522,26,41.5,33.5,52.7216038975,54.2887562514,25,24.5
2,v4-15-f1-x264-720p-noise-med-1000,edge-2,1,train,f1-x264-720p-noise-med-1000,video-transcode,1000,none,completed,278.0,2,87.9146816289,26,41.5,87,128.339483765,134.166196103,61,62
2,v4-15-f1-x264-720p-noise-med-1000,edge-2,2,train,f1-x264-720p-noise-med-1000,video-transcode,1000,none,completed,279.0,2,87.9146816289,26,41.5,87,128.339483765,134.166196103,61,62
2,v4-15-f1-x264-720p-noise-med-1000,on-prem,1,train,f1-x264-720p-noise-med-1000,video-transcode,1000,none,completed,90.0,2,36.377061154,26,41.5,29,45.1001735339,46.2450275081,23,22.5
2,v4-15-f1-x264-720p-noise-med-1000,on-prem,2,train,f1-x264-720p-noise-med-1000,video-transcode,1000,none,completed,90.0,2,36.377061154,26,41.5,29,45.1001735339,46.2450275081,23,22.5
2,v4-15-f1-x264-720p-noise-med-1000,public-cloud,1,train,f1-x264-720p-noise-med-1000,video-transcode,1000,r2-heavy,completed,86.0,2,30.9756244609,26,41.5,29,39.3432723395,37.2195759572,21,21
2,v4-15-f1-x264-720p-noise-med-1000,public-cloud,2,train,f1-x264-720p-noise-med-1000,video-transcode,1000,r2-heavy,completed,83.0,2,30.9756244609,26,41.5,29,39.3432723395,37.2195759572,21,21
2,v4-16-f1-x264-720p-testsrc2-med-1100,edge-1,1,train,f1-x264-720p-testsrc2-med-1100,video-transcode,1100,r3-cpu-pressure,completed,28.0,2,43.7254406979,26,41.5,33.5,50.2164913819,52.2098116798,115,115
2,v4-16-f1-x264-720p-testsrc2-med-1100,edge-1,2,train,f1-x264-720p-testsrc2-med-1100,video-transcode,1100,r3-cpu-pressure,completed,28.0,2,43.7254406979,26,41.5,33.5,50.2164913819,52.2098116798,115,115
2,v4-16-f1-x264-720p-testsrc2-med-1100,edge-2,1,train,f1-x264-720p-testsrc2-med-1100,video-transcode,1100,r1-moderate,completed,74.0,2,97.8399670573,26,41.5,87,125.543950063,129.083733615,279,278.5
2,v4-16-f1-x264-720p-testsrc2-med-1100,edge-2,2,train,f1-x264-720p-testsrc2-med-1100,video-transcode,1100,r1-moderate,completed,75.0,2,97.8399670573,26,41.5,87,125.543950063,129.083733615,279,278.5
2,v4-16-f1-x264-720p-testsrc2-med-1100,on-prem,1,train,f1-x264-720p-testsrc2-med-1100,video-transcode,1100,r2-heavy,completed,27.0,2,36.7306932484,26,41.5,29,43.1744125008,44.4685398434,90,90
2,v4-16-f1-x264-720p-testsrc2-med-1100,on-prem,2,train,f1-x264-720p-testsrc2-med-1100,video-transcode,1100,r2-heavy,completed,26.0,2,36.7306932484,26,41.5,29,43.1744125008,44.4685398434,90,90
2,v4-16-f1-x264-720p-testsrc2-med-1100,public-cloud,1,train,f1-x264-720p-testsrc2-med-1100,video-transcode,1100,none,completed,18.0,2,31.5415521138,26,41.5,29,37.4404504297,35.7824595279,83,84.5
2,v4-16-f1-x264-720p-testsrc2-med-1100,public-cloud,2,train,f1-x264-720p-testsrc2-med-1100,video-transcode,1100,none,completed,19.0,2,31.5415521138,26,41.5,29,37.4404504297,35.7824595279,83,84.5
2,v4-17-f1-x264-720p-testsrc2-med-1400,edge-1,1,train,f1-x264-720p-testsrc2-med-1400,video-transcode,1400,none,completed,33.0,2,41.0904316101,26,41.5,33.5,44.3966723973,48.689015365,28,28
2,v4-17-f1-x264-720p-testsrc2-med-1400,edge-1,2,train,f1-x264-720p-testsrc2-med-1400,video-transcode,1400,none,completed,34.0,2,41.0904316101,26,41.5,33.5,44.3966723973,48.689015365,28,28
2,v4-17-f1-x264-720p-testsrc2-med-1400,edge-2,1,train,f1-x264-720p-testsrc2-med-1400,video-transcode,1400,none,completed,87.0,2,91.1557191042,26,41.5,87,118.739404521,120.476329915,75,74.5
2,v4-17-f1-x264-720p-testsrc2-med-1400,edge-2,2,train,f1-x264-720p-testsrc2-med-1400,video-transcode,1400,none,completed,87.0,2,91.1557191042,26,41.5,87,118.739404521,120.476329915,75,74.5
2,v4-17-f1-x264-720p-testsrc2-med-1400,on-prem,1,train,f1-x264-720p-testsrc2-med-1400,video-transcode,1400,none,completed,29.0,2,36.0436830367,26,41.5,29,38.6609938021,41.459969385,26,26.5
2,v4-17-f1-x264-720p-testsrc2-med-1400,on-prem,2,train,f1-x264-720p-testsrc2-med-1400,video-transcode,1400,none,completed,29.0,2,36.0436830367,26,41.5,29,38.6609938021,41.459969385,26,26.5
2,v4-17-f1-x264-720p-testsrc2-med-1400,public-cloud,1,train,f1-x264-720p-testsrc2-med-1400,video-transcode,1400,r2-heavy,completed,29.0,2,29.3568894858,26,41.5,29,33.026722681,33.3486311819,19,18.5
2,v4-17-f1-x264-720p-testsrc2-med-1400,public-cloud,2,train,f1-x264-720p-testsrc2-med-1400,video-transcode,1400,r2-heavy,completed,29.0,2,29.3568894858,26,41.5,29,33.026722681,33.3486311819,19,18.5
2,v4-18-f0-cpu-45k,edge-1,1,train,f0-cpu-45k,stress-ng-cpu,45000,r1-moderate,completed,82.0,2,61.3747150624,26,51,81.5,81.4984662432,42.6451571105,81,81
2,v4-18-f0-cpu-45k,edge-1,2,train,f0-cpu-45k,stress-ng-cpu,45000,r1-moderate,completed,83.0,2,61.3747150624,26,51,81.5,81.4984662432,42.6451571105,81,81
2,v4-18-f0-cpu-45k,edge-2,1,train,f0-cpu-45k,stress-ng-cpu,45000,r2-heavy,completed,165.0,2,104.709453656,26,51,156,155.740168229,105.70071575,146,146.5
2,v4-18-f0-cpu-45k,edge-2,2,train,f0-cpu-45k,stress-ng-cpu,45000,r2-heavy,completed,166.0,2,104.709453656,26,51,156,155.740168229,105.70071575,146,146.5
2,v4-18-f0-cpu-45k,on-prem,1,train,f0-cpu-45k,stress-ng-cpu,45000,r1-moderate,completed,20.0,2,23.3110385055,26,51,20.5,20.4939015319,36.2954066628,21,20.5
2,v4-18-f0-cpu-45k,on-prem,2,train,f0-cpu-45k,stress-ng-cpu,45000,r1-moderate,completed,21.0,2,23.3110385055,26,51,20.5,20.4939015319,36.2954066628,21,20.5
2,v4-18-f0-cpu-45k,public-cloud,1,train,f0-cpu-45k,stress-ng-cpu,45000,none,completed,18.0,2,19.9333815542,26,51,18,18,29.1706804502,18,18.5
2,v4-18-f0-cpu-45k,public-cloud,2,train,f0-cpu-45k,stress-ng-cpu,45000,none,completed,18.0,2,19.9333815542,26,51,18,18,29.1706804502,18,18.5
2,v4-19-f3-r50-fp32-160-256,edge-1,1,train,f3-r50-fp32-160-256,onnx-inference-fp32,256,none,completed,28.0,2,30.9251103454,26,29,40,27.4013023184,25.0287351714,64,64
2,v4-19-f3-r50-fp32-160-256,edge-1,2,train,f3-r50-fp32-160-256,onnx-inference-fp32,256,none,completed,29.0,2,30.9251103454,26,29,40,27.4013023184,25.0287351714,64,64
2,v4-19-f3-r50-fp32-160-256,edge-2,1,train,f3-r50-fp32-160-256,onnx-inference-fp32,256,r3-cpu-pressure,completed,96.0,2,72.1218633537,26,29,133,90.0671192864,62.6332838903,199,199
2,v4-19-f3-r50-fp32-160-256,edge-2,2,train,f3-r50-fp32-160-256,onnx-inference-fp32,256,r3-cpu-pressure,completed,90.0,2,72.1218633537,26,29,133,90.0671192864,62.6332838903,199,199
2,v4-19-f3-r50-fp32-160-256,on-prem,1,train,f3-r50-fp32-160-256,onnx-inference-fp32,256,none,completed,19.0,2,21.6993545346,26,29,20,17.7945427637,21.2419239019,29,29.5
2,v4-19-f3-r50-fp32-160-256,on-prem,2,train,f3-r50-fp32-160-256,onnx-inference-fp32,256,none,completed,18.0,2,21.6993545346,26,29,20,17.7945427637,21.2419239019,29,29.5
2,v4-19-f3-r50-fp32-160-256,public-cloud,1,train,f3-r50-fp32-160-256,onnx-inference-fp32,256,r1-moderate,completed,11.0,2,14.107925912,26,29,14,10.765692053,16.9929390422,28,27.5
2,v4-19-f3-r50-fp32-160-256,public-cloud,2,train,f3-r50-fp32-160-256,onnx-inference-fp32,256,r1-moderate,completed,12.0,2,14.107925912,26,29,14,10.765692053,16.9929390422,28,27.5
2,v4-20-f5-sf1-q9-r2,edge-1,1,train,f5-sf1-q9-r2,duckdb-tpch,1,none,completed,19.0,2,21.9463927569,26,21,21,19.3829997351,19.9533374776,23,20
2,v4-20-f5-sf1-q9-r2,edge-1,2,train,f5-sf1-q9-r2,duckdb-tpch,1,none,completed,19.0,2,21.9463927569,26,21,21,19.3829997351,19.9533374776,23,20
2,v4-20-f5-sf1-q9-r2,edge-2,1,train,f5-sf1-q9-r2,duckdb-tpch,1,r1-moderate,completed,46.0,2,46.215204068,26,21,48.5,47.2020562163,50.2252963268,46,48.5
2,v4-20-f5-sf1-q9-r2,edge-2,2,train,f5-sf1-q9-r2,duckdb-tpch,1,r1-moderate,completed,46.0,2,46.215204068,26,21,48.5,47.2020562163,50.2252963268,46,48.5
2,v4-20-f5-sf1-q9-r2,on-prem,1,train,f5-sf1-q9-r2,duckdb-tpch,1,r2-heavy,completed,19.0,2,19.3429518018,26,21,19,15.0996688705,16.9049244844,12,12
2,v4-20-f5-sf1-q9-r2,on-prem,2,train,f5-sf1-q9-r2,duckdb-tpch,1,r2-heavy,completed,19.0,2,19.3429518018,26,21,19,15.0996688705,16.9049244844,12,12
2,v4-20-f5-sf1-q9-r2,public-cloud,1,train,f5-sf1-q9-r2,duckdb-tpch,1,none,completed,16.0,2,15.8424475114,26,21,16,13.8564064606,13.4844580993,16,14
2,v4-20-f5-sf1-q9-r2,public-cloud,2,train,f5-sf1-q9-r2,duckdb-tpch,1,none,completed,12.0,2,15.8424475114,26,21,16,13.8564064606,13.4844580993,16,14
2,v4-21-f2-random-zstd1-chacha-768,edge-1,1,train,f2-random-zstd1-chacha-768,compress-encrypt,768,none,completed,11.0,2,17.9467786517,26,14,13,12.6158157502,14.4096233461,12,12.5
2,v4-21-f2-random-zstd1-chacha-768,edge-1,2,train,f2-random-zstd1-chacha-768,compress-encrypt,768,none,completed,11.0,2,17.9467786517,26,14,13,12.6158157502,14.4096233461,12,12.5
2,v4-21-f2-random-zstd1-chacha-768,edge-1,3,train,f2-random-zstd1-chacha-768,compress-encrypt,768,none,completed,10.0,2,17.9467786517,26,14,13,12.6158157502,14.4096233461,12,12.5
2,v4-21-f2-random-zstd1-chacha-768,edge-2,1,train,f2-random-zstd1-chacha-768,compress-encrypt,768,none,completed,32.0,2,39.2227534939,26,14,43,38.4180267295,36.6724005438,43,43
2,v4-21-f2-random-zstd1-chacha-768,edge-2,2,train,f2-random-zstd1-chacha-768,compress-encrypt,768,none,completed,32.0,2,39.2227534939,26,14,43,38.4180267295,36.6724005438,43,43
2,v4-21-f2-random-zstd1-chacha-768,edge-2,3,train,f2-random-zstd1-chacha-768,compress-encrypt,768,none,completed,32.0,2,39.2227534939,26,14,43,38.4180267295,36.6724005438,43,43
2,v4-21-f2-random-zstd1-chacha-768,on-prem,1,train,f2-random-zstd1-chacha-768,compress-encrypt,768,none,completed,11.0,2,16.7591965585,26,14,14,11.8863811372,12.1677420191,15,14.5
2,v4-21-f2-random-zstd1-chacha-768,on-prem,2,train,f2-random-zstd1-chacha-768,compress-encrypt,768,none,completed,11.0,2,16.7591965585,26,14,14,11.8863811372,12.1677420191,15,14.5
2,v4-21-f2-random-zstd1-chacha-768,on-prem,3,train,f2-random-zstd1-chacha-768,compress-encrypt,768,none,completed,11.0,2,16.7591965585,26,14,14,11.8863811372,12.1677420191,15,14.5
2,v4-21-f2-random-zstd1-chacha-768,public-cloud,1,train,f2-random-zstd1-chacha-768,compress-encrypt,768,none,completed,10.0,2,13.7283673595,26,14,11,10.1174119999,9.6522430577,11,11.5
2,v4-21-f2-random-zstd1-chacha-768,public-cloud,2,train,f2-random-zstd1-chacha-768,compress-encrypt,768,none,completed,10.0,2,13.7283673595,26,14,11,10.1174119999,9.6522430577,11,11.5
2,v4-21-f2-random-zstd1-chacha-768,public-cloud,3,train,f2-random-zstd1-chacha-768,compress-encrypt,768,none,completed,9.0,2,13.7283673595,26,14,11,10.1174119999,9.6522430577,11,11.5
2,v4-22-f1-x264-720p-testsrc2-med-2400,edge-1,1,train,f1-x264-720p-testsrc2-med-2400,video-transcode,2400,none,completed,55.0,2,40.520369697,26,41.5,33.5,33.7122033119,51.0828388958,34,33.5
2,v4-22-f1-x264-720p-testsrc2-med-2400,edge-1,2,train,f1-x264-720p-testsrc2-med-2400,video-transcode,2400,none,completed,56.0,2,40.520369697,26,41.5,33.5,33.7122033119,51.0828388958,34,33.5
2,v4-22-f1-x264-720p-testsrc2-med-2400,edge-2,1,train,f1-x264-720p-testsrc2-med-2400,video-transcode,2400,r2-heavy,completed,198.0,2,99.924396998,26,41.5,87,104.834897508,126.328587096,87,87
2,v4-22-f1-x264-720p-testsrc2-med-2400,edge-2,2,train,f1-x264-720p-testsrc2-med-2400,video-transcode,2400,r2-heavy,completed,194.0,2,99.924396998,26,41.5,87,104.834897508,126.328587096,87,87
2,v4-22-f1-x264-720p-testsrc2-med-2400,on-prem,1,train,f1-x264-720p-testsrc2-med-2400,video-transcode,2400,r3-cpu-pressure,completed,48.0,2,35.9191668442,26,41.5,29,30.2062805505,43.5055255927,29,29
2,v4-22-f1-x264-720p-testsrc2-med-2400,on-prem,2,train,f1-x264-720p-testsrc2-med-2400,video-transcode,2400,r3-cpu-pressure,completed,48.0,2,35.9191668442,26,41.5,29,30.2062805505,43.5055255927,29,29
2,v4-22-f1-x264-720p-testsrc2-med-2400,public-cloud,1,train,f1-x264-720p-testsrc2-med-2400,video-transcode,2400,none,completed,35.0,2,29.9931255711,26,41.5,29,24.9524218618,35.003414658,29,29
2,v4-22-f1-x264-720p-testsrc2-med-2400,public-cloud,2,train,f1-x264-720p-testsrc2-med-2400,video-transcode,2400,none,completed,35.0,2,29.9931255711,26,41.5,29,24.9524218618,35.003414658,29,29
2,v4-23-f3-r50-int8-224-128,edge-1,1,train,f3-r50-int8-224-128,onnx-inference-int8,128,r3-cpu-pressure,completed,9.0,2,19.9409936812,26,26,17,8.71038477499,17.166878418,121,70
2,v4-23-f3-r50-int8-224-128,edge-1,2,train,f3-r50-int8-224-128,onnx-inference-int8,128,r3-cpu-pressure,completed,9.0,2,19.9409936812,26,26,17,8.71038477499,17.166878418,121,70
2,v4-23-f3-r50-int8-224-128,edge-1,3,train,f3-r50-int8-224-128,onnx-inference-int8,128,r3-cpu-pressure,completed,9.0,2,19.9409936812,26,26,17,8.71038477499,17.166878418,121,70
2,v4-23-f3-r50-int8-224-128,edge-2,1,train,f3-r50-int8-224-128,onnx-inference-int8,128,none,completed,50.0,2,49.804439101,26,26,83,47.7282651864,43.4131504724,85,85.5
2,v4-23-f3-r50-int8-224-128,edge-2,2,train,f3-r50-int8-224-128,onnx-inference-int8,128,none,completed,47.0,2,49.804439101,26,26,83,47.7282651864,43.4131504724,85,85.5
2,v4-23-f3-r50-int8-224-128,edge-2,3,train,f3-r50-int8-224-128,onnx-inference-int8,128,none,completed,46.0,2,49.804439101,26,26,83,47.7282651864,43.4131504724,85,85.5
2,v4-23-f3-r50-int8-224-128,on-prem,1,train,f3-r50-int8-224-128,onnx-inference-int8,128,none,completed,26.0,2,25.0281021056,26,26,29,26.4276364041,14.5238556406,37,37
2,v4-23-f3-r50-int8-224-128,on-prem,2,train,f3-r50-int8-224-128,onnx-inference-int8,128,none,completed,27.0,2,25.0281021056,26,26,29,26.4276364041,14.5238556406,37,37
2,v4-23-f3-r50-int8-224-128,on-prem,3,train,f3-r50-int8-224-128,onnx-inference-int8,128,none,completed,27.0,2,25.0281021056,26,26,29,26.4276364041,14.5238556406,37,37
2,v4-23-f3-r50-int8-224-128,public-cloud,1,train,f3-r50-int8-224-128,onnx-inference-int8,128,r3-cpu-pressure,completed,12.0,2,15.2920168893,26,26,13,11.0467926146,11.5582566272,22,21.5
2,v4-23-f3-r50-int8-224-128,public-cloud,2,train,f3-r50-int8-224-128,onnx-inference-int8,128,r3-cpu-pressure,completed,11.0,2,15.2920168893,26,26,13,11.0467926146,11.5582566272,22,21.5
2,v4-23-f3-r50-int8-224-128,public-cloud,3,train,f3-r50-int8-224-128,onnx-inference-int8,128,r3-cpu-pressure,completed,11.0,2,15.2920168893,26,26,13,11.0467926146,11.5582566272,22,21.5
2,v4-24-f5-sf2-q1-r2,edge-1,1,train,f5-sf2-q1-r2,duckdb-tpch,2,r3-cpu-pressure,completed,34.0,2,29.7983301003,26,21,21,33.4962684489,35.0786156398,19,19
2,v4-24-f5-sf2-q1-r2,edge-1,2,train,f5-sf2-q1-r2,duckdb-tpch,2,r3-cpu-pressure,completed,33.0,2,29.7983301003,26,21,21,33.4962684489,35.0786156398,19,19
2,v4-24-f5-sf2-q1-r2,edge-2,1,train,f5-sf2-q1-r2,duckdb-tpch,2,none,completed,106.0,2,69.1588479993,26,21,48.5,106.995327001,87.2025490775,46,46
2,v4-24-f5-sf2-q1-r2,edge-2,2,train,f5-sf2-q1-r2,duckdb-tpch,2,none,completed,108.0,2,69.1588479993,26,21,48.5,106.995327001,87.2025490775,46,46
2,v4-24-f5-sf2-q1-r2,on-prem,1,train,f5-sf2-q1-r2,duckdb-tpch,2,r2-heavy,completed,25.0,2,24.1234555332,26,21,19,28.2842712475,29.8296895051,19,19
2,v4-24-f5-sf2-q1-r2,on-prem,2,train,f5-sf2-q1-r2,duckdb-tpch,2,r2-heavy,completed,32.0,2,24.1234555332,26,21,19,28.2842712475,29.8296895051,19,19
2,v4-24-f5-sf2-q1-r2,public-cloud,1,train,f5-sf2-q1-r2,duckdb-tpch,2,r1-moderate,completed,26.0,2,20.4435897405,26,21,16,22.2261107709,23.9401412578,12,14
2,v4-24-f5-sf2-q1-r2,public-cloud,2,train,f5-sf2-q1-r2,duckdb-tpch,2,r1-moderate,completed,19.0,2,20.4435897405,26,21,16,22.2261107709,23.9401412578,12,14
2,v4-cal2-none,edge-1,1,startup-calibration,f9-startup-null,startup-calibration,1,none,completed,4.0,2,29.1361100653,26,26,23.5,20.0717473345,22.9012090498,5,5.5
2,v4-cal2-none,edge-2,1,startup-calibration,f9-startup-null,startup-calibration,1,none,completed,10.0,2,33.7261564944,26,26,78.5,20.0717473345,57.4320525286,8,9
2,v4-cal2-none,on-prem,1,startup-calibration,f9-startup-null,startup-calibration,1,none,completed,5.0,2,24.9760658818,26,26,21,20.0717473345,19.4239226127,5,5.5
2,v4-cal2-none,public-cloud,1,startup-calibration,f9-startup-null,startup-calibration,1,none,completed,5.0,2,20.5535591912,26,26,15,20.0717473345,15.5222395417,5,5
2,v4-cal2-r1-moderate,edge-1,1,startup-calibration,f9-startup-null,startup-calibration,1,r1-moderate,completed,4.0,2,29.4807742664,26,26,23.5,20.0717473345,22.9012090498,4,4.5
2,v4-cal2-r1-moderate,edge-2,1,startup-calibration,f9-startup-null,startup-calibration,1,r1-moderate,completed,10.0,2,34.1268839695,26,26,78.5,20.0717473345,57.4320525286,10,9
2,v4-cal2-r1-moderate,on-prem,1,startup-calibration,f9-startup-null,startup-calibration,1,r1-moderate,completed,5.0,2,24.7963604913,26,26,21,20.0717473345,19.4239226127,5,5
2,v4-cal2-r1-moderate,public-cloud,1,startup-calibration,f9-startup-null,startup-calibration,1,r1-moderate,completed,5.0,2,20.6206915585,26,26,15,20.0717473345,15.5222395417,5,5
2,v4-cal2-r2-heavy,edge-1,1,startup-calibration,f9-startup-null,startup-calibration,1,r2-heavy,completed,5.0,2,29.3821293233,26,26,23.5,20.0717473345,22.9012090498,4,4
2,v4-cal2-r2-heavy,edge-2,1,startup-calibration,f9-startup-null,startup-calibration,1,r2-heavy,completed,10.0,2,34.1453565827,26,26,78.5,20.0717473345,57.4320525286,10,10
2,v4-cal2-r2-heavy,on-prem,1,startup-calibration,f9-startup-null,startup-calibration,1,r2-heavy,completed,5.0,2,24.8182754428,26,26,21,20.0717473345,19.4239226127,5,5
2,v4-cal2-r2-heavy,public-cloud,1,startup-calibration,f9-startup-null,startup-calibration,1,r2-heavy,completed,5.0,2,21.1848866727,26,26,15,20.0717473345,15.5222395417,5,5
2,v4-cal2-r3-cpu-pressure,edge-1,1,startup-calibration,f9-startup-null,startup-calibration,1,r3-cpu-pressure,completed,4.0,2,29.6812572037,26,26,23.5,20.0717473345,22.9012090498,5,4.5
2,v4-cal2-r3-cpu-pressure,edge-2,1,startup-calibration,f9-startup-null,startup-calibration,1,r3-cpu-pressure,completed,10.0,2,34.2854154996,26,26,78.5,20.0717473345,57.4320525286,10,10
2,v4-cal2-r3-cpu-pressure,on-prem,1,startup-calibration,f9-startup-null,startup-calibration,1,r3-cpu-pressure,completed,5.0,2,24.3802890674,26,26,21,20.0717473345,19.4239226127,5,5
2,v4-cal2-r3-cpu-pressure,public-cloud,1,startup-calibration,f9-startup-null,startup-calibration,1,r3-cpu-pressure,completed,6.0,2,21.0393935615,26,26,15,20.0717473345,15.5222395417,5,5
2,v4-25-f3-r50-fp32-224-128,edge-1,1,calibration,f3-r50-fp32-224-128,onnx-inference-fp32,128,none,completed,30.0,2,29.8485430812,26,29,40,22.0606803985,19.3557479946,29,28.5
2,v4-25-f3-r50-fp32-224-128,edge-1,2,calibration,f3-r50-fp32-224-128,onnx-inference-fp32,128,none,completed,29.0,2,29.8485430812,26,29,40,22.0606803985,19.3557479946,29,28.5
2,v4-25-f3-r50-fp32-224-128,edge-2,1,calibration,f3-r50-fp32-224-128,onnx-inference-fp32,128,r2-heavy,completed,116.0,2,68.83903595,26,29,133,73.1576635433,48.7643501466,90,93
2,v4-25-f3-r50-fp32-224-128,edge-2,2,calibration,f3-r50-fp32-224-128,onnx-inference-fp32,128,r2-heavy,completed,114.0,2,68.83903595,26,29,133,73.1576635433,48.7643501466,90,93
2,v4-25-f3-r50-fp32-224-128,on-prem,1,calibration,f3-r50-fp32-224-128,onnx-inference-fp32,128,none,completed,19.0,2,21.2317114707,26,29,20,15.8905866925,16.3942757833,18,18.5
2,v4-25-f3-r50-fp32-224-128,on-prem,2,calibration,f3-r50-fp32-224-128,onnx-inference-fp32,128,none,completed,18.0,2,21.2317114707,26,29,20,15.8905866925,16.3942757833,18,18.5
2,v4-25-f3-r50-fp32-224-128,public-cloud,1,calibration,f3-r50-fp32-224-128,onnx-inference-fp32,128,r3-cpu-pressure,completed,12.0,2,15.8591235583,26,29,14,8.66794374853,13.0713611482,12,11.5
2,v4-25-f3-r50-fp32-224-128,public-cloud,2,calibration,f3-r50-fp32-224-128,onnx-inference-fp32,128,r3-cpu-pressure,completed,11.0,2,15.8591235583,26,29,14,8.66794374853,13.0713611482,12,11.5
2,v4-26-f5-sf2-q9-r2,edge-1,1,calibration,f5-sf2-q9-r2,duckdb-tpch,2,none,completed,35.0,2,25.1553009213,26,21,21,33.4962684489,37.4649291904,33,33.5
2,v4-26-f5-sf2-q9-r2,edge-1,2,calibration,f5-sf2-q9-r2,duckdb-tpch,2,none,completed,24.0,2,25.1553009213,26,21,21,33.4962684489,37.4649291904,33,33.5
2,v4-26-f5-sf2-q9-r2,edge-2,1,calibration,f5-sf2-q9-r2,duckdb-tpch,2,r2-heavy,completed,132.0,2,71.3373546246,26,21,48.5,106.995327001,93.0364463689,108,107
2,v4-26-f5-sf2-q9-r2,edge-2,2,calibration,f5-sf2-q9-r2,duckdb-tpch,2,r2-heavy,completed,170.0,2,71.3373546246,26,21,48.5,106.995327001,93.0364463689,108,107
2,v4-26-f5-sf2-q9-r2,on-prem,1,calibration,f5-sf2-q9-r2,duckdb-tpch,2,r3-cpu-pressure,completed,25.0,2,22.6101456401,26,21,19,28.2842712475,31.868828328,32,28.5
2,v4-26-f5-sf2-q9-r2,on-prem,2,calibration,f5-sf2-q9-r2,duckdb-tpch,2,r3-cpu-pressure,completed,24.0,2,22.6101456401,26,21,19,28.2842712475,31.868828328,32,28.5
2,v4-26-f5-sf2-q9-r2,public-cloud,1,calibration,f5-sf2-q9-r2,duckdb-tpch,2,none,completed,20.0,2,17.5628298268,26,21,16,22.2261107709,25.589733294,19,22.5
2,v4-26-f5-sf2-q9-r2,public-cloud,2,calibration,f5-sf2-q9-r2,duckdb-tpch,2,none,completed,26.0,2,17.5628298268,26,21,16,22.2261107709,25.589733294,19,22.5
2,v4-27-f4-bfs-kron-22-n6,edge-1,1,calibration,f4-bfs-kron-22-n6,graph-kernel,22,none,completed,27.0,2,31.6129718941,26,17,17,78.6638417572,41.8761978076,28,124.5
2,v4-27-f4-bfs-kron-22-n6,edge-1,2,calibration,f4-bfs-kron-22-n6,graph-kernel,22,none,completed,27.0,2,31.6129718941,26,17,17,78.6638417572,41.8761978076,28,124.5
2,v4-27-f4-bfs-kron-22-n6,edge-2,1,calibration,f4-bfs-kron-22-n6,graph-kernel,22,none,completed,68.0,2,61.91757615,26,17,36,157.327683514,103.820816273,68,216
2,v4-27-f4-bfs-kron-22-n6,edge-2,2,calibration,f4-bfs-kron-22-n6,graph-kernel,22,none,completed,68.0,2,61.91757615,26,17,36,157.327683514,103.820816273,68,216
2,v4-27-f4-bfs-kron-22-n6,on-prem,1,calibration,f4-bfs-kron-22-n6,graph-kernel,22,none,completed,21.0,2,19.1285298849,26,17,13.5,25,35.6383200166,25,25
2,v4-27-f4-bfs-kron-22-n6,on-prem,2,calibration,f4-bfs-kron-22-n6,graph-kernel,22,none,completed,21.0,2,19.1285298849,26,17,13.5,25,35.6383200166,25,25
2,v4-27-f4-bfs-kron-22-n6,public-cloud,1,calibration,f4-bfs-kron-22-n6,graph-kernel,22,r2-heavy,completed,23.0,2,17.1005087064,26,17,13,17.4928556845,28.6391203197,17,17.5
2,v4-27-f4-bfs-kron-22-n6,public-cloud,2,calibration,f4-bfs-kron-22-n6,graph-kernel,22,r2-heavy,completed,23.0,2,17.1005087064,26,17,13,17.4928556845,28.6391203197,17,17.5
2,v4-28-f2-text-zstd12-aes-512,edge-1,1,calibration,f2-text-zstd12-aes-512,compress-encrypt,512,none,completed,125.0,2,4.30462600654,26,14,13,9.45487363819,5.49732377761,10,10.5
2,v4-28-f2-text-zstd12-aes-512,edge-1,2,calibration,f2-text-zstd12-aes-512,compress-encrypt,512,none,completed,124.0,2,4.30462600654,26,14,13,9.45487363819,5.49732377761,10,10.5
2,v4-28-f2-text-zstd12-aes-512,edge-1,3,calibration,f2-text-zstd12-aes-512,compress-encrypt,512,none,completed,126.0,2,4.30462600654,26,14,13,9.45487363819,5.49732377761,10,10.5
2,v4-28-f2-text-zstd12-aes-512,edge-2,1,calibration,f2-text-zstd12-aes-512,compress-encrypt,512,none,completed,423.0,2,64.1274529222,26,14,43,24.0311915462,14.884215877,32,32
2,v4-28-f2-text-zstd12-aes-512,edge-2,2,calibration,f2-text-zstd12-aes-512,compress-encrypt,512,none,completed,425.0,2,64.1274529222,26,14,43,24.0311915462,14.884215877,32,32
2,v4-28-f2-text-zstd12-aes-512,edge-2,3,calibration,f2-text-zstd12-aes-512,compress-encrypt,512,none,completed,424.0,2,64.1274529222,26,14,43,24.0311915462,14.884215877,32,32
2,v4-28-f2-text-zstd12-aes-512,on-prem,1,calibration,f2-text-zstd12-aes-512,compress-encrypt,512,r1-moderate,completed,62.0,2,5.60766846191,26,14,14,8.07520606464,4.5520554524,11,11
2,v4-28-f2-text-zstd12-aes-512,on-prem,2,calibration,f2-text-zstd12-aes-512,compress-encrypt,512,r1-moderate,completed,62.0,2,5.60766846191,26,14,14,8.07520606464,4.5520554524,11,11
2,v4-28-f2-text-zstd12-aes-512,on-prem,3,calibration,f2-text-zstd12-aes-512,compress-encrypt,512,r1-moderate,completed,62.0,2,5.60766846191,26,14,14,8.07520606464,4.5520554524,11,11
2,v4-28-f2-text-zstd12-aes-512,public-cloud,1,calibration,f2-text-zstd12-aes-512,compress-encrypt,512,r1-moderate,completed,47.0,2,4.73278392786,26,14,11,7.18892863305,3.49141880689,9,9.5
2,v4-28-f2-text-zstd12-aes-512,public-cloud,2,calibration,f2-text-zstd12-aes-512,compress-encrypt,512,r1-moderate,completed,47.0,2,4.73278392786,26,14,11,7.18892863305,3.49141880689,9,9.5
2,v4-28-f2-text-zstd12-aes-512,public-cloud,3,calibration,f2-text-zstd12-aes-512,compress-encrypt,512,r1-moderate,completed,47.0,2,4.73278392786,26,14,11,7.18892863305,3.49141880689,9,9.5
2,v4-29-f4-bfs-uniform-21-n4,edge-1,1,calibration,f4-bfs-uniform-21-n4,graph-kernel,21,none,completed,14.0,2,26.9941685694,26,17,17,15.4272486205,16.2268530743,27,27
2,v4-29-f4-bfs-uniform-21-n4,edge-1,2,calibration,f4-bfs-uniform-21-n4,graph-kernel,21,none,completed,13.0,2,26.9941685694,26,17,17,15.4272486205,16.2268530743,27,27
2,v4-29-f4-bfs-uniform-21-n4,edge-2,1,calibration,f4-bfs-uniform-21-n4,graph-kernel,21,none,completed,32.0,2,49.7429190546,26,17,36,35.7473528132,41.1150403581,68,68
2,v4-29-f4-bfs-uniform-21-n4,edge-2,2,calibration,f4-bfs-uniform-21-n4,graph-kernel,21,none,completed,32.0,2,49.7429190546,26,17,36,35.7473528132,41.1150403581,68,68
2,v4-29-f4-bfs-uniform-21-n4,on-prem,1,calibration,f4-bfs-uniform-21-n4,graph-kernel,21,r1-moderate,completed,10.0,2,17.3890817881,26,17,13.5,12.4497700445,13.7205906328,21,21
2,v4-29-f4-bfs-uniform-21-n4,on-prem,2,calibration,f4-bfs-uniform-21-n4,graph-kernel,21,r1-moderate,completed,10.0,2,17.3890817881,26,17,13.5,12.4497700445,13.7205906328,21,21
2,v4-29-f4-bfs-uniform-21-n4,public-cloud,1,calibration,f4-bfs-uniform-21-n4,graph-kernel,21,r2-heavy,completed,12.0,2,14.7897047309,26,17,13,11.9582607431,10.9084433114,23,23
2,v4-29-f4-bfs-uniform-21-n4,public-cloud,2,calibration,f4-bfs-uniform-21-n4,graph-kernel,21,r2-heavy,completed,12.0,2,14.7897047309,26,17,13,11.9582607431,10.9084433114,23,23
2,v4-30-f1-x264-720p-testsrc2-med-3600,edge-1,1,calibration,f1-x264-720p-testsrc2-med-3600,video-transcode,3600,r2-heavy,completed,114.0,2,43.6590988605,26,41.5,33.5,27.4059304276,69.8154502103,56,55.5
2,v4-30-f1-x264-720p-testsrc2-med-3600,edge-1,2,calibration,f1-x264-720p-testsrc2-med-3600,video-transcode,3600,r2-heavy,completed,114.0,2,43.6590988605,26,41.5,33.5,27.4059304276,69.8154502103,56,55.5
2,v4-30-f1-x264-720p-testsrc2-med-3600,edge-2,1,calibration,f1-x264-720p-testsrc2-med-3600,video-transcode,3600,none,completed,213.0,2,123.207430816,26,41.5,87,95.4590109134,172.12480293,194,196
2,v4-30-f1-x264-720p-testsrc2-med-3600,edge-2,2,calibration,f1-x264-720p-testsrc2-med-3600,video-transcode,3600,none,completed,210.0,2,123.207430816,26,41.5,87,95.4590109134,172.12480293,194,196
2,v4-30-f1-x264-720p-testsrc2-med-3600,on-prem,1,calibration,f1-x264-720p-testsrc2-med-3600,video-transcode,3600,r1-moderate,completed,68.0,2,37.0030826471,26,41.5,29,25.0884189044,59.5128080286,48,48
2,v4-30-f1-x264-720p-testsrc2-med-3600,on-prem,2,calibration,f1-x264-720p-testsrc2-med-3600,video-transcode,3600,r1-moderate,completed,68.0,2,37.0030826471,26,41.5,29,25.0884189044,59.5128080286,48,48
2,v4-30-f1-x264-720p-testsrc2-med-3600,public-cloud,1,calibration,f1-x264-720p-testsrc2-med-3600,video-transcode,3600,r1-moderate,completed,52.0,2,32.1267893261,26,41.5,29,20.2079868978,47.9527466661,35,35
2,v4-30-f1-x264-720p-testsrc2-med-3600,public-cloud,2,calibration,f1-x264-720p-testsrc2-med-3600,video-transcode,3600,r1-moderate,completed,51.0,2,32.1267893261,26,41.5,29,20.2079868978,47.9527466661,35,35
2,v4-31-f3-r50-int8-224-192,edge-1,1,calibration,f3-r50-int8-224-192,onnx-inference-int8,192,r1-moderate,completed,13.0,2,19.2671153438,26,26,17,10.2708221816,17.4421529345,9,9
2,v4-31-f3-r50-int8-224-192,edge-1,2,calibration,f3-r50-int8-224-192,onnx-inference-int8,192,r1-moderate,completed,13.0,2,19.2671153438,26,26,17,10.2708221816,17.4421529345,9,9
2,v4-31-f3-r50-int8-224-192,edge-1,3,calibration,f3-r50-int8-224-192,onnx-inference-int8,192,r1-moderate,completed,14.0,2,19.2671153438,26,26,17,10.2708221816,17.4421529345,9,9
2,v4-31-f3-r50-int8-224-192,edge-2,1,calibration,f3-r50-int8-224-192,onnx-inference-int8,192,none,completed,66.0,2,49.8793861458,26,26,83,52.1252312248,44.086122914,46,46.5
2,v4-31-f3-r50-int8-224-192,edge-2,2,calibration,f3-r50-int8-224-192,onnx-inference-int8,192,none,completed,64.0,2,49.8793861458,26,26,83,52.1252312248,44.086122914,46,46.5
2,v4-31-f3-r50-int8-224-192,edge-2,3,calibration,f3-r50-int8-224-192,onnx-inference-int8,192,none,completed,64.0,2,49.8793861458,26,26,83,52.1252312248,44.086122914,46,46.5
2,v4-31-f3-r50-int8-224-192,on-prem,1,calibration,f3-r50-int8-224-192,onnx-inference-int8,192,none,completed,35.0,2,26.0506951877,26,26,29,27.311304261,14.7590816248,27,27
2,v4-31-f3-r50-int8-224-192,on-prem,2,calibration,f3-r50-int8-224-192,onnx-inference-int8,192,none,completed,34.0,2,26.0506951877,26,26,29,27.311304261,14.7590816248,27,27
2,v4-31-f3-r50-int8-224-192,on-prem,3,calibration,f3-r50-int8-224-192,onnx-inference-int8,192,none,completed,34.0,2,26.0506951877,26,26,29,27.311304261,14.7590816248,27,27
2,v4-31-f3-r50-int8-224-192,public-cloud,1,calibration,f3-r50-int8-224-192,onnx-inference-int8,192,r3-cpu-pressure,completed,15.0,2,15.3662833064,26,26,13,11.7980767531,11.7485462268,11,11
2,v4-31-f3-r50-int8-224-192,public-cloud,2,calibration,f3-r50-int8-224-192,onnx-inference-int8,192,r3-cpu-pressure,completed,14.0,2,15.3662833064,26,26,13,11.7980767531,11.7485462268,11,11
2,v4-31-f3-r50-int8-224-192,public-cloud,3,calibration,f3-r50-int8-224-192,onnx-inference-int8,192,r3-cpu-pressure,completed,14.0,2,15.3662833064,26,26,13,11.7980767531,11.7485462268,11,11
2,v4-32-f2-text-zstd12-chacha-512,edge-1,1,calibration,f2-text-zstd12-chacha-512,compress-encrypt,512,none,completed,125.0,2,4.60317138628,26,14,13,9.45487363819,5.49732377761,126,125
2,v4-32-f2-text-zstd12-chacha-512,edge-1,2,calibration,f2-text-zstd12-chacha-512,compress-encrypt,512,none,completed,124.0,2,4.60317138628,26,14,13,9.45487363819,5.49732377761,126,125
2,v4-32-f2-text-zstd12-chacha-512,edge-1,3,calibration,f2-text-zstd12-chacha-512,compress-encrypt,512,none,completed,125.0,2,4.60317138628,26,14,13,9.45487363819,5.49732377761,126,125
2,v4-32-f2-text-zstd12-chacha-512,edge-2,1,calibration,f2-text-zstd12-chacha-512,compress-encrypt,512,r3-cpu-pressure,completed,437.0,2,76.9685955564,26,14,43,24.0311915462,14.884215877,424,424.5
2,v4-32-f2-text-zstd12-chacha-512,edge-2,2,calibration,f2-text-zstd12-chacha-512,compress-encrypt,512,r3-cpu-pressure,completed,438.0,2,76.9685955564,26,14,43,24.0311915462,14.884215877,424,424.5
2,v4-32-f2-text-zstd12-chacha-512,edge-2,3,calibration,f2-text-zstd12-chacha-512,compress-encrypt,512,r3-cpu-pressure,completed,439.0,2,76.9685955564,26,14,43,24.0311915462,14.884215877,424,424.5
2,v4-32-f2-text-zstd12-chacha-512,on-prem,1,calibration,f2-text-zstd12-chacha-512,compress-encrypt,512,none,completed,60.0,2,5.72999581736,26,14,14,8.07520606464,4.5520554524,62,62
2,v4-32-f2-text-zstd12-chacha-512,on-prem,2,calibration,f2-text-zstd12-chacha-512,compress-encrypt,512,none,completed,60.0,2,5.72999581736,26,14,14,8.07520606464,4.5520554524,62,62
2,v4-32-f2-text-zstd12-chacha-512,on-prem,3,calibration,f2-text-zstd12-chacha-512,compress-encrypt,512,none,completed,60.0,2,5.72999581736,26,14,14,8.07520606464,4.5520554524,62,62
2,v4-32-f2-text-zstd12-chacha-512,public-cloud,1,calibration,f2-text-zstd12-chacha-512,compress-encrypt,512,r1-moderate,completed,47.0,2,4.85464150368,26,14,11,7.18892863305,3.49141880689,47,47
2,v4-32-f2-text-zstd12-chacha-512,public-cloud,2,calibration,f2-text-zstd12-chacha-512,compress-encrypt,512,r1-moderate,completed,47.0,2,4.85464150368,26,14,11,7.18892863305,3.49141880689,47,47
2,v4-32-f2-text-zstd12-chacha-512,public-cloud,3,calibration,f2-text-zstd12-chacha-512,compress-encrypt,512,r1-moderate,completed,46.0,2,4.85464150368,26,14,11,7.18892863305,3.49141880689,47,47
2,v4-33-f3-r50-fp32-224-192,edge-1,1,calibration,f3-r50-fp32-224-192,onnx-inference-fp32,192,none,completed,40.0,2,30.2291014252,26,29,40,25.0434679479,19.7864982637,29,29.5
2,v4-33-f3-r50-fp32-224-192,edge-1,2,calibration,f3-r50-fp32-224-192,onnx-inference-fp32,192,none,completed,40.0,2,30.2291014252,26,29,40,25.0434679479,19.7864982637,29,29.5
2,v4-33-f3-r50-fp32-224-192,edge-2,1,calibration,f3-r50-fp32-224-192,onnx-inference-fp32,192,none,completed,127.0,2,70.425462488,26,29,133,82.6200990122,49.8174191482,114,115
2,v4-33-f3-r50-fp32-224-192,edge-2,2,calibration,f3-r50-fp32-224-192,onnx-inference-fp32,192,none,completed,126.0,2,70.425462488,26,29,133,82.6200990122,49.8174191482,114,115
2,v4-33-f3-r50-fp32-224-192,on-prem,1,calibration,f3-r50-fp32-224-192,onnx-inference-fp32,192,none,completed,25.0,2,21.085052813,26,29,20,16.9780976142,16.7623580064,18,18.5
2,v4-33-f3-r50-fp32-224-192,on-prem,2,calibration,f3-r50-fp32-224-192,onnx-inference-fp32,192,none,completed,24.0,2,21.085052813,26,29,20,16.9780976142,16.7623580064,18,18.5
2,v4-33-f3-r50-fp32-224-192,public-cloud,1,calibration,f3-r50-fp32-224-192,onnx-inference-fp32,192,r2-heavy,completed,18.0,2,16.8557830889,26,29,14,9.8395715419,13.3691268015,11,11.5
2,v4-33-f3-r50-fp32-224-192,public-cloud,2,calibration,f3-r50-fp32-224-192,onnx-inference-fp32,192,r2-heavy,completed,18.0,2,16.8557830889,26,29,14,9.8395715419,13.3691268015,11,11.5
2,v4-34-f3-r50-int8-224-288,edge-1,1,calibration,f3-r50-int8-224-288,onnx-inference-int8,288,r1-moderate,completed,17.0,2,19.7736073458,26,26,17,12.1108069289,17.9366779149,14,13.5
2,v4-34-f3-r50-int8-224-288,edge-1,2,calibration,f3-r50-int8-224-288,onnx-inference-int8,288,r1-moderate,completed,17.0,2,19.7736073458,26,26,17,12.1108069289,17.9366779149,14,13.5
2,v4-34-f3-r50-int8-224-288,edge-1,3,calibration,f3-r50-int8-224-288,onnx-inference-int8,288,r1-moderate,completed,17.0,2,19.7736073458,26,26,17,12.1108069289,17.9366779149,14,13.5
2,v4-34-f3-r50-int8-224-288,edge-2,1,calibration,f3-r50-int8-224-288,onnx-inference-int8,288,r2-heavy,completed,130.0,2,52.524844768,26,26,83,56.9272677235,45.2951039982,64,64
2,v4-34-f3-r50-int8-224-288,edge-2,2,calibration,f3-r50-int8-224-288,onnx-inference-int8,288,r2-heavy,completed,117.0,2,52.524844768,26,26,83,56.9272677235,45.2951039982,64,64
2,v4-34-f3-r50-int8-224-288,edge-2,3,calibration,f3-r50-int8-224-288,onnx-inference-int8,288,r2-heavy,completed,118.0,2,52.524844768,26,26,83,56.9272677235,45.2951039982,64,64
2,v4-34-f3-r50-int8-224-288,on-prem,1,calibration,f3-r50-int8-224-288,onnx-inference-int8,288,none,completed,48.0,2,25.9017523603,26,26,29,28.2245195534,15.1816602445,34,34
2,v4-34-f3-r50-int8-224-288,on-prem,2,calibration,f3-r50-int8-224-288,onnx-inference-int8,288,none,completed,48.0,2,25.9017523603,26,26,29,28.2245195534,15.1816602445,34,34
2,v4-34-f3-r50-int8-224-288,on-prem,3,calibration,f3-r50-int8-224-288,onnx-inference-int8,288,none,completed,48.0,2,25.9017523603,26,26,29,28.2245195534,15.1816602445,34,34
2,v4-34-f3-r50-int8-224-288,public-cloud,1,calibration,f3-r50-int8-224-288,onnx-inference-int8,288,none,completed,17.0,2,14.3594659398,26,26,13,12.6004551664,12.0903975603,14,14
2,v4-34-f3-r50-int8-224-288,public-cloud,2,calibration,f3-r50-int8-224-288,onnx-inference-int8,288,none,completed,18.0,2,14.3594659398,26,26,13,12.6004551664,12.0903975603,14,14
2,v4-34-f3-r50-int8-224-288,public-cloud,3,calibration,f3-r50-int8-224-288,onnx-inference-int8,288,none,completed,19.0,2,14.3594659398,26,26,13,12.6004551664,12.0903975603,14,14
2,v4-35-f3-mnv2-int8-224-1500,edge-1,1,calibration,f3-mnv2-int8-224-1500,onnx-inference-int8,1500,none,completed,18.0,2,22.1037731142,26,26,17,23.6841224984,27.2746585085,17,17
2,v4-35-f3-mnv2-int8-224-1500,edge-1,2,calibration,f3-mnv2-int8-224-1500,onnx-inference-int8,1500,none,completed,17.0,2,22.1037731142,26,26,17,23.6841224984,27.2746585085,17,17
2,v4-35-f3-mnv2-int8-224-1500,edge-1,3,calibration,f3-mnv2-int8-224-1500,onnx-inference-int8,1500,none,completed,16.0,2,22.1037731142,26,26,17,23.6841224984,27.2746585085,17,17
2,v4-35-f3-mnv2-int8-224-1500,edge-2,1,calibration,f3-mnv2-int8-224-1500,onnx-inference-int8,1500,none,completed,67.0,2,70.467596127,26,26,83,81.4873853038,68.1239647233,118,117.5
2,v4-35-f3-mnv2-int8-224-1500,edge-2,2,calibration,f3-mnv2-int8-224-1500,onnx-inference-int8,1500,none,completed,67.0,2,70.467596127,26,26,83,81.4873853038,68.1239647233,118,117.5
2,v4-35-f3-mnv2-int8-224-1500,edge-2,3,calibration,f3-mnv2-int8-224-1500,onnx-inference-int8,1500,none,completed,67.0,2,70.467596127,26,26,83,81.4873853038,68.1239647233,118,117.5
2,v4-35-f3-mnv2-int8-224-1500,on-prem,1,calibration,f3-mnv2-int8-224-1500,onnx-inference-int8,1500,r3-cpu-pressure,completed,28.0,2,29.8774381774,26,26,29,32.2673657568,23.1610972933,48,48
2,v4-35-f3-mnv2-int8-224-1500,on-prem,2,calibration,f3-mnv2-int8-224-1500,onnx-inference-int8,1500,r3-cpu-pressure,completed,30.0,2,29.8774381774,26,26,29,32.2673657568,23.1610972933,48,48
2,v4-35-f3-mnv2-int8-224-1500,on-prem,3,calibration,f3-mnv2-int8-224-1500,onnx-inference-int8,1500,r3-cpu-pressure,completed,30.0,2,29.8774381774,26,26,29,32.2673657568,23.1610972933,48,48
2,v4-35-f3-mnv2-int8-224-1500,public-cloud,1,calibration,f3-mnv2-int8-224-1500,onnx-inference-int8,1500,r3-cpu-pressure,completed,13.0,2,16.3255390457,26,26,13,16.4697778689,18.5454832375,19,18.5
2,v4-35-f3-mnv2-int8-224-1500,public-cloud,2,calibration,f3-mnv2-int8-224-1500,onnx-inference-int8,1500,r3-cpu-pressure,completed,13.0,2,16.3255390457,26,26,13,16.4697778689,18.5454832375,19,18.5
2,v4-35-f3-mnv2-int8-224-1500,public-cloud,3,calibration,f3-mnv2-int8-224-1500,onnx-inference-int8,1500,r3-cpu-pressure,completed,14.0,2,16.3255390457,26,26,13,16.4697778689,18.5454832375,19,18.5
2,v4-36-f5-sf3-q1-r2,edge-1,1,calibration,f5-sf3-q1-r2,duckdb-tpch,3,r3-cpu-pressure,completed,45.0,2,32.6585362461,26,21,21,46.1284807371,54.791414446,24,29.5
2,v4-36-f5-sf3-q1-r2,edge-1,2,calibration,f5-sf3-q1-r2,duckdb-tpch,3,r3-cpu-pressure,completed,48.0,2,32.6585362461,26,21,21,46.1284807371,54.791414446,24,29.5
2,v4-36-f5-sf3-q1-r2,edge-2,1,calibration,f5-sf3-q1-r2,duckdb-tpch,3,r3-cpu-pressure,completed,149.0,2,98.5591625984,26,21,48.5,172.68823875,135.395060717,170,151
2,v4-36-f5-sf3-q1-r2,edge-2,2,calibration,f5-sf3-q1-r2,duckdb-tpch,3,r3-cpu-pressure,completed,122.0,2,98.5591625984,26,21,48.5,172.68823875,135.395060717,170,151
2,v4-36-f5-sf3-q1-r2,on-prem,1,calibration,f5-sf3-q1-r2,duckdb-tpch,3,r3-cpu-pressure,completed,27.0,2,26.3239124504,26,21,19,40.8312476446,46.6745560748,24,24.5
2,v4-36-f5-sf3-q1-r2,on-prem,2,calibration,f5-sf3-q1-r2,duckdb-tpch,3,r3-cpu-pressure,completed,28.0,2,26.3239124504,26,21,19,40.8312476446,46.6745560748,24,24.5
2,v4-36-f5-sf3-q1-r2,public-cloud,1,calibration,f5-sf3-q1-r2,duckdb-tpch,3,none,completed,35.0,2,21.9500925272,26,21,16,29.3025423502,37.5670495549,26,23
2,v4-36-f5-sf3-q1-r2,public-cloud,2,calibration,f5-sf3-q1-r2,duckdb-tpch,3,none,completed,36.0,2,21.9500925272,26,21,16,29.3025423502,37.5670495549,26,23
2,v4-37-f3-r50-fp32-224-224,edge-1,1,calibration,f3-r50-fp32-224-224,onnx-inference-fp32,224,r3-cpu-pressure,completed,45.0,2,31.3986632069,26,29,40,26.2804759887,20.017451009,40,40
2,v4-37-f3-r50-fp32-224-224,edge-1,2,calibration,f3-r50-fp32-224-224,onnx-inference-fp32,224,r3-cpu-pressure,completed,45.0,2,31.3986632069,26,29,40,26.2804759887,20.017451009,40,40
2,v4-37-f3-r50-fp32-224-224,edge-2,1,calibration,f3-r50-fp32-224-224,onnx-inference-fp32,224,none,completed,146.0,2,72.0385776779,26,29,133,86.5304934237,50.3820367337,126,126.5
2,v4-37-f3-r50-fp32-224-224,edge-2,2,calibration,f3-r50-fp32-224-224,onnx-inference-fp32,224,none,completed,142.0,2,72.0385776779,26,29,133,86.5304934237,50.3820367337,126,126.5
2,v4-37-f3-r50-fp32-224-224,on-prem,1,calibration,f3-r50-fp32-224-224,onnx-inference-fp32,224,r1-moderate,completed,28.0,2,21.6724965021,26,29,20,17.4108079295,16.9597104076,24,24.5
2,v4-37-f3-r50-fp32-224-224,on-prem,2,calibration,f3-r50-fp32-224-224,onnx-inference-fp32,224,r1-moderate,completed,29.0,2,21.6724965021,26,29,20,17.4108079295,16.9597104076,24,24.5
2,v4-37-f3-r50-fp32-224-224,public-cloud,1,calibration,f3-r50-fp32-224-224,onnx-inference-fp32,224,none,completed,16.0,2,16.6262275981,26,29,14,10.3254518922,13.5287779963,18,18
2,v4-37-f3-r50-fp32-224-224,public-cloud,2,calibration,f3-r50-fp32-224-224,onnx-inference-fp32,224,none,completed,15.0,2,16.6262275981,26,29,14,10.3254518922,13.5287779963,18,18
2,v4-38-f1-x264-720p-testsrc2-med-800,edge-1,1,calibration,f1-x264-720p-testsrc2-med-800,video-transcode,800,r1-moderate,completed,24.0,2,43.4268661884,26,41.5,33.5,59.086408294,60.745412486,114,114
2,v4-38-f1-x264-720p-testsrc2-med-800,edge-1,2,calibration,f1-x264-720p-testsrc2-med-800,video-transcode,800,r1-moderate,completed,24.0,2,43.4268661884,26,41.5,33.5,59.086408294,60.745412486,114,114
2,v4-38-f1-x264-720p-testsrc2-med-800,edge-2,1,calibration,f1-x264-720p-testsrc2-med-800,video-transcode,800,none,completed,54.0,2,91.3816227872,26,41.5,87,135.130390019,149.950990733,210,211.5
2,v4-38-f1-x264-720p-testsrc2-med-800,edge-2,2,calibration,f1-x264-720p-testsrc2-med-800,video-transcode,800,none,completed,54.0,2,91.3816227872,26,41.5,87,135.130390019,149.950990733,210,211.5
2,v4-38-f1-x264-720p-testsrc2-med-800,on-prem,1,calibration,f1-x264-720p-testsrc2-med-800,video-transcode,800,none,completed,19.0,2,35.6004342088,26,41.5,29,49.9515282107,51.7623319674,68,68
2,v4-38-f1-x264-720p-testsrc2-med-800,on-prem,2,calibration,f1-x264-720p-testsrc2-med-800,video-transcode,800,none,completed,19.0,2,35.6004342088,26,41.5,29,49.9515282107,51.7623319674,68,68
2,v4-38-f1-x264-720p-testsrc2-med-800,public-cloud,1,calibration,f1-x264-720p-testsrc2-med-800,video-transcode,800,r3-cpu-pressure,completed,17.0,2,30.8884660456,26,41.5,29,44.1851061106,41.6828824253,51,51.5
2,v4-38-f1-x264-720p-testsrc2-med-800,public-cloud,2,calibration,f1-x264-720p-testsrc2-med-800,video-transcode,800,r3-cpu-pressure,completed,17.0,2,30.8884660456,26,41.5,29,44.1851061106,41.6828824253,51,51.5
2,v4-39-f4-cc-kron-21-n1,edge-1,1,calibration,f4-cc-kron-21-n1,graph-kernel,21,r3-cpu-pressure,completed,15.0,2,33.5055394402,26,17,17,15.4272486205,17.7899087977,13,13.5
2,v4-39-f4-cc-kron-21-n1,edge-1,2,calibration,f4-cc-kron-21-n1,graph-kernel,21,r3-cpu-pressure,completed,14.0,2,33.5055394402,26,17,17,15.4272486205,17.7899087977,13,13.5
2,v4-39-f4-cc-kron-21-n1,edge-2,1,calibration,f4-cc-kron-21-n1,graph-kernel,21,none,completed,36.0,2,54.4123509078,26,17,36,35.7473528132,44.936292829,32,32
2,v4-39-f4-cc-kron-21-n1,edge-2,2,calibration,f4-cc-kron-21-n1,graph-kernel,21,none,completed,35.0,2,54.4123509078,26,17,36,35.7473528132,44.936292829,32,32
2,v4-39-f4-cc-kron-21-n1,on-prem,1,calibration,f4-cc-kron-21-n1,graph-kernel,21,r3-cpu-pressure,completed,11.0,2,21.9032697094,26,17,13.5,12.4497700445,15.0562439493,10,10
2,v4-39-f4-cc-kron-21-n1,on-prem,2,calibration,f4-cc-kron-21-n1,graph-kernel,21,r3-cpu-pressure,completed,11.0,2,21.9032697094,26,17,13.5,12.4497700445,15.0562439493,10,10
2,v4-39-f4-cc-kron-21-n1,public-cloud,1,calibration,f4-cc-kron-21-n1,graph-kernel,21,r1-moderate,completed,11.0,2,18.392943403,26,17,13,11.9582607431,11.988940161,12,12
2,v4-39-f4-cc-kron-21-n1,public-cloud,2,calibration,f4-cc-kron-21-n1,graph-kernel,21,r1-moderate,completed,12.0,2,18.392943403,26,17,13,11.9582607431,11.988940161,12,12
2,v4-40-f4-pr-kron-21-n1,edge-1,1,calibration,f4-pr-kron-21-n1,graph-kernel,21,r2-heavy,completed,25.0,2,33.7375235824,26,17,17,15.4272486205,17.7899087977,14,14.5
2,v4-40-f4-pr-kron-21-n1,edge-1,2,calibration,f4-pr-kron-21-n1,graph-kernel,21,r2-heavy,completed,25.0,2,33.7375235824,26,17,17,15.4272486205,17.7899087977,14,14.5
2,v4-40-f4-pr-kron-21-n1,edge-2,1,calibration,f4-pr-kron-21-n1,graph-kernel,21,r3-cpu-pressure,completed,55.0,2,55.8719550825,26,17,36,35.7473528132,44.936292829,35,35.5
2,v4-40-f4-pr-kron-21-n1,edge-2,2,calibration,f4-pr-kron-21-n1,graph-kernel,21,r3-cpu-pressure,completed,54.0,2,55.8719550825,26,17,36,35.7473528132,44.936292829,35,35.5
2,v4-40-f4-pr-kron-21-n1,on-prem,1,calibration,f4-pr-kron-21-n1,graph-kernel,21,none,completed,12.0,2,22.2754000786,26,17,13.5,12.4497700445,15.0562439493,11,11
2,v4-40-f4-pr-kron-21-n1,on-prem,2,calibration,f4-pr-kron-21-n1,graph-kernel,21,none,completed,14.0,2,22.2754000786,26,17,13.5,12.4497700445,15.0562439493,11,11
2,v4-40-f4-pr-kron-21-n1,public-cloud,1,calibration,f4-pr-kron-21-n1,graph-kernel,21,none,completed,12.0,2,18.5563853704,26,17,13,11.9582607431,11.988940161,12,11.5
2,v4-40-f4-pr-kron-21-n1,public-cloud,2,calibration,f4-pr-kron-21-n1,graph-kernel,21,none,completed,12.0,2,18.5563853704,26,17,13,11.9582607431,11.988940161,12,11.5
2,v4-41-f5-sf3-q21-r2,edge-1,1,calibration,f5-sf3-q21-r2,duckdb-tpch,3,none,completed,33.0,2,24.4826179815,26,21,21,46.1284807371,61.1814028359,48,46.5
2,v4-41-f5-sf3-q21-r2,edge-1,2,calibration,f5-sf3-q21-r2,duckdb-tpch,3,none,completed,46.0,2,24.4826179815,26,21,21,46.1284807371,61.1814028359,48,46.5
2,v4-41-f5-sf3-q21-r2,edge-2,1,calibration,f5-sf3-q21-r2,duckdb-tpch,3,none,completed,147.0,2,97.6100976422,26,21,48.5,172.68823875,151.016870328,122,135.5
2,v4-41-f5-sf3-q21-r2,edge-2,2,calibration,f5-sf3-q21-r2,duckdb-tpch,3,none,completed,134.0,2,97.6100976422,26,21,48.5,172.68823875,151.016870328,122,135.5
2,v4-41-f5-sf3-q21-r2,on-prem,1,calibration,f5-sf3-q21-r2,duckdb-tpch,3,none,completed,28.0,2,24.4935519572,26,21,19,40.8312476446,52.1348919139,28,27.5
2,v4-41-f5-sf3-q21-r2,on-prem,2,calibration,f5-sf3-q21-r2,duckdb-tpch,3,none,completed,28.0,2,24.4935519572,26,21,19,40.8312476446,52.1348919139,28,27.5
2,v4-41-f5-sf3-q21-r2,public-cloud,1,calibration,f5-sf3-q21-r2,duckdb-tpch,3,none,completed,25.0,2,17.0742800275,26,21,16,29.3025423502,41.9842704004,36,35.5
2,v4-41-f5-sf3-q21-r2,public-cloud,2,calibration,f5-sf3-q21-r2,duckdb-tpch,3,none,completed,24.0,2,17.0742800275,26,21,16,29.3025423502,41.9842704004,36,35.5
2,v4-42-f3-mnv2-int8-224-2000,edge-1,1,calibration,f3-mnv2-int8-224-2000,onnx-inference-int8,2000,none,completed,19.0,2,24.5607049981,26,26,17,26.6216831835,32.6128491593,16,16.5
2,v4-42-f3-mnv2-int8-224-2000,edge-1,2,calibration,f3-mnv2-int8-224-2000,onnx-inference-int8,2000,none,completed,19.0,2,24.5607049981,26,26,17,26.6216831835,32.6128491593,16,16.5
2,v4-42-f3-mnv2-int8-224-2000,edge-1,3,calibration,f3-mnv2-int8-224-2000,onnx-inference-int8,2000,none,completed,19.0,2,24.5607049981,26,26,17,26.6216831835,32.6128491593,16,16.5
2,v4-42-f3-mnv2-int8-224-2000,edge-2,1,calibration,f3-mnv2-int8-224-2000,onnx-inference-int8,2000,r1-moderate,completed,91.0,2,75.2118551188,26,26,83,86.7451183752,81.1744106594,67,67
2,v4-42-f3-mnv2-int8-224-2000,edge-2,2,calibration,f3-mnv2-int8-224-2000,onnx-inference-int8,2000,r1-moderate,completed,91.0,2,75.2118551188,26,26,83,86.7451183752,81.1744106594,67,67
2,v4-42-f3-mnv2-int8-224-2000,edge-2,3,calibration,f3-mnv2-int8-224-2000,onnx-inference-int8,2000,r1-moderate,completed,92.0,2,75.2118551188,26,26,83,86.7451183752,81.1744106594,67,67
2,v4-42-f3-mnv2-int8-224-2000,on-prem,1,calibration,f3-mnv2-int8-224-2000,onnx-inference-int8,2000,none,completed,36.0,2,31.1138375459,26,26,29,33.0292151919,27.7226570252,30,30
2,v4-42-f3-mnv2-int8-224-2000,on-prem,2,calibration,f3-mnv2-int8-224-2000,onnx-inference-int8,2000,none,completed,36.0,2,31.1138375459,26,26,29,33.0292151919,27.7226570252,30,30
2,v4-42-f3-mnv2-int8-224-2000,on-prem,3,calibration,f3-mnv2-int8-224-2000,onnx-inference-int8,2000,none,completed,37.0,2,31.1138375459,26,26,29,33.0292151919,27.7226570252,30,30
2,v4-42-f3-mnv2-int8-224-2000,public-cloud,1,calibration,f3-mnv2-int8-224-2000,onnx-inference-int8,2000,r2-heavy,completed,22.0,2,17.1723164441,26,26,13,17.2568704372,22.235625626,14,13.5
2,v4-42-f3-mnv2-int8-224-2000,public-cloud,2,calibration,f3-mnv2-int8-224-2000,onnx-inference-int8,2000,r2-heavy,completed,22.0,2,17.1723164441,26,26,13,17.2568704372,22.235625626,14,13.5
2,v4-42-f3-mnv2-int8-224-2000,public-cloud,3,calibration,f3-mnv2-int8-224-2000,onnx-inference-int8,2000,r2-heavy,completed,22.0,2,17.1723164441,26,26,13,17.2568704372,22.235625626,14,13.5
2,v4-43-f0-cpu-45k,edge-1,1,calibration,f0-cpu-45k,stress-ng-cpu,45000,none,completed,82.0,2,59.6715600471,26,51,81.5,81.4984662432,42.6451571105,83,82.5
2,v4-43-f0-cpu-45k,edge-1,2,calibration,f0-cpu-45k,stress-ng-cpu,45000,none,completed,82.0,2,59.6715600471,26,51,81.5,81.4984662432,42.6451571105,83,82.5
2,v4-43-f0-cpu-45k,edge-2,1,calibration,f0-cpu-45k,stress-ng-cpu,45000,none,completed,148.0,2,103.265008198,26,51,156,155.740168229,105.70071575,166,165.5
2,v4-43-f0-cpu-45k,edge-2,2,calibration,f0-cpu-45k,stress-ng-cpu,45000,none,completed,147.0,2,103.265008198,26,51,156,155.740168229,105.70071575,166,165.5
2,v4-43-f0-cpu-45k,on-prem,1,calibration,f0-cpu-45k,stress-ng-cpu,45000,none,completed,21.0,2,22.4467687575,26,51,20.5,20.4939015319,36.2954066628,21,20.5
2,v4-43-f0-cpu-45k,on-prem,2,calibration,f0-cpu-45k,stress-ng-cpu,45000,none,completed,22.0,2,22.4467687575,26,51,20.5,20.4939015319,36.2954066628,21,20.5
2,v4-43-f0-cpu-45k,public-cloud,1,calibration,f0-cpu-45k,stress-ng-cpu,45000,r2-heavy,completed,19.0,2,20.1419798799,26,51,18,18,29.1706804502,18,18
2,v4-43-f0-cpu-45k,public-cloud,2,calibration,f0-cpu-45k,stress-ng-cpu,45000,r2-heavy,completed,20.0,2,20.1419798799,26,51,18,18,29.1706804502,18,18
2,v4-44-f0-cpu-45k,edge-1,1,test,f0-cpu-45k,stress-ng-cpu,45000,r3-cpu-pressure,completed,82.0,2,63.5593518822,26,51,81.5,81.4984662432,42.6451571105,82,82
2,v4-44-f0-cpu-45k,edge-1,2,test,f0-cpu-45k,stress-ng-cpu,45000,r3-cpu-pressure,completed,82.0,2,63.5593518822,26,51,81.5,81.4984662432,42.6451571105,82,82
2,v4-44-f0-cpu-45k,edge-2,1,test,f0-cpu-45k,stress-ng-cpu,45000,none,completed,148.0,2,104.30240218,26,51,156,155.740168229,105.70071575,147,147.5
2,v4-44-f0-cpu-45k,edge-2,2,test,f0-cpu-45k,stress-ng-cpu,45000,none,completed,147.0,2,104.30240218,26,51,156,155.740168229,105.70071575,147,147.5
2,v4-44-f0-cpu-45k,on-prem,1,test,f0-cpu-45k,stress-ng-cpu,45000,r3-cpu-pressure,completed,21.0,2,23.7681252567,26,51,20.5,20.4939015319,36.2954066628,22,21.5
2,v4-44-f0-cpu-45k,on-prem,2,test,f0-cpu-45k,stress-ng-cpu,45000,r3-cpu-pressure,completed,22.0,2,23.7681252567,26,51,20.5,20.4939015319,36.2954066628,22,21.5
2,v4-44-f0-cpu-45k,public-cloud,1,test,f0-cpu-45k,stress-ng-cpu,45000,r1-moderate,completed,18.0,2,21.1249704676,26,51,18,18,29.1706804502,20,19.5
2,v4-44-f0-cpu-45k,public-cloud,2,test,f0-cpu-45k,stress-ng-cpu,45000,r1-moderate,completed,19.0,2,21.1249704676,26,51,18,18,29.1706804502,20,19.5
2,v4-45-f3-r50-int8-224-128,edge-1,1,test,f3-r50-int8-224-128,onnx-inference-int8,128,r3-cpu-pressure,completed,9.0,2,19.4247904076,26,26,17,8.71038477499,17.166878418,19,19
2,v4-45-f3-r50-int8-224-128,edge-1,2,test,f3-r50-int8-224-128,onnx-inference-int8,128,r3-cpu-pressure,completed,10.0,2,19.4247904076,26,26,17,8.71038477499,17.166878418,19,19
2,v4-45-f3-r50-int8-224-128,edge-1,3,test,f3-r50-int8-224-128,onnx-inference-int8,128,r3-cpu-pressure,completed,10.0,2,19.4247904076,26,26,17,8.71038477499,17.166878418,19,19
2,v4-45-f3-r50-int8-224-128,edge-2,1,test,f3-r50-int8-224-128,onnx-inference-int8,128,none,completed,48.0,2,51.8610644705,26,26,83,47.7282651864,43.4131504724,92,91.5
2,v4-45-f3-r50-int8-224-128,edge-2,2,test,f3-r50-int8-224-128,onnx-inference-int8,128,none,completed,46.0,2,51.8610644705,26,26,83,47.7282651864,43.4131504724,92,91.5
2,v4-45-f3-r50-int8-224-128,edge-2,3,test,f3-r50-int8-224-128,onnx-inference-int8,128,none,completed,47.0,2,51.8610644705,26,26,83,47.7282651864,43.4131504724,92,91.5
2,v4-45-f3-r50-int8-224-128,on-prem,1,test,f3-r50-int8-224-128,onnx-inference-int8,128,none,completed,26.0,2,26.2133904569,26,26,29,26.4276364041,14.5238556406,37,36.5
2,v4-45-f3-r50-int8-224-128,on-prem,2,test,f3-r50-int8-224-128,onnx-inference-int8,128,none,completed,25.0,2,26.2133904569,26,26,29,26.4276364041,14.5238556406,37,36.5
2,v4-45-f3-r50-int8-224-128,on-prem,3,test,f3-r50-int8-224-128,onnx-inference-int8,128,none,completed,24.0,2,26.2133904569,26,26,29,26.4276364041,14.5238556406,37,36.5
2,v4-45-f3-r50-int8-224-128,public-cloud,1,test,f3-r50-int8-224-128,onnx-inference-int8,128,r2-heavy,completed,14.0,2,15.1922925143,26,26,13,11.0467926146,11.5582566272,22,22
2,v4-45-f3-r50-int8-224-128,public-cloud,2,test,f3-r50-int8-224-128,onnx-inference-int8,128,r2-heavy,completed,15.0,2,15.1922925143,26,26,13,11.0467926146,11.5582566272,22,22
2,v4-45-f3-r50-int8-224-128,public-cloud,3,test,f3-r50-int8-224-128,onnx-inference-int8,128,r2-heavy,completed,16.0,2,15.1922925143,26,26,13,11.0467926146,11.5582566272,22,22
2,v4-46-f3-r50-int8-224-192,edge-1,1,test,f3-r50-int8-224-192,onnx-inference-int8,192,none,completed,12.0,2,18.9903038239,26,26,17,10.2708221816,17.4421529345,10,10
2,v4-46-f3-r50-int8-224-192,edge-1,2,test,f3-r50-int8-224-192,onnx-inference-int8,192,none,completed,11.0,2,18.9903038239,26,26,17,10.2708221816,17.4421529345,10,10
2,v4-46-f3-r50-int8-224-192,edge-1,3,test,f3-r50-int8-224-192,onnx-inference-int8,192,none,completed,12.0,2,18.9903038239,26,26,17,10.2708221816,17.4421529345,10,10
2,v4-46-f3-r50-int8-224-192,edge-2,1,test,f3-r50-int8-224-192,onnx-inference-int8,192,none,completed,64.0,2,52.4967658471,26,26,83,52.1252312248,44.086122914,47,46.5
2,v4-46-f3-r50-int8-224-192,edge-2,2,test,f3-r50-int8-224-192,onnx-inference-int8,192,none,completed,64.0,2,52.4967658471,26,26,83,52.1252312248,44.086122914,47,46.5
2,v4-46-f3-r50-int8-224-192,edge-2,3,test,f3-r50-int8-224-192,onnx-inference-int8,192,none,completed,65.0,2,52.4967658471,26,26,83,52.1252312248,44.086122914,47,46.5
2,v4-46-f3-r50-int8-224-192,on-prem,1,test,f3-r50-int8-224-192,onnx-inference-int8,192,none,completed,35.0,2,26.707885429,26,26,29,27.311304261,14.7590816248,24,24.5
2,v4-46-f3-r50-int8-224-192,on-prem,2,test,f3-r50-int8-224-192,onnx-inference-int8,192,none,completed,34.0,2,26.707885429,26,26,29,27.311304261,14.7590816248,24,24.5
2,v4-46-f3-r50-int8-224-192,on-prem,3,test,f3-r50-int8-224-192,onnx-inference-int8,192,none,completed,35.0,2,26.707885429,26,26,29,27.311304261,14.7590816248,24,24.5
2,v4-46-f3-r50-int8-224-192,public-cloud,1,test,f3-r50-int8-224-192,onnx-inference-int8,192,none,completed,13.0,2,14.6910325541,26,26,13,11.7980767531,11.7485462268,16,15.5
2,v4-46-f3-r50-int8-224-192,public-cloud,2,test,f3-r50-int8-224-192,onnx-inference-int8,192,none,completed,13.0,2,14.6910325541,26,26,13,11.7980767531,11.7485462268,16,15.5
2,v4-46-f3-r50-int8-224-192,public-cloud,3,test,f3-r50-int8-224-192,onnx-inference-int8,192,none,completed,14.0,2,14.6910325541,26,26,13,11.7980767531,11.7485462268,16,15.5
2,v4-47-f3-r50-fp32-224-288,edge-1,1,test,f3-r50-fp32-224-288,onnx-inference-fp32,288,r2-heavy,completed,81.0,2,31.6571972861,26,29,40,28.4295531927,20.5016885043,45,45
2,v4-47-f3-r50-fp32-224-288,edge-1,2,test,f3-r50-fp32-224-288,onnx-inference-fp32,288,r2-heavy,completed,81.0,2,31.6571972861,26,29,40,28.4295531927,20.5016885043,45,45
2,v4-47-f3-r50-fp32-224-288,edge-2,1,test,f3-r50-fp32-224-288,onnx-inference-fp32,288,r1-moderate,completed,188.0,2,74.4680120513,26,29,133,93.3064347626,51.5658676731,142,144
2,v4-47-f3-r50-fp32-224-288,edge-2,2,test,f3-r50-fp32-224-288,onnx-inference-fp32,288,r1-moderate,completed,185.0,2,74.4680120513,26,29,133,93.3064347626,51.5658676731,142,144
2,v4-47-f3-r50-fp32-224-288,on-prem,1,test,f3-r50-fp32-224-288,onnx-inference-fp32,288,none,completed,33.0,2,21.8560081232,26,29,20,18.140034989,17.3734982251,29,28.5
2,v4-47-f3-r50-fp32-224-288,on-prem,2,test,f3-r50-fp32-224-288,onnx-inference-fp32,288,none,completed,33.0,2,21.8560081232,26,29,20,18.140034989,17.3734982251,29,28.5
2,v4-47-f3-r50-fp32-224-288,public-cloud,1,test,f3-r50-fp32-224-288,onnx-inference-fp32,288,r3-cpu-pressure,completed,19.0,2,16.7068232342,26,29,14,11.169565809,13.8635178781,15,15.5
2,v4-47-f3-r50-fp32-224-288,public-cloud,2,test,f3-r50-fp32-224-288,onnx-inference-fp32,288,r3-cpu-pressure,completed,18.0,2,16.7068232342,26,29,14,11.169565809,13.8635178781,15,15.5
2,v4-48-f1-x264-720p-testsrc2-veryfast-2400,edge-1,1,test,f1-x264-720p-testsrc2-veryfast-2400,video-transcode,2400,none,completed,30.0,2,40.5096720411,26,41.5,33.5,33.7122033119,51.0828388958,24,24
2,v4-48-f1-x264-720p-testsrc2-veryfast-2400,edge-1,2,test,f1-x264-720p-testsrc2-veryfast-2400,video-transcode,2400,none,completed,30.0,2,40.5096720411,26,41.5,33.5,33.7122033119,51.0828388958,24,24
2,v4-48-f1-x264-720p-testsrc2-veryfast-2400,edge-2,1,test,f1-x264-720p-testsrc2-veryfast-2400,video-transcode,2400,none,completed,74.0,2,98.2640894574,26,41.5,87,104.834897508,126.328587096,54,54
2,v4-48-f1-x264-720p-testsrc2-veryfast-2400,edge-2,2,test,f1-x264-720p-testsrc2-veryfast-2400,video-transcode,2400,none,completed,75.0,2,98.2640894574,26,41.5,87,104.834897508,126.328587096,54,54
2,v4-48-f1-x264-720p-testsrc2-veryfast-2400,on-prem,1,test,f1-x264-720p-testsrc2-veryfast-2400,video-transcode,2400,none,completed,26.0,2,35.5180577091,26,41.5,29,30.2062805505,43.5055255927,19,19
2,v4-48-f1-x264-720p-testsrc2-veryfast-2400,on-prem,2,test,f1-x264-720p-testsrc2-veryfast-2400,video-transcode,2400,none,completed,27.0,2,35.5180577091,26,41.5,29,30.2062805505,43.5055255927,19,19
2,v4-48-f1-x264-720p-testsrc2-veryfast-2400,public-cloud,1,test,f1-x264-720p-testsrc2-veryfast-2400,video-transcode,2400,none,completed,22.0,2,29.2141213611,26,41.5,29,24.9524218618,35.003414658,17,17
2,v4-48-f1-x264-720p-testsrc2-veryfast-2400,public-cloud,2,test,f1-x264-720p-testsrc2-veryfast-2400,video-transcode,2400,none,completed,20.0,2,29.2141213611,26,41.5,29,24.9524218618,35.003414658,17,17
2,v4-49-f4-pr-kron-22-n1,edge-1,1,test,f4-pr-kron-22-n1,graph-kernel,22,none,completed,33.0,2,41.1544957948,26,17,17,78.6638417572,47.4846820698,25,25
2,v4-49-f4-pr-kron-22-n1,edge-1,2,test,f4-pr-kron-22-n1,graph-kernel,22,none,completed,34.0,2,41.1544957948,26,17,17,78.6638417572,47.4846820698,25,25
2,v4-49-f4-pr-kron-22-n1,edge-2,1,test,f4-pr-kron-22-n1,graph-kernel,22,none,completed,104.0,2,68.3624659464,26,17,36,157.327683514,117.532057673,54,54.5
2,v4-49-f4-pr-kron-22-n1,edge-2,2,test,f4-pr-kron-22-n1,graph-kernel,22,none,completed,104.0,2,68.3624659464,26,17,36,157.327683514,117.532057673,54,54.5
2,v4-49-f4-pr-kron-22-n1,on-prem,1,test,f4-pr-kron-22-n1,graph-kernel,22,none,completed,26.0,2,27.7357535619,26,17,13.5,25,40.4308494786,14,13
2,v4-49-f4-pr-kron-22-n1,on-prem,2,test,f4-pr-kron-22-n1,graph-kernel,22,none,completed,24.0,2,27.7357535619,26,17,13.5,25,40.4308494786,14,13
2,v4-49-f4-pr-kron-22-n1,public-cloud,1,test,f4-pr-kron-22-n1,graph-kernel,22,r2-heavy,completed,26.0,2,22.9968594986,26,17,13,17.4928556845,32.5161091471,12,12
2,v4-49-f4-pr-kron-22-n1,public-cloud,2,test,f4-pr-kron-22-n1,graph-kernel,22,r2-heavy,completed,26.0,2,22.9968594986,26,17,13,17.4928556845,32.5161091471,12,12
2,v4-50-f2-mixed-zstd1-aes-1024,edge-1,1,test,f2-mixed-zstd1-aes-1024,compress-encrypt,1024,r3-cpu-pressure,completed,29.0,2,21.0816408353,26,14,13,15.4806233545,18.5645038157,125,124.5
2,v4-50-f2-mixed-zstd1-aes-1024,edge-1,2,test,f2-mixed-zstd1-aes-1024,compress-encrypt,1024,r3-cpu-pressure,completed,29.0,2,21.0816408353,26,14,13,15.4806233545,18.5645038157,125,124.5
2,v4-50-f2-mixed-zstd1-aes-1024,edge-1,3,test,f2-mixed-zstd1-aes-1024,compress-encrypt,1024,r3-cpu-pressure,completed,30.0,2,21.0816408353,26,14,13,15.4806233545,18.5645038157,125,124.5
2,v4-50-f2-mixed-zstd1-aes-1024,edge-2,1,test,f2-mixed-zstd1-aes-1024,compress-encrypt,1024,none,completed,106.0,2,59.5010786591,26,14,43,53.5926086646,46.829970119,439,438.5
2,v4-50-f2-mixed-zstd1-aes-1024,edge-2,2,test,f2-mixed-zstd1-aes-1024,compress-encrypt,1024,none,completed,106.0,2,59.5010786591,26,14,43,53.5926086646,46.829970119,439,438.5
2,v4-50-f2-mixed-zstd1-aes-1024,edge-2,3,test,f2-mixed-zstd1-aes-1024,compress-encrypt,1024,none,completed,105.0,2,59.5010786591,26,14,43,53.5926086646,46.829970119,439,438.5
2,v4-50-f2-mixed-zstd1-aes-1024,on-prem,1,test,f2-mixed-zstd1-aes-1024,compress-encrypt,1024,none,completed,26.0,2,19.0729091694,26,14,14,15.6377327498,15.7181463941,60,60
2,v4-50-f2-mixed-zstd1-aes-1024,on-prem,2,test,f2-mixed-zstd1-aes-1024,compress-encrypt,1024,none,completed,27.0,2,19.0729091694,26,14,14,15.6377327498,15.7181463941,60,60
2,v4-50-f2-mixed-zstd1-aes-1024,on-prem,3,test,f2-mixed-zstd1-aes-1024,compress-encrypt,1024,none,completed,26.0,2,19.0729091694,26,14,14,15.6377327498,15.7181463941,60,60
2,v4-50-f2-mixed-zstd1-aes-1024,public-cloud,1,test,f2-mixed-zstd1-aes-1024,compress-encrypt,1024,r2-heavy,completed,28.0,2,16.3162092258,26,14,11,12.8933165602,12.5243961042,46,46.5
2,v4-50-f2-mixed-zstd1-aes-1024,public-cloud,2,test,f2-mixed-zstd1-aes-1024,compress-encrypt,1024,r2-heavy,completed,28.0,2,16.3162092258,26,14,11,12.8933165602,12.5243961042,46,46.5
2,v4-50-f2-mixed-zstd1-aes-1024,public-cloud,3,test,f2-mixed-zstd1-aes-1024,compress-encrypt,1024,r2-heavy,completed,29.0,2,16.3162092258,26,14,11,12.8933165602,12.5243961042,46,46.5
2,v4-51-f2-random-zstd1-aes-1152,edge-1,1,test,f2-random-zstd1-aes-1152,compress-encrypt,1152,r1-moderate,completed,13.0,2,19.3377491226,26,14,13,16.8335202705,20.4330392022,30,29.5
2,v4-51-f2-random-zstd1-aes-1152,edge-1,2,test,f2-random-zstd1-aes-1152,compress-encrypt,1152,r1-moderate,completed,13.0,2,19.3377491226,26,14,13,16.8335202705,20.4330392022,30,29.5
2,v4-51-f2-random-zstd1-aes-1152,edge-1,3,test,f2-random-zstd1-aes-1152,compress-encrypt,1152,r1-moderate,completed,14.0,2,19.3377491226,26,14,13,16.8335202705,20.4330392022,30,29.5
2,v4-51-f2-random-zstd1-aes-1152,edge-2,1,test,f2-random-zstd1-aes-1152,compress-encrypt,1152,r3-cpu-pressure,completed,52.0,2,51.0874795626,26,14,43,61.4178774679,51.3980385218,105,105.5
2,v4-51-f2-random-zstd1-aes-1152,edge-2,2,test,f2-random-zstd1-aes-1152,compress-encrypt,1152,r3-cpu-pressure,completed,52.0,2,51.0874795626,26,14,43,61.4178774679,51.3980385218,105,105.5
2,v4-51-f2-random-zstd1-aes-1152,edge-2,3,test,f2-random-zstd1-aes-1152,compress-encrypt,1152,r3-cpu-pressure,completed,51.0,2,51.0874795626,26,14,43,61.4178774679,51.3980385218,105,105.5
2,v4-51-f2-random-zstd1-aes-1152,on-prem,1,test,f2-random-zstd1-aes-1152,compress-encrypt,1152,r3-cpu-pressure,completed,14.0,2,18.5862797055,26,14,14,17.4962787831,17.3148364214,26,26.5
2,v4-51-f2-random-zstd1-aes-1152,on-prem,2,test,f2-random-zstd1-aes-1152,compress-encrypt,1152,r3-cpu-pressure,completed,13.0,2,18.5862797055,26,14,14,17.4962787831,17.3148364214,26,26.5
2,v4-51-f2-random-zstd1-aes-1152,on-prem,3,test,f2-random-zstd1-aes-1152,compress-encrypt,1152,r3-cpu-pressure,completed,14.0,2,18.5862797055,26,14,14,17.4962787831,17.3148364214,26,26.5
2,v4-51-f2-random-zstd1-aes-1152,public-cloud,1,test,f2-random-zstd1-aes-1152,compress-encrypt,1152,none,completed,11.0,2,15.3712424365,26,14,11,14.2388429209,13.8160625292,29,28.5
2,v4-51-f2-random-zstd1-aes-1152,public-cloud,2,test,f2-random-zstd1-aes-1152,compress-encrypt,1152,none,completed,11.0,2,15.3712424365,26,14,11,14.2388429209,13.8160625292,29,28.5
2,v4-51-f2-random-zstd1-aes-1152,public-cloud,3,test,f2-random-zstd1-aes-1152,compress-encrypt,1152,none,completed,12.0,2,15.3712424365,26,14,11,14.2388429209,13.8160625292,29,28.5
2,v4-52-f3-r50-fp32-224-384,edge-1,1,test,f3-r50-fp32-224-384,onnx-inference-fp32,384,r2-heavy,completed,110.0,2,34.7960327859,26,29,40,31.1061863889,21.2727440642,81,81
2,v4-52-f3-r50-fp32-224-384,edge-1,2,test,f3-r50-fp32-224-384,onnx-inference-fp32,384,r2-heavy,completed,112.0,2,34.7960327859,26,29,40,31.1061863889,21.2727440642,81,81
2,v4-52-f3-r50-fp32-224-384,edge-2,1,test,f3-r50-fp32-224-384,onnx-inference-fp32,384,none,completed,230.0,2,82.0565601015,26,29,133,101.716675366,53.4508919362,185,186.5
2,v4-52-f3-r50-fp32-224-384,edge-2,2,test,f3-r50-fp32-224-384,onnx-inference-fp32,384,none,completed,235.0,2,82.0565601015,26,29,133,101.716675366,53.4508919362,185,186.5
2,v4-52-f3-r50-fp32-224-384,on-prem,1,test,f3-r50-fp32-224-384,onnx-inference-fp32,384,none,completed,41.0,2,23.450820865,26,29,20,19.0123555466,18.0323761527,33,33
2,v4-52-f3-r50-fp32-224-384,on-prem,2,test,f3-r50-fp32-224-384,onnx-inference-fp32,384,none,completed,42.0,2,23.450820865,26,29,20,19.0123555466,18.0323761527,33,33
2,v4-52-f3-r50-fp32-224-384,public-cloud,1,test,f3-r50-fp32-224-384,onnx-inference-fp32,384,r2-heavy,completed,30.0,2,17.8129505679,26,29,14,12.220868089,14.3965270925,18,18.5
2,v4-52-f3-r50-fp32-224-384,public-cloud,2,test,f3-r50-fp32-224-384,onnx-inference-fp32,384,r2-heavy,completed,29.0,2,17.8129505679,26,29,14,12.220868089,14.3965270925,18,18.5
2,v4-53-f0-cpu-45k,edge-1,1,test,f0-cpu-45k,stress-ng-cpu,45000,none,completed,82.0,2,59.6259180926,26,51,81.5,81.4984662432,42.6451571105,82,82
2,v4-53-f0-cpu-45k,edge-1,2,test,f0-cpu-45k,stress-ng-cpu,45000,none,completed,82.0,2,59.6259180926,26,51,81.5,81.4984662432,42.6451571105,82,82
2,v4-53-f0-cpu-45k,edge-2,1,test,f0-cpu-45k,stress-ng-cpu,45000,r2-heavy,completed,165.0,2,101.799934761,26,51,156,155.740168229,105.70071575,147,147.5
2,v4-53-f0-cpu-45k,edge-2,2,test,f0-cpu-45k,stress-ng-cpu,45000,r2-heavy,completed,165.0,2,101.799934761,26,51,156,155.740168229,105.70071575,147,147.5
2,v4-53-f0-cpu-45k,on-prem,1,test,f0-cpu-45k,stress-ng-cpu,45000,r1-moderate,completed,21.0,2,22.6581298129,26,51,20.5,20.4939015319,36.2954066628,22,21.5
2,v4-53-f0-cpu-45k,on-prem,2,test,f0-cpu-45k,stress-ng-cpu,45000,r1-moderate,completed,21.0,2,22.6581298129,26,51,20.5,20.4939015319,36.2954066628,22,21.5
2,v4-53-f0-cpu-45k,public-cloud,1,test,f0-cpu-45k,stress-ng-cpu,45000,r2-heavy,completed,20.0,2,19.5747088054,26,51,18,18,29.1706804502,19,18.5
2,v4-53-f0-cpu-45k,public-cloud,2,test,f0-cpu-45k,stress-ng-cpu,45000,r2-heavy,completed,20.0,2,19.5747088054,26,51,18,18,29.1706804502,19,18.5
2,v4-54-f5-sf1-q1-r2,edge-1,1,test,f5-sf1-q1-r2,duckdb-tpch,1,r2-heavy,completed,23.0,2,26.3772898879,26,21,21,19.3829997351,18.653420015,46,39.5
2,v4-54-f5-sf1-q1-r2,edge-1,2,test,f5-sf1-q1-r2,duckdb-tpch,1,r2-heavy,completed,21.0,2,26.3772898879,26,21,21,19.3829997351,18.653420015,46,39.5
2,v4-54-f5-sf1-q1-r2,edge-2,1,test,f5-sf1-q1-r2,duckdb-tpch,1,r2-heavy,completed,54.0,2,51.1511711668,26,21,48.5,47.2020562163,47.0473464038,134,140.5
2,v4-54-f5-sf1-q1-r2,edge-2,2,test,f5-sf1-q1-r2,duckdb-tpch,1,r2-heavy,completed,55.0,2,51.1511711668,26,21,48.5,47.2020562163,47.0473464038,134,140.5
2,v4-54-f5-sf1-q1-r2,on-prem,1,test,f5-sf1-q1-r2,duckdb-tpch,1,none,completed,16.0,2,21.2145246905,26,21,19,15.0996688705,15.7941265493,28,28
2,v4-54-f5-sf1-q1-r2,on-prem,2,test,f5-sf1-q1-r2,duckdb-tpch,1,none,completed,12.0,2,21.2145246905,26,21,19,15.0996688705,15.7941265493,28,28
2,v4-54-f5-sf1-q1-r2,public-cloud,1,test,f5-sf1-q1-r2,duckdb-tpch,1,r3-cpu-pressure,completed,16.0,2,18.1501423076,26,21,16,13.8564064606,12.5858613941,24,24.5
2,v4-54-f5-sf1-q1-r2,public-cloud,2,test,f5-sf1-q1-r2,duckdb-tpch,1,r3-cpu-pressure,completed,12.0,2,18.1501423076,26,21,16,13.8564064606,12.5858613941,24,24.5
2,v4-55-f3-r50-fp32-288-96,edge-1,1,test,f3-r50-fp32-288-96,onnx-inference-fp32,96,none,completed,33.0,2,31.2429053576,26,29,40,20.1623972484,15.8964822189,112,111
2,v4-55-f3-r50-fp32-288-96,edge-1,2,test,f3-r50-fp32-288-96,onnx-inference-fp32,96,none,completed,32.0,2,31.2429053576,26,29,40,20.1623972484,15.8964822189,112,111
2,v4-55-f3-r50-fp32-288-96,edge-2,1,test,f3-r50-fp32-288-96,onnx-inference-fp32,96,none,completed,106.0,2,75.4173045138,26,29,133,67.1087679204,40.3073721294,235,232.5
2,v4-55-f3-r50-fp32-288-96,edge-2,2,test,f3-r50-fp32-288-96,onnx-inference-fp32,96,none,completed,104.0,2,75.4173045138,26,29,133,67.1087679204,40.3073721294,235,232.5
2,v4-55-f3-r50-fp32-288-96,on-prem,1,test,f3-r50-fp32-288-96,onnx-inference-fp32,96,none,completed,20.0,2,21.9231867047,26,29,20,15.1614984209,13.4382840444,42,41.5
2,v4-55-f3-r50-fp32-288-96,on-prem,2,test,f3-r50-fp32-288-96,onnx-inference-fp32,96,none,completed,21.0,2,21.9231867047,26,29,20,15.1614984209,13.4382840444,42,41.5
2,v4-55-f3-r50-fp32-288-96,public-cloud,1,test,f3-r50-fp32-288-96,onnx-inference-fp32,96,r2-heavy,completed,17.0,2,16.5395722732,26,29,14,7.92228239624,10.6800671485,29,29.5
2,v4-55-f3-r50-fp32-288-96,public-cloud,2,test,f3-r50-fp32-288-96,onnx-inference-fp32,96,r2-heavy,completed,17.0,2,16.5395722732,26,29,14,7.92228239624,10.6800671485,29,29.5
2,v4-56-f1-x265-720p-mandelbrot-med-500,edge-1,1,test,f1-x265-720p-mandelbrot-med-500,video-transcode,500,r2-heavy,completed,77.0,2,43.152646416,26,41.5,33.5,75.1184263119,82.8710277142,30,30
2,v4-56-f1-x265-720p-mandelbrot-med-500,edge-1,2,test,f1-x265-720p-mandelbrot-med-500,video-transcode,500,r2-heavy,completed,81.0,2,43.152646416,26,41.5,33.5,75.1184263119,82.8710277142,30,30
2,v4-56-f1-x265-720p-mandelbrot-med-500,edge-2,1,test,f1-x265-720p-mandelbrot-med-500,video-transcode,500,r1-moderate,completed,171.0,2,86.3346358329,26,41.5,87,150.632435685,204.042192084,75,74.5
2,v4-56-f1-x265-720p-mandelbrot-med-500,edge-2,2,test,f1-x265-720p-mandelbrot-med-500,video-transcode,500,r1-moderate,completed,170.0,2,86.3346358329,26,41.5,87,150.632435685,204.042192084,75,74.5
2,v4-56-f1-x265-720p-mandelbrot-med-500,on-prem,1,test,f1-x265-720p-mandelbrot-med-500,video-transcode,500,none,completed,47.0,2,36.3317399144,26,41.5,29,61.944932142,70.66898444,27,26.5
2,v4-56-f1-x265-720p-mandelbrot-med-500,on-prem,2,test,f1-x265-720p-mandelbrot-med-500,video-transcode,500,none,completed,46.0,2,36.3317399144,26,41.5,29,61.944932142,70.66898444,27,26.5
2,v4-56-f1-x265-720p-mandelbrot-med-500,public-cloud,1,test,f1-x265-720p-mandelbrot-med-500,video-transcode,500,r3-cpu-pressure,completed,36.0,2,30.9217577205,26,41.5,29,56.4214216003,56.9777034549,20,21
2,v4-56-f1-x265-720p-mandelbrot-med-500,public-cloud,2,test,f1-x265-720p-mandelbrot-med-500,video-transcode,500,r3-cpu-pressure,completed,34.0,2,30.9217577205,26,41.5,29,56.4214216003,56.9777034549,20,21
2,v4-57-f2-random-zstd1-aes-768,edge-1,1,test,f2-random-zstd1-aes-768,compress-encrypt,768,none,completed,10.0,2,17.7425149008,26,14,13,12.6158157502,14.4096233461,14,13.5
2,v4-57-f2-random-zstd1-aes-768,edge-1,2,test,f2-random-zstd1-aes-768,compress-encrypt,768,none,completed,10.0,2,17.7425149008,26,14,13,12.6158157502,14.4096233461,14,13.5
2,v4-57-f2-random-zstd1-aes-768,edge-1,3,test,f2-random-zstd1-aes-768,compress-encrypt,768,none,completed,9.0,2,17.7425149008,26,14,13,12.6158157502,14.4096233461,14,13.5
2,v4-57-f2-random-zstd1-aes-768,edge-2,1,test,f2-random-zstd1-aes-768,compress-encrypt,768,none,completed,38.0,2,40.2438813922,26,14,43,38.4180267295,36.6724005438,51,51.5
2,v4-57-f2-random-zstd1-aes-768,edge-2,2,test,f2-random-zstd1-aes-768,compress-encrypt,768,none,completed,38.0,2,40.2438813922,26,14,43,38.4180267295,36.6724005438,51,51.5
2,v4-57-f2-random-zstd1-aes-768,edge-2,3,test,f2-random-zstd1-aes-768,compress-encrypt,768,none,completed,38.0,2,40.2438813922,26,14,43,38.4180267295,36.6724005438,51,51.5
2,v4-57-f2-random-zstd1-aes-768,on-prem,1,test,f2-random-zstd1-aes-768,compress-encrypt,768,none,completed,10.0,2,16.8213165119,26,14,14,11.8863811372,12.1677420191,14,13.5
2,v4-57-f2-random-zstd1-aes-768,on-prem,2,test,f2-random-zstd1-aes-768,compress-encrypt,768,none,completed,11.0,2,16.8213165119,26,14,14,11.8863811372,12.1677420191,14,13.5
2,v4-57-f2-random-zstd1-aes-768,on-prem,3,test,f2-random-zstd1-aes-768,compress-encrypt,768,none,completed,11.0,2,16.8213165119,26,14,14,11.8863811372,12.1677420191,14,13.5
2,v4-57-f2-random-zstd1-aes-768,public-cloud,1,test,f2-random-zstd1-aes-768,compress-encrypt,768,r2-heavy,completed,11.0,2,13.6553310714,26,14,11,10.1174119999,9.6522430577,12,11.5
2,v4-57-f2-random-zstd1-aes-768,public-cloud,2,test,f2-random-zstd1-aes-768,compress-encrypt,768,r2-heavy,completed,11.0,2,13.6553310714,26,14,11,10.1174119999,9.6522430577,12,11.5
2,v4-57-f2-random-zstd1-aes-768,public-cloud,3,test,f2-random-zstd1-aes-768,compress-encrypt,768,r2-heavy,completed,11.0,2,13.6553310714,26,14,11,10.1174119999,9.6522430577,12,11.5
2,v4-58-f3-r50-int8-224-288,edge-1,1,test,f3-r50-int8-224-288,onnx-inference-int8,288,r1-moderate,completed,17.0,2,19.2826193058,26,26,17,12.1108069289,17.9366779149,12,11.5
2,v4-58-f3-r50-int8-224-288,edge-1,2,test,f3-r50-int8-224-288,onnx-inference-int8,288,r1-moderate,completed,16.0,2,19.2826193058,26,26,17,12.1108069289,17.9366779149,12,11.5
2,v4-58-f3-r50-int8-224-288,edge-1,3,test,f3-r50-int8-224-288,onnx-inference-int8,288,r1-moderate,completed,17.0,2,19.2826193058,26,26,17,12.1108069289,17.9366779149,12,11.5
2,v4-58-f3-r50-int8-224-288,edge-2,1,test,f3-r50-int8-224-288,onnx-inference-int8,288,r2-heavy,completed,119.0,2,58.2559169175,26,26,83,56.9272677235,45.2951039982,65,64.5
2,v4-58-f3-r50-int8-224-288,edge-2,2,test,f3-r50-int8-224-288,onnx-inference-int8,288,r2-heavy,completed,120.0,2,58.2559169175,26,26,83,56.9272677235,45.2951039982,65,64.5
2,v4-58-f3-r50-int8-224-288,edge-2,3,test,f3-r50-int8-224-288,onnx-inference-int8,288,r2-heavy,completed,119.0,2,58.2559169175,26,26,83,56.9272677235,45.2951039982,65,64.5
2,v4-58-f3-r50-int8-224-288,on-prem,1,test,f3-r50-int8-224-288,onnx-inference-int8,288,r1-moderate,completed,49.0,2,27.2284185725,26,26,29,28.2245195534,15.1816602445,35,34.5
2,v4-58-f3-r50-int8-224-288,on-prem,2,test,f3-r50-int8-224-288,onnx-inference-int8,288,r1-moderate,completed,49.0,2,27.2284185725,26,26,29,28.2245195534,15.1816602445,35,34.5
2,v4-58-f3-r50-int8-224-288,on-prem,3,test,f3-r50-int8-224-288,onnx-inference-int8,288,r1-moderate,completed,50.0,2,27.2284185725,26,26,29,28.2245195534,15.1816602445,35,34.5
2,v4-58-f3-r50-int8-224-288,public-cloud,1,test,f3-r50-int8-224-288,onnx-inference-int8,288,none,completed,17.0,2,15.0519403723,26,26,13,12.6004551664,12.0903975603,14,13.5
2,v4-58-f3-r50-int8-224-288,public-cloud,2,test,f3-r50-int8-224-288,onnx-inference-int8,288,none,completed,16.0,2,15.0519403723,26,26,13,12.6004551664,12.0903975603,14,13.5
2,v4-58-f3-r50-int8-224-288,public-cloud,3,test,f3-r50-int8-224-288,onnx-inference-int8,288,none,completed,17.0,2,15.0519403723,26,26,13,12.6004551664,12.0903975603,14,13.5
2,v4-59-f4-pr-uniform-21-n1,edge-1,1,test,f4-pr-uniform-21-n1,graph-kernel,21,none,completed,17.0,2,33.3837311721,26,17,17,15.4272486205,17.7899087977,34,33.5
2,v4-59-f4-pr-uniform-21-n1,edge-1,2,test,f4-pr-uniform-21-n1,graph-kernel,21,none,completed,18.0,2,33.3837311721,26,17,17,15.4272486205,17.7899087977,34,33.5
2,v4-59-f4-pr-uniform-21-n1,edge-2,1,test,f4-pr-uniform-21-n1,graph-kernel,21,r3-cpu-pressure,completed,49.0,2,57.0874956725,26,17,36,35.7473528132,44.936292829,104,104
2,v4-59-f4-pr-uniform-21-n1,edge-2,2,test,f4-pr-uniform-21-n1,graph-kernel,21,r3-cpu-pressure,completed,50.0,2,57.0874956725,26,17,36,35.7473528132,44.936292829,104,104
2,v4-59-f4-pr-uniform-21-n1,on-prem,1,test,f4-pr-uniform-21-n1,graph-kernel,21,r2-heavy,completed,15.0,2,22.0716292152,26,17,13.5,12.4497700445,15.0562439493,24,25
2,v4-59-f4-pr-uniform-21-n1,on-prem,2,test,f4-pr-uniform-21-n1,graph-kernel,21,r2-heavy,completed,14.0,2,22.0716292152,26,17,13.5,12.4497700445,15.0562439493,24,25
2,v4-59-f4-pr-uniform-21-n1,public-cloud,1,test,f4-pr-uniform-21-n1,graph-kernel,21,r1-moderate,completed,9.0,2,18.56998959,26,17,13,11.9582607431,11.988940161,26,26
2,v4-59-f4-pr-uniform-21-n1,public-cloud,2,test,f4-pr-uniform-21-n1,graph-kernel,21,r1-moderate,completed,10.0,2,18.56998959,26,17,13,11.9582607431,11.988940161,26,26
2,v4-60-f1-x265-720p-testsrc2-med-1100,edge-1,1,test,f1-x265-720p-testsrc2-med-1100,video-transcode,1100,none,completed,74.0,2,42.2956631632,26,41.5,33.5,50.2164913819,52.2098116798,81,79
2,v4-60-f1-x265-720p-testsrc2-med-1100,edge-1,2,test,f1-x265-720p-testsrc2-med-1100,video-transcode,1100,none,completed,72.0,2,42.2956631632,26,41.5,33.5,50.2164913819,52.2098116798,81,79
2,v4-60-f1-x265-720p-testsrc2-med-1100,edge-2,1,test,f1-x265-720p-testsrc2-med-1100,video-transcode,1100,none,completed,193.0,2,92.8790802072,26,41.5,87,125.543950063,129.083733615,170,170.5
2,v4-60-f1-x265-720p-testsrc2-med-1100,edge-2,2,test,f1-x265-720p-testsrc2-med-1100,video-transcode,1100,none,completed,197.0,2,92.8790802072,26,41.5,87,125.543950063,129.083733615,170,170.5
2,v4-60-f1-x265-720p-testsrc2-med-1100,on-prem,1,test,f1-x265-720p-testsrc2-med-1100,video-transcode,1100,r2-heavy,completed,70.0,2,36.5187367859,26,41.5,29,43.1744125008,44.4685398434,46,46.5
2,v4-60-f1-x265-720p-testsrc2-med-1100,on-prem,2,test,f1-x265-720p-testsrc2-med-1100,video-transcode,1100,r2-heavy,completed,71.0,2,36.5187367859,26,41.5,29,43.1744125008,44.4685398434,46,46.5
2,v4-60-f1-x265-720p-testsrc2-med-1100,public-cloud,1,test,f1-x265-720p-testsrc2-med-1100,video-transcode,1100,r2-heavy,completed,49.0,2,31.2838802735,26,41.5,29,37.4404504297,35.7824595279,34,35
2,v4-60-f1-x265-720p-testsrc2-med-1100,public-cloud,2,test,f1-x265-720p-testsrc2-med-1100,video-transcode,1100,r2-heavy,completed,49.0,2,31.2838802735,26,41.5,29,37.4404504297,35.7824595279,34,35
2,v4-61-f2-random-zstd1-chacha-1152,edge-1,1,test,f2-random-zstd1-chacha-1152,compress-encrypt,1152,none,completed,13.0,2,18.8922988777,26,14,13,16.8335202705,20.4330392022,9,9.5
2,v4-61-f2-random-zstd1-chacha-1152,edge-1,2,test,f2-random-zstd1-chacha-1152,compress-encrypt,1152,none,completed,13.0,2,18.8922988777,26,14,13,16.8335202705,20.4330392022,9,9.5
2,v4-61-f2-random-zstd1-chacha-1152,edge-1,3,test,f2-random-zstd1-chacha-1152,compress-encrypt,1152,none,completed,13.0,2,18.8922988777,26,14,13,16.8335202705,20.4330392022,9,9.5
2,v4-61-f2-random-zstd1-chacha-1152,edge-2,1,test,f2-random-zstd1-chacha-1152,compress-encrypt,1152,none,completed,42.0,2,47.973710266,26,14,43,61.4178774679,51.3980385218,38,38
2,v4-61-f2-random-zstd1-chacha-1152,edge-2,2,test,f2-random-zstd1-chacha-1152,compress-encrypt,1152,none,completed,42.0,2,47.973710266,26,14,43,61.4178774679,51.3980385218,38,38
2,v4-61-f2-random-zstd1-chacha-1152,edge-2,3,test,f2-random-zstd1-chacha-1152,compress-encrypt,1152,none,completed,42.0,2,47.973710266,26,14,43,61.4178774679,51.3980385218,38,38
2,v4-61-f2-random-zstd1-chacha-1152,on-prem,1,test,f2-random-zstd1-chacha-1152,compress-encrypt,1152,none,completed,14.0,2,18.4304686589,26,14,14,17.4962787831,17.3148364214,11,11
2,v4-61-f2-random-zstd1-chacha-1152,on-prem,2,test,f2-random-zstd1-chacha-1152,compress-encrypt,1152,none,completed,13.0,2,18.4304686589,26,14,14,17.4962787831,17.3148364214,11,11
2,v4-61-f2-random-zstd1-chacha-1152,on-prem,3,test,f2-random-zstd1-chacha-1152,compress-encrypt,1152,none,completed,14.0,2,18.4304686589,26,14,14,17.4962787831,17.3148364214,11,11
2,v4-61-f2-random-zstd1-chacha-1152,public-cloud,1,test,f2-random-zstd1-chacha-1152,compress-encrypt,1152,none,completed,12.0,2,14.824057252,26,14,11,14.2388429209,13.8160625292,11,11
2,v4-61-f2-random-zstd1-chacha-1152,public-cloud,2,test,f2-random-zstd1-chacha-1152,compress-encrypt,1152,none,completed,11.0,2,14.824057252,26,14,11,14.2388429209,13.8160625292,11,11
2,v4-61-f2-random-zstd1-chacha-1152,public-cloud,3,test,f2-random-zstd1-chacha-1152,compress-encrypt,1152,none,completed,12.0,2,14.824057252,26,14,11,14.2388429209,13.8160625292,11,11
2,v4-cal3-none,edge-1,1,startup-calibration,f9-startup-null,startup-calibration,1,none,completed,6.0,2,29.1147902622,26,26,23.5,20.0717473345,22.9012090498,4,4.5
2,v4-cal3-none,edge-2,1,startup-calibration,f9-startup-null,startup-calibration,1,none,completed,9.0,2,33.8823836648,26,26,78.5,20.0717473345,57.4320525286,10,10
2,v4-cal3-none,on-prem,1,startup-calibration,f9-startup-null,startup-calibration,1,none,completed,6.0,2,25.3588118602,26,26,21,20.0717473345,19.4239226127,5,5
2,v4-cal3-none,public-cloud,1,startup-calibration,f9-startup-null,startup-calibration,1,none,completed,5.0,2,20.241933318,26,26,15,20.0717473345,15.5222395417,6,5.5
2,v4-cal3-r1-moderate,edge-1,1,startup-calibration,f9-startup-null,startup-calibration,1,r1-moderate,completed,5.0,2,29.3746174013,26,26,23.5,20.0717473345,22.9012090498,6,5
2,v4-cal3-r1-moderate,edge-2,1,startup-calibration,f9-startup-null,startup-calibration,1,r1-moderate,completed,9.0,2,34.0599367214,26,26,78.5,20.0717473345,57.4320525286,9,9.5
2,v4-cal3-r1-moderate,on-prem,1,startup-calibration,f9-startup-null,startup-calibration,1,r1-moderate,completed,5.0,2,25.3367313888,26,26,21,20.0717473345,19.4239226127,6,5.5
2,v4-cal3-r1-moderate,public-cloud,1,startup-calibration,f9-startup-null,startup-calibration,1,r1-moderate,completed,5.0,2,20.5490015517,26,26,15,20.0717473345,15.5222395417,5,5.5
2,v4-cal3-r2-heavy,edge-1,1,startup-calibration,f9-startup-null,startup-calibration,1,r2-heavy,completed,6.0,2,29.6308921049,26,26,23.5,20.0717473345,22.9012090498,5,5.5
2,v4-cal3-r2-heavy,edge-2,1,startup-calibration,f9-startup-null,startup-calibration,1,r2-heavy,completed,10.0,2,34.2126040541,26,26,78.5,20.0717473345,57.4320525286,9,9
2,v4-cal3-r2-heavy,on-prem,1,startup-calibration,f9-startup-null,startup-calibration,1,r2-heavy,completed,5.0,2,25.5659747903,26,26,21,20.0717473345,19.4239226127,5,5.5
2,v4-cal3-r2-heavy,public-cloud,1,startup-calibration,f9-startup-null,startup-calibration,1,r2-heavy,completed,6.0,2,20.9681456641,26,26,15,20.0717473345,15.5222395417,5,5
2,v4-cal3-r3-cpu-pressure,edge-1,1,startup-calibration,f9-startup-null,startup-calibration,1,r3-cpu-pressure,completed,4.0,2,29.8269879451,26,26,23.5,20.0717473345,22.9012090498,6,5.5
2,v4-cal3-r3-cpu-pressure,edge-2,1,startup-calibration,f9-startup-null,startup-calibration,1,r3-cpu-pressure,completed,9.0,2,34.3845083839,26,26,78.5,20.0717473345,57.4320525286,10,9.5
2,v4-cal3-r3-cpu-pressure,on-prem,1,startup-calibration,f9-startup-null,startup-calibration,1,r3-cpu-pressure,completed,5.0,2,24.7179643357,26,26,21,20.0717473345,19.4239226127,5,5
2,v4-cal3-r3-cpu-pressure,public-cloud,1,startup-calibration,f9-startup-null,startup-calibration,1,r3-cpu-pressure,completed,5.0,2,20.7811166084,26,26,15,20.0717473345,15.5222395417,6,5.5
2,v4-62-f5-sf1-q9-r2,edge-1,1,test,f5-sf1-q9-r2,duckdb-tpch,1,r1-moderate,completed,15.0,2,22.2770211314,26,21,21,19.3829997351,19.9533374776,21,22
2,v4-62-f5-sf1-q9-r2,edge-1,2,test,f5-sf1-q9-r2,duckdb-tpch,1,r1-moderate,completed,20.0,2,22.2770211314,26,21,21,19.3829997351,19.9533374776,21,22
2,v4-62-f5-sf1-q9-r2,edge-2,1,test,f5-sf1-q9-r2,duckdb-tpch,1,r1-moderate,completed,47.0,2,48.2387317478,26,21,48.5,47.2020562163,50.2252963268,55,54.5
2,v4-62-f5-sf1-q9-r2,edge-2,2,test,f5-sf1-q9-r2,duckdb-tpch,1,r1-moderate,completed,36.0,2,48.2387317478,26,21,48.5,47.2020562163,50.2252963268,55,54.5
2,v4-62-f5-sf1-q9-r2,on-prem,1,test,f5-sf1-q9-r2,duckdb-tpch,1,none,completed,11.0,2,19.6666975286,26,21,19,15.0996688705,16.9049244844,12,14
2,v4-62-f5-sf1-q9-r2,on-prem,2,test,f5-sf1-q9-r2,duckdb-tpch,1,none,completed,17.0,2,19.6666975286,26,21,19,15.0996688705,16.9049244844,12,14
2,v4-62-f5-sf1-q9-r2,public-cloud,1,test,f5-sf1-q9-r2,duckdb-tpch,1,r3-cpu-pressure,completed,13.0,2,15.8174289146,26,21,16,13.8564064606,13.4844580993,12,14
2,v4-62-f5-sf1-q9-r2,public-cloud,2,test,f5-sf1-q9-r2,duckdb-tpch,1,r3-cpu-pressure,completed,17.0,2,15.8174289146,26,21,16,13.8564064606,13.4844580993,12,14
2,v4-63-f1-x265-720p-testsrc2-med-1500,edge-1,1,test,f1-x265-720p-testsrc2-med-1500,video-transcode,1500,none,completed,112.0,2,41.7032708089,26,41.5,33.5,42.8593941215,48.1464624891,72,73
2,v4-63-f1-x265-720p-testsrc2-med-1500,edge-1,2,test,f1-x265-720p-testsrc2-med-1500,video-transcode,1500,none,completed,116.0,2,41.7032708089,26,41.5,33.5,42.8593941215,48.1464624891,72,73
2,v4-63-f1-x265-720p-testsrc2-med-1500,edge-2,1,test,f1-x265-720p-testsrc2-med-1500,video-transcode,1500,none,completed,255.0,2,96.4354471202,26,41.5,87,116.861469535,119.149933494,197,195
2,v4-63-f1-x265-720p-testsrc2-med-1500,edge-2,2,test,f1-x265-720p-testsrc2-med-1500,video-transcode,1500,none,completed,255.0,2,96.4354471202,26,41.5,87,116.861469535,119.149933494,197,195
2,v4-63-f1-x265-720p-testsrc2-med-1500,on-prem,1,test,f1-x265-720p-testsrc2-med-1500,video-transcode,1500,r2-heavy,completed,94.0,2,36.3473754624,26,41.5,29,37.4588339133,40.9963502464,71,70.5
2,v4-63-f1-x265-720p-testsrc2-med-1500,on-prem,2,test,f1-x265-720p-testsrc2-med-1500,video-transcode,1500,r2-heavy,completed,95.0,2,36.3473754624,26,41.5,29,37.4588339133,40.9963502464,71,70.5
2,v4-63-f1-x265-720p-testsrc2-med-1500,public-cloud,1,test,f1-x265-720p-testsrc2-med-1500,video-transcode,1500,r1-moderate,completed,53.0,2,30.9924665385,26,41.5,29,31.8625717519,32.973579503,49,49
2,v4-63-f1-x265-720p-testsrc2-med-1500,public-cloud,2,test,f1-x265-720p-testsrc2-med-1500,video-transcode,1500,r1-moderate,completed,54.0,2,30.9924665385,26,41.5,29,31.8625717519,32.973579503,49,49
2,v4-64-f1-x265-720p-testsrc2-med-400,edge-1,1,test,f1-x265-720p-testsrc2-med-400,video-transcode,400,none,completed,29.0,2,44.6201961053,26,41.5,33.5,84.187082322,98.5286506397,116,114
2,v4-64-f1-x265-720p-testsrc2-med-400,edge-1,2,test,f1-x265-720p-testsrc2-med-400,video-transcode,400,none,completed,33.0,2,44.6201961053,26,41.5,33.5,84.187082322,98.5286506397,116,114
2,v4-64-f1-x265-720p-testsrc2-med-400,edge-2,1,test,f1-x265-720p-testsrc2-med-400,video-transcode,400,none,completed,74.0,2,93.0550054529,26,41.5,87,158.602942652,242.320885156,255,255
2,v4-64-f1-x265-720p-testsrc2-med-400,edge-2,2,test,f1-x265-720p-testsrc2-med-400,video-transcode,400,none,completed,75.0,2,93.0550054529,26,41.5,87,158.602942652,242.320885156,255,255
2,v4-64-f1-x265-720p-testsrc2-med-400,on-prem,1,test,f1-x265-720p-testsrc2-med-400,video-transcode,400,none,completed,27.0,2,39.2783984168,26,41.5,29,68.6082509877,84.0486456222,95,94.5
2,v4-64-f1-x265-720p-testsrc2-med-400,on-prem,2,test,f1-x265-720p-testsrc2-med-400,video-transcode,400,none,completed,26.0,2,39.2783984168,26,41.5,29,68.6082509877,84.0486456222,95,94.5
2,v4-64-f1-x265-720p-testsrc2-med-400,public-cloud,1,test,f1-x265-720p-testsrc2-med-400,video-transcode,400,none,completed,16.0,2,31.8004718007,26,41.5,29,63.3650012334,67.8013817086,54,53.5
2,v4-64-f1-x265-720p-testsrc2-med-400,public-cloud,2,test,f1-x265-720p-testsrc2-med-400,video-transcode,400,none,completed,18.0,2,31.8004718007,26,41.5,29,63.3650012334,67.8013817086,54,53.5
2,v4-65-f3-mnv2-int8-224-1500,edge-1,1,test,f3-mnv2-int8-224-1500,onnx-inference-int8,1500,none,completed,17.0,2,22.0909689633,26,26,17,23.6841224984,27.2746585085,17,16.5
2,v4-65-f3-mnv2-int8-224-1500,edge-1,2,test,f3-mnv2-int8-224-1500,onnx-inference-int8,1500,none,completed,17.0,2,22.0909689633,26,26,17,23.6841224984,27.2746585085,17,16.5
2,v4-65-f3-mnv2-int8-224-1500,edge-1,3,test,f3-mnv2-int8-224-1500,onnx-inference-int8,1500,none,completed,16.0,2,22.0909689633,26,26,17,23.6841224984,27.2746585085,17,16.5
2,v4-65-f3-mnv2-int8-224-1500,edge-2,1,test,f3-mnv2-int8-224-1500,onnx-inference-int8,1500,none,completed,66.0,2,69.0584475713,26,26,83,81.4873853038,68.1239647233,119,119.5
2,v4-65-f3-mnv2-int8-224-1500,edge-2,2,test,f3-mnv2-int8-224-1500,onnx-inference-int8,1500,none,completed,66.0,2,69.0584475713,26,26,83,81.4873853038,68.1239647233,119,119.5
2,v4-65-f3-mnv2-int8-224-1500,edge-2,3,test,f3-mnv2-int8-224-1500,onnx-inference-int8,1500,none,completed,67.0,2,69.0584475713,26,26,83,81.4873853038,68.1239647233,119,119.5
2,v4-65-f3-mnv2-int8-224-1500,on-prem,1,test,f3-mnv2-int8-224-1500,onnx-inference-int8,1500,none,completed,28.0,2,30.6470778889,26,26,29,32.2673657568,23.1610972933,50,49.5
2,v4-65-f3-mnv2-int8-224-1500,on-prem,2,test,f3-mnv2-int8-224-1500,onnx-inference-int8,1500,none,completed,28.0,2,30.6470778889,26,26,29,32.2673657568,23.1610972933,50,49.5
2,v4-65-f3-mnv2-int8-224-1500,on-prem,3,test,f3-mnv2-int8-224-1500,onnx-inference-int8,1500,none,completed,29.0,2,30.6470778889,26,26,29,32.2673657568,23.1610972933,50,49.5
2,v4-65-f3-mnv2-int8-224-1500,public-cloud,1,test,f3-mnv2-int8-224-1500,onnx-inference-int8,1500,none,completed,14.0,2,16.186631043,26,26,13,16.4697778689,18.5454832375,17,16.5
2,v4-65-f3-mnv2-int8-224-1500,public-cloud,2,test,f3-mnv2-int8-224-1500,onnx-inference-int8,1500,none,completed,12.0,2,16.186631043,26,26,13,16.4697778689,18.5454832375,17,16.5
2,v4-65-f3-mnv2-int8-224-1500,public-cloud,3,test,f3-mnv2-int8-224-1500,onnx-inference-int8,1500,none,completed,13.0,2,16.186631043,26,26,13,16.4697778689,18.5454832375,17,16.5
2,v4-66-f4-tc-kron-20-n1,edge-1,1,test,f4-tc-kron-20-n1,graph-kernel,20,r1-moderate,completed,19.0,2,26.8542065489,26,17,17,2.79432479336,6.11479588911,18,17.5
2,v4-66-f4-tc-kron-20-n1,edge-1,2,test,f4-tc-kron-20-n1,graph-kernel,20,r1-moderate,completed,20.0,2,26.8542065489,26,17,17,2.79432479336,6.11479588911,18,17.5
2,v4-66-f4-tc-kron-20-n1,edge-2,1,test,f4-tc-kron-20-n1,graph-kernel,20,none,completed,39.0,2,43.6584389206,26,17,36,7.55574384609,16.3937697569,50,49.5
2,v4-66-f4-tc-kron-20-n1,edge-2,2,test,f4-tc-kron-20-n1,graph-kernel,20,none,completed,39.0,2,43.6584389206,26,17,36,7.55574384609,16.3937697569,50,49.5
2,v4-66-f4-tc-kron-20-n1,on-prem,1,test,f4-tc-kron-20-n1,graph-kernel,20,none,completed,15.0,2,17.6408603372,26,17,13.5,5.99248885676,5.07969414192,14,14.5
2,v4-66-f4-tc-kron-20-n1,on-prem,2,test,f4-tc-kron-20-n1,graph-kernel,20,none,completed,14.0,2,17.6408603372,26,17,13.5,5.99248885676,5.07969414192,14,14.5
2,v4-66-f4-tc-kron-20-n1,public-cloud,1,test,f4-tc-kron-20-n1,graph-kernel,20,r2-heavy,completed,17.0,2,15.1185173814,26,17,13,8.02442682335,3.9182600648,10,9.5
2,v4-66-f4-tc-kron-20-n1,public-cloud,2,test,f4-tc-kron-20-n1,graph-kernel,20,r2-heavy,completed,16.0,2,15.1185173814,26,17,13,8.02442682335,3.9182600648,10,9.5
2,v4-67-f3-mnv2-fp32-224-1500,edge-1,1,test,f3-mnv2-fp32-224-1500,onnx-inference-fp32,1500,r2-heavy,completed,58.0,2,40.3512753228,26,29,40,47.6354074647,33.3488260264,32,32.5
2,v4-67-f3-mnv2-fp32-224-1500,edge-1,2,test,f3-mnv2-fp32-224-1500,onnx-inference-fp32,1500,r2-heavy,completed,58.0,2,40.3512753228,26,29,40,47.6354074647,33.3488260264,32,32.5
2,v4-67-f3-mnv2-fp32-224-1500,edge-2,1,test,f3-mnv2-fp32-224-1500,onnx-inference-fp32,1500,none,completed,123.0,2,113.748975278,26,29,133,153.078834974,82.9736769169,104,105
2,v4-67-f3-mnv2-fp32-224-1500,edge-2,2,test,f3-mnv2-fp32-224-1500,onnx-inference-fp32,1500,none,completed,123.0,2,113.748975278,26,29,133,153.078834974,82.9736769169,104,105
2,v4-67-f3-mnv2-fp32-224-1500,on-prem,1,test,f3-mnv2-fp32-224-1500,onnx-inference-fp32,1500,none,completed,19.0,2,24.619968349,26,29,20,23.7491534343,28.3515597115,21,20.5
2,v4-67-f3-mnv2-fp32-224-1500,on-prem,2,test,f3-mnv2-fp32-224-1500,onnx-inference-fp32,1500,none,completed,20.0,2,24.619968349,26,29,20,23.7491534343,28.3515597115,21,20.5
2,v4-67-f3-mnv2-fp32-224-1500,public-cloud,1,test,f3-mnv2-fp32-224-1500,onnx-inference-fp32,1500,r2-heavy,completed,19.0,2,18.7593566157,26,29,14,18.7125601656,22.7443859179,17,17
2,v4-67-f3-mnv2-fp32-224-1500,public-cloud,2,test,f3-mnv2-fp32-224-1500,onnx-inference-fp32,1500,r2-heavy,completed,29.0,2,18.7593566157,26,29,14,18.7125601656,22.7443859179,17,17
2,v4-68-f3-mnv2-int8-224-2000,edge-1,1,test,f3-mnv2-int8-224-2000,onnx-inference-int8,2000,none,completed,19.0,2,23.5536396521,26,26,17,26.6216831835,32.6128491593,16,16.5
2,v4-68-f3-mnv2-int8-224-2000,edge-1,2,test,f3-mnv2-int8-224-2000,onnx-inference-int8,2000,none,completed,19.0,2,23.5536396521,26,26,17,26.6216831835,32.6128491593,16,16.5
2,v4-68-f3-mnv2-int8-224-2000,edge-1,3,test,f3-mnv2-int8-224-2000,onnx-inference-int8,2000,none,completed,20.0,2,23.5536396521,26,26,17,26.6216831835,32.6128491593,16,16.5
2,v4-68-f3-mnv2-int8-224-2000,edge-2,1,test,f3-mnv2-int8-224-2000,onnx-inference-int8,2000,r3-cpu-pressure,completed,87.0,2,78.3476150587,26,26,83,86.7451183752,81.1744106594,67,66.5
2,v4-68-f3-mnv2-int8-224-2000,edge-2,2,test,f3-mnv2-int8-224-2000,onnx-inference-int8,2000,r3-cpu-pressure,completed,89.0,2,78.3476150587,26,26,83,86.7451183752,81.1744106594,67,66.5
2,v4-68-f3-mnv2-int8-224-2000,edge-2,3,test,f3-mnv2-int8-224-2000,onnx-inference-int8,2000,r3-cpu-pressure,completed,88.0,2,78.3476150587,26,26,83,86.7451183752,81.1744106594,67,66.5
2,v4-68-f3-mnv2-int8-224-2000,on-prem,1,test,f3-mnv2-int8-224-2000,onnx-inference-int8,2000,none,completed,37.0,2,31.7890136714,26,26,29,33.0292151919,27.7226570252,29,28.5
2,v4-68-f3-mnv2-int8-224-2000,on-prem,2,test,f3-mnv2-int8-224-2000,onnx-inference-int8,2000,none,completed,37.0,2,31.7890136714,26,26,29,33.0292151919,27.7226570252,29,28.5
2,v4-68-f3-mnv2-int8-224-2000,on-prem,3,test,f3-mnv2-int8-224-2000,onnx-inference-int8,2000,none,completed,36.0,2,31.7890136714,26,26,29,33.0292151919,27.7226570252,29,28.5
2,v4-68-f3-mnv2-int8-224-2000,public-cloud,1,test,f3-mnv2-int8-224-2000,onnx-inference-int8,2000,r2-heavy,completed,22.0,2,16.8262185741,26,26,13,17.2568704372,22.235625626,13,12.5
2,v4-68-f3-mnv2-int8-224-2000,public-cloud,2,test,f3-mnv2-int8-224-2000,onnx-inference-int8,2000,r2-heavy,completed,22.0,2,16.8262185741,26,26,13,17.2568704372,22.235625626,13,12.5
2,v4-68-f3-mnv2-int8-224-2000,public-cloud,3,test,f3-mnv2-int8-224-2000,onnx-inference-int8,2000,r2-heavy,completed,22.0,2,16.8262185741,26,26,13,17.2568704372,22.235625626,13,12.5
2,v4-69-f0-cpu-45k,edge-1,1,test,f0-cpu-45k,stress-ng-cpu,45000,none,completed,82.0,2,59.8579432758,26,51,81.5,81.4984662432,42.6451571105,82,82
2,v4-69-f0-cpu-45k,edge-1,2,test,f0-cpu-45k,stress-ng-cpu,45000,none,completed,81.0,2,59.8579432758,26,51,81.5,81.4984662432,42.6451571105,82,82
2,v4-69-f0-cpu-45k,edge-2,1,test,f0-cpu-45k,stress-ng-cpu,45000,none,completed,149.0,2,102.180735461,26,51,156,155.740168229,105.70071575,165,165
2,v4-69-f0-cpu-45k,edge-2,2,test,f0-cpu-45k,stress-ng-cpu,45000,none,completed,148.0,2,102.180735461,26,51,156,155.740168229,105.70071575,165,165
2,v4-69-f0-cpu-45k,on-prem,1,test,f0-cpu-45k,stress-ng-cpu,45000,none,completed,21.0,2,22.8225757769,26,51,20.5,20.4939015319,36.2954066628,21,21
2,v4-69-f0-cpu-45k,on-prem,2,test,f0-cpu-45k,stress-ng-cpu,45000,none,completed,21.0,2,22.8225757769,26,51,20.5,20.4939015319,36.2954066628,21,21
2,v4-69-f0-cpu-45k,public-cloud,1,test,f0-cpu-45k,stress-ng-cpu,45000,none,completed,17.0,2,19.5574577706,26,51,18,18,29.1706804502,20,20
2,v4-69-f0-cpu-45k,public-cloud,2,test,f0-cpu-45k,stress-ng-cpu,45000,none,completed,18.0,2,19.5574577706,26,51,18,18,29.1706804502,20,20
2,v4-70-f2-random-zstd1-chacha-768,edge-1,1,test,f2-random-zstd1-chacha-768,compress-encrypt,768,none,completed,10.0,2,17.9014785103,26,14,13,12.6158157502,14.4096233461,13,13
2,v4-70-f2-random-zstd1-chacha-768,edge-1,2,test,f2-random-zstd1-chacha-768,compress-encrypt,768,none,completed,10.0,2,17.9014785103,26,14,13,12.6158157502,14.4096233461,13,13
2,v4-70-f2-random-zstd1-chacha-768,edge-1,3,test,f2-random-zstd1-chacha-768,compress-encrypt,768,none,completed,11.0,2,17.9014785103,26,14,13,12.6158157502,14.4096233461,13,13
2,v4-70-f2-random-zstd1-chacha-768,edge-2,1,test,f2-random-zstd1-chacha-768,compress-encrypt,768,none,completed,31.0,2,40.3805696919,26,14,43,38.4180267295,36.6724005438,42,42
2,v4-70-f2-random-zstd1-chacha-768,edge-2,2,test,f2-random-zstd1-chacha-768,compress-encrypt,768,none,completed,31.0,2,40.3805696919,26,14,43,38.4180267295,36.6724005438,42,42
2,v4-70-f2-random-zstd1-chacha-768,edge-2,3,test,f2-random-zstd1-chacha-768,compress-encrypt,768,none,completed,33.0,2,40.3805696919,26,14,43,38.4180267295,36.6724005438,42,42
2,v4-70-f2-random-zstd1-chacha-768,on-prem,1,test,f2-random-zstd1-chacha-768,compress-encrypt,768,none,completed,10.0,2,16.6743120971,26,14,14,11.8863811372,12.1677420191,14,13.5
2,v4-70-f2-random-zstd1-chacha-768,on-prem,2,test,f2-random-zstd1-chacha-768,compress-encrypt,768,none,completed,10.0,2,16.6743120971,26,14,14,11.8863811372,12.1677420191,14,13.5
2,v4-70-f2-random-zstd1-chacha-768,on-prem,3,test,f2-random-zstd1-chacha-768,compress-encrypt,768,none,completed,11.0,2,16.6743120971,26,14,14,11.8863811372,12.1677420191,14,13.5
2,v4-70-f2-random-zstd1-chacha-768,public-cloud,1,test,f2-random-zstd1-chacha-768,compress-encrypt,768,r2-heavy,completed,11.0,2,14.139018006,26,14,11,10.1174119999,9.6522430577,12,11.5
2,v4-70-f2-random-zstd1-chacha-768,public-cloud,2,test,f2-random-zstd1-chacha-768,compress-encrypt,768,r2-heavy,completed,12.0,2,14.139018006,26,14,11,10.1174119999,9.6522430577,12,11.5
2,v4-70-f2-random-zstd1-chacha-768,public-cloud,3,test,f2-random-zstd1-chacha-768,compress-encrypt,768,r2-heavy,completed,10.0,2,14.139018006,26,14,11,10.1174119999,9.6522430577,12,11.5
4,v4-cal1-none,edge-1,1,startup-calibration,f9-startup-null,startup-calibration,1,none,completed,5.0,0,30.8654098884,26,26,23.5,20.0717473345,22.9012090498,26,26
4,v4-cal1-none,edge-2,1,startup-calibration,f9-startup-null,startup-calibration,1,none,completed,9.0,0,35.3700870288,26,26,78.5,20.0717473345,57.4320525286,26,26
4,v4-cal1-none,on-prem,1,startup-calibration,f9-startup-null,startup-calibration,1,none,completed,5.0,0,26.7555834724,26,26,21,20.0717473345,19.4239226127,26,26
4,v4-cal1-none,public-cloud,1,startup-calibration,f9-startup-null,startup-calibration,1,none,completed,4.0,0,21.5732037431,26,26,15,20.0717473345,15.5222395417,26,26
4,v4-cal1-r1-moderate,edge-1,1,startup-calibration,f9-startup-null,startup-calibration,1,r1-moderate,completed,6.0,1,29.2621062444,26,26,23.5,20.0717473345,22.9012090498,5,5
4,v4-cal1-r1-moderate,edge-2,1,startup-calibration,f9-startup-null,startup-calibration,1,r1-moderate,completed,9.0,1,33.7558570305,26,26,78.5,20.0717473345,57.4320525286,9,9
4,v4-cal1-r1-moderate,on-prem,1,startup-calibration,f9-startup-null,startup-calibration,1,r1-moderate,completed,5.0,1,24.6842385942,26,26,21,20.0717473345,19.4239226127,5,5
4,v4-cal1-r1-moderate,public-cloud,1,startup-calibration,f9-startup-null,startup-calibration,1,r1-moderate,completed,5.0,1,19.0397776532,26,26,15,20.0717473345,15.5222395417,4,4
4,v4-cal1-r2-heavy,edge-1,1,startup-calibration,f9-startup-null,startup-calibration,1,r2-heavy,completed,6.0,2,29.5895001891,26,26,23.5,20.0717473345,22.9012090498,6,5.5
4,v4-cal1-r2-heavy,edge-2,1,startup-calibration,f9-startup-null,startup-calibration,1,r2-heavy,completed,10.0,2,34.2987610669,26,26,78.5,20.0717473345,57.4320525286,9,9
4,v4-cal1-r2-heavy,on-prem,1,startup-calibration,f9-startup-null,startup-calibration,1,r2-heavy,completed,6.0,2,25.353405909,26,26,21,20.0717473345,19.4239226127,5,5
4,v4-cal1-r2-heavy,public-cloud,1,startup-calibration,f9-startup-null,startup-calibration,1,r2-heavy,completed,5.0,2,21.6487830785,26,26,15,20.0717473345,15.5222395417,5,4.5
4,v4-cal1-r3-cpu-pressure,edge-1,1,startup-calibration,f9-startup-null,startup-calibration,1,r3-cpu-pressure,completed,5.0,3,30.0813484482,26,26,23.5,20.0717473345,22.9012090498,6,6
4,v4-cal1-r3-cpu-pressure,edge-2,1,startup-calibration,f9-startup-null,startup-calibration,1,r3-cpu-pressure,completed,8.0,3,35.0025175283,26,26,78.5,20.0717473345,57.4320525286,10,9.5
4,v4-cal1-r3-cpu-pressure,on-prem,1,startup-calibration,f9-startup-null,startup-calibration,1,r3-cpu-pressure,completed,5.0,3,25.2171586864,26,26,21,20.0717473345,19.4239226127,6,5.5
4,v4-cal1-r3-cpu-pressure,public-cloud,1,startup-calibration,f9-startup-null,startup-calibration,1,r3-cpu-pressure,completed,5.0,3,21.2920453641,26,26,15,20.0717473345,15.5222395417,5,5
4,v4-01-f2-mixed-zstd1-aes-1024,edge-1,1,train,f2-mixed-zstd1-aes-1024,compress-encrypt,1024,none,completed,30.0,0,19.4598620398,26,14,13,15.4806233545,18.5645038157,13,13
4,v4-01-f2-mixed-zstd1-aes-1024,edge-1,2,train,f2-mixed-zstd1-aes-1024,compress-encrypt,1024,none,completed,30.0,0,19.4598620398,26,14,13,15.4806233545,18.5645038157,13,13
4,v4-01-f2-mixed-zstd1-aes-1024,edge-1,3,train,f2-mixed-zstd1-aes-1024,compress-encrypt,1024,none,completed,30.0,0,19.4598620398,26,14,13,15.4806233545,18.5645038157,13,13
4,v4-01-f2-mixed-zstd1-aes-1024,edge-2,1,train,f2-mixed-zstd1-aes-1024,compress-encrypt,1024,r1-moderate,completed,111.0,0,45.6122116848,26,14,43,53.5926086646,46.829970119,43,43
4,v4-01-f2-mixed-zstd1-aes-1024,edge-2,2,train,f2-mixed-zstd1-aes-1024,compress-encrypt,1024,r1-moderate,completed,111.0,0,45.6122116848,26,14,43,53.5926086646,46.829970119,43,43
4,v4-01-f2-mixed-zstd1-aes-1024,edge-2,3,train,f2-mixed-zstd1-aes-1024,compress-encrypt,1024,r1-moderate,completed,111.0,0,45.6122116848,26,14,43,53.5926086646,46.829970119,43,43
4,v4-01-f2-mixed-zstd1-aes-1024,on-prem,1,train,f2-mixed-zstd1-aes-1024,compress-encrypt,1024,r1-moderate,completed,27.0,0,18.8006945023,26,14,14,15.6377327498,15.7181463941,14,14
4,v4-01-f2-mixed-zstd1-aes-1024,on-prem,2,train,f2-mixed-zstd1-aes-1024,compress-encrypt,1024,r1-moderate,completed,27.0,0,18.8006945023,26,14,14,15.6377327498,15.7181463941,14,14
4,v4-01-f2-mixed-zstd1-aes-1024,on-prem,3,train,f2-mixed-zstd1-aes-1024,compress-encrypt,1024,r1-moderate,completed,26.0,0,18.8006945023,26,14,14,15.6377327498,15.7181463941,14,14
4,v4-01-f2-mixed-zstd1-aes-1024,public-cloud,1,train,f2-mixed-zstd1-aes-1024,compress-encrypt,1024,r1-moderate,completed,23.0,0,15.4241841593,26,14,11,12.8933165602,12.5243961042,11,11
4,v4-01-f2-mixed-zstd1-aes-1024,public-cloud,2,train,f2-mixed-zstd1-aes-1024,compress-encrypt,1024,r1-moderate,completed,23.0,0,15.4241841593,26,14,11,12.8933165602,12.5243961042,11,11
4,v4-01-f2-mixed-zstd1-aes-1024,public-cloud,3,train,f2-mixed-zstd1-aes-1024,compress-encrypt,1024,r1-moderate,completed,22.0,0,15.4241841593,26,14,11,12.8933165602,12.5243961042,11,11
4,v4-02-f3-mnv2-fp32-224-1500,edge-1,1,train,f3-mnv2-fp32-224-1500,onnx-inference-fp32,1500,none,completed,40.0,0,38.2586359368,26,29,40,47.6354074647,33.3488260264,40,40
4,v4-02-f3-mnv2-fp32-224-1500,edge-1,2,train,f3-mnv2-fp32-224-1500,onnx-inference-fp32,1500,none,completed,40.0,0,38.2586359368,26,29,40,47.6354074647,33.3488260264,40,40
4,v4-02-f3-mnv2-fp32-224-1500,edge-2,1,train,f3-mnv2-fp32-224-1500,onnx-inference-fp32,1500,r1-moderate,completed,134.0,0,96.1099692697,26,29,133,153.078834974,82.9736769169,133,133
4,v4-02-f3-mnv2-fp32-224-1500,edge-2,2,train,f3-mnv2-fp32-224-1500,onnx-inference-fp32,1500,r1-moderate,completed,132.0,0,96.1099692697,26,29,133,153.078834974,82.9736769169,133,133
4,v4-02-f3-mnv2-fp32-224-1500,on-prem,1,train,f3-mnv2-fp32-224-1500,onnx-inference-fp32,1500,r3-cpu-pressure,completed,20.0,0,23.9983328102,26,29,20,23.7491534343,28.3515597115,20,20
4,v4-02-f3-mnv2-fp32-224-1500,on-prem,2,train,f3-mnv2-fp32-224-1500,onnx-inference-fp32,1500,r3-cpu-pressure,completed,20.0,0,23.9983328102,26,29,20,23.7491534343,28.3515597115,20,20
4,v4-02-f3-mnv2-fp32-224-1500,public-cloud,1,train,f3-mnv2-fp32-224-1500,onnx-inference-fp32,1500,r1-moderate,completed,14.0,0,18.9417131699,26,29,14,18.7125601656,22.7443859179,14,14
4,v4-02-f3-mnv2-fp32-224-1500,public-cloud,2,train,f3-mnv2-fp32-224-1500,onnx-inference-fp32,1500,r1-moderate,completed,14.0,0,18.9417131699,26,29,14,18.7125601656,22.7443859179,14,14
4,v4-03-f3-mnv2-int8-224-1500,edge-1,1,train,f3-mnv2-int8-224-1500,onnx-inference-int8,1500,r1-moderate,completed,18.0,0,23.1914249091,26,26,17,23.6841224984,27.2746585085,17,17
4,v4-03-f3-mnv2-int8-224-1500,edge-1,2,train,f3-mnv2-int8-224-1500,onnx-inference-int8,1500,r1-moderate,completed,17.0,0,23.1914249091,26,26,17,23.6841224984,27.2746585085,17,17
4,v4-03-f3-mnv2-int8-224-1500,edge-1,3,train,f3-mnv2-int8-224-1500,onnx-inference-int8,1500,r1-moderate,completed,17.0,0,23.1914249091,26,26,17,23.6841224984,27.2746585085,17,17
4,v4-03-f3-mnv2-int8-224-1500,edge-2,1,train,f3-mnv2-int8-224-1500,onnx-inference-int8,1500,r2-heavy,completed,83.0,0,64.5424345001,26,26,83,81.4873853038,68.1239647233,83,83
4,v4-03-f3-mnv2-int8-224-1500,edge-2,2,train,f3-mnv2-int8-224-1500,onnx-inference-int8,1500,r2-heavy,completed,82.0,0,64.5424345001,26,26,83,81.4873853038,68.1239647233,83,83
4,v4-03-f3-mnv2-int8-224-1500,edge-2,3,train,f3-mnv2-int8-224-1500,onnx-inference-int8,1500,r2-heavy,completed,84.0,0,64.5424345001,26,26,83,81.4873853038,68.1239647233,83,83
4,v4-03-f3-mnv2-int8-224-1500,on-prem,1,train,f3-mnv2-int8-224-1500,onnx-inference-int8,1500,r1-moderate,completed,29.0,0,30.2110719689,26,26,29,32.2673657568,23.1610972933,29,29
4,v4-03-f3-mnv2-int8-224-1500,on-prem,2,train,f3-mnv2-int8-224-1500,onnx-inference-int8,1500,r1-moderate,completed,29.0,0,30.2110719689,26,26,29,32.2673657568,23.1610972933,29,29
4,v4-03-f3-mnv2-int8-224-1500,on-prem,3,train,f3-mnv2-int8-224-1500,onnx-inference-int8,1500,r1-moderate,completed,31.0,0,30.2110719689,26,26,29,32.2673657568,23.1610972933,29,29
4,v4-03-f3-mnv2-int8-224-1500,public-cloud,1,train,f3-mnv2-int8-224-1500,onnx-inference-int8,1500,none,completed,13.0,0,16.5951416755,26,26,13,16.4697778689,18.5454832375,13,13
4,v4-03-f3-mnv2-int8-224-1500,public-cloud,2,train,f3-mnv2-int8-224-1500,onnx-inference-int8,1500,none,completed,13.0,0,16.5951416755,26,26,13,16.4697778689,18.5454832375,13,13
4,v4-03-f3-mnv2-int8-224-1500,public-cloud,3,train,f3-mnv2-int8-224-1500,onnx-inference-int8,1500,none,completed,13.0,0,16.5951416755,26,26,13,16.4697778689,18.5454832375,13,13
4,v4-04-f4-bfs-kron-21-n4,edge-1,1,train,f4-bfs-kron-21-n4,graph-kernel,21,r1-moderate,completed,17.0,0,27.6823412684,26,17,17,15.4272486205,16.2268530743,17,17
4,v4-04-f4-bfs-kron-21-n4,edge-1,2,train,f4-bfs-kron-21-n4,graph-kernel,21,r1-moderate,completed,17.0,0,27.6823412684,26,17,17,15.4272486205,16.2268530743,17,17
4,v4-04-f4-bfs-kron-21-n4,edge-2,1,train,f4-bfs-kron-21-n4,graph-kernel,21,none,completed,35.0,0,49.4751923019,26,17,36,35.7473528132,41.1150403581,36,36
4,v4-04-f4-bfs-kron-21-n4,edge-2,2,train,f4-bfs-kron-21-n4,graph-kernel,21,none,completed,36.0,0,49.4751923019,26,17,36,35.7473528132,41.1150403581,36,36
4,v4-04-f4-bfs-kron-21-n4,on-prem,1,train,f4-bfs-kron-21-n4,graph-kernel,21,r2-heavy,completed,13.0,0,18.2747398594,26,17,13.5,12.4497700445,13.7205906328,13.5,13.5
4,v4-04-f4-bfs-kron-21-n4,on-prem,2,train,f4-bfs-kron-21-n4,graph-kernel,21,r2-heavy,completed,14.0,0,18.2747398594,26,17,13.5,12.4497700445,13.7205906328,13.5,13.5
4,v4-04-f4-bfs-kron-21-n4,public-cloud,1,train,f4-bfs-kron-21-n4,graph-kernel,21,r1-moderate,completed,11.0,0,14.9405803178,26,17,13,11.9582607431,10.9084433114,13,13
4,v4-04-f4-bfs-kron-21-n4,public-cloud,2,train,f4-bfs-kron-21-n4,graph-kernel,21,r1-moderate,completed,11.0,0,14.9405803178,26,17,13,11.9582607431,10.9084433114,13,13
4,v4-05-f0-cpu-45k,edge-1,1,train,f0-cpu-45k,stress-ng-cpu,45000,none,completed,81.0,0,55.4678242464,26,51,81.5,81.4984662432,42.6451571105,81.5,81.5
4,v4-05-f0-cpu-45k,edge-1,2,train,f0-cpu-45k,stress-ng-cpu,45000,none,completed,81.0,0,55.4678242464,26,51,81.5,81.4984662432,42.6451571105,81.5,81.5
4,v4-05-f0-cpu-45k,edge-2,1,train,f0-cpu-45k,stress-ng-cpu,45000,none,completed,147.0,0,84.0837274243,26,51,156,155.740168229,105.70071575,156,156
4,v4-05-f0-cpu-45k,edge-2,2,train,f0-cpu-45k,stress-ng-cpu,45000,none,completed,146.0,0,84.0837274243,26,51,156,155.740168229,105.70071575,156,156
4,v4-05-f0-cpu-45k,on-prem,1,train,f0-cpu-45k,stress-ng-cpu,45000,r3-cpu-pressure,completed,20.0,0,22.7153996699,26,51,20.5,20.4939015319,36.2954066628,20.5,20.5
4,v4-05-f0-cpu-45k,on-prem,2,train,f0-cpu-45k,stress-ng-cpu,45000,r3-cpu-pressure,completed,21.0,0,22.7153996699,26,51,20.5,20.4939015319,36.2954066628,20.5,20.5
4,v4-05-f0-cpu-45k,public-cloud,1,train,f0-cpu-45k,stress-ng-cpu,45000,r3-cpu-pressure,completed,19.0,0,19.747511463,26,51,18,18,29.1706804502,18,18
4,v4-05-f0-cpu-45k,public-cloud,2,train,f0-cpu-45k,stress-ng-cpu,45000,r3-cpu-pressure,completed,18.0,0,19.747511463,26,51,18,18,29.1706804502,18,18
4,v4-06-f2-random-zstd1-aes-1152,edge-1,1,train,f2-random-zstd1-aes-1152,compress-encrypt,1152,r1-moderate,completed,14.0,3,19.6885430866,26,14,13,16.8335202705,20.4330392022,30,30
4,v4-06-f2-random-zstd1-aes-1152,edge-1,2,train,f2-random-zstd1-aes-1152,compress-encrypt,1152,r1-moderate,completed,14.0,3,19.6885430866,26,14,13,16.8335202705,20.4330392022,30,30
4,v4-06-f2-random-zstd1-aes-1152,edge-1,3,train,f2-random-zstd1-aes-1152,compress-encrypt,1152,r1-moderate,completed,14.0,3,19.6885430866,26,14,13,16.8335202705,20.4330392022,30,30
4,v4-06-f2-random-zstd1-aes-1152,edge-2,1,train,f2-random-zstd1-aes-1152,compress-encrypt,1152,r3-cpu-pressure,completed,53.0,3,50.014207082,26,14,43,61.4178774679,51.3980385218,111,111
4,v4-06-f2-random-zstd1-aes-1152,edge-2,2,train,f2-random-zstd1-aes-1152,compress-encrypt,1152,r3-cpu-pressure,completed,52.0,3,50.014207082,26,14,43,61.4178774679,51.3980385218,111,111
4,v4-06-f2-random-zstd1-aes-1152,edge-2,3,train,f2-random-zstd1-aes-1152,compress-encrypt,1152,r3-cpu-pressure,completed,52.0,3,50.014207082,26,14,43,61.4178774679,51.3980385218,111,111
4,v4-06-f2-random-zstd1-aes-1152,on-prem,1,train,f2-random-zstd1-aes-1152,compress-encrypt,1152,r2-heavy,completed,15.0,3,18.5024411363,26,14,14,17.4962787831,17.3148364214,26,26.5
4,v4-06-f2-random-zstd1-aes-1152,on-prem,2,train,f2-random-zstd1-aes-1152,compress-encrypt,1152,r2-heavy,completed,15.0,3,18.5024411363,26,14,14,17.4962787831,17.3148364214,26,26.5
4,v4-06-f2-random-zstd1-aes-1152,on-prem,3,train,f2-random-zstd1-aes-1152,compress-encrypt,1152,r2-heavy,completed,15.0,3,18.5024411363,26,14,14,17.4962787831,17.3148364214,26,26.5
4,v4-06-f2-random-zstd1-aes-1152,public-cloud,1,train,f2-random-zstd1-aes-1152,compress-encrypt,1152,none,completed,12.0,3,15.2455525138,26,14,11,14.2388429209,13.8160625292,22,22.5
4,v4-06-f2-random-zstd1-aes-1152,public-cloud,2,train,f2-random-zstd1-aes-1152,compress-encrypt,1152,none,completed,12.0,3,15.2455525138,26,14,11,14.2388429209,13.8160625292,22,22.5
4,v4-06-f2-random-zstd1-aes-1152,public-cloud,3,train,f2-random-zstd1-aes-1152,compress-encrypt,1152,none,completed,12.0,3,15.2455525138,26,14,11,14.2388429209,13.8160625292,22,22.5
4,v4-07-f2-random-zstd1-aes-768,edge-1,1,train,f2-random-zstd1-aes-768,compress-encrypt,768,r2-heavy,completed,13.0,4,18.2951104811,26,14,13,12.6158157502,14.4096233461,14,14
4,v4-07-f2-random-zstd1-aes-768,edge-1,2,train,f2-random-zstd1-aes-768,compress-encrypt,768,r2-heavy,completed,12.0,4,18.2951104811,26,14,13,12.6158157502,14.4096233461,14,14
4,v4-07-f2-random-zstd1-aes-768,edge-1,3,train,f2-random-zstd1-aes-768,compress-encrypt,768,r2-heavy,completed,12.0,4,18.2951104811,26,14,13,12.6158157502,14.4096233461,14,14
4,v4-07-f2-random-zstd1-aes-768,edge-2,1,train,f2-random-zstd1-aes-768,compress-encrypt,768,r3-cpu-pressure,completed,38.0,4,40.4444993693,26,14,43,38.4180267295,36.6724005438,52,52
4,v4-07-f2-random-zstd1-aes-768,edge-2,2,train,f2-random-zstd1-aes-768,compress-encrypt,768,r3-cpu-pressure,completed,37.0,4,40.4444993693,26,14,43,38.4180267295,36.6724005438,52,52
4,v4-07-f2-random-zstd1-aes-768,edge-2,3,train,f2-random-zstd1-aes-768,compress-encrypt,768,r3-cpu-pressure,completed,37.0,4,40.4444993693,26,14,43,38.4180267295,36.6724005438,52,52
4,v4-07-f2-random-zstd1-aes-768,on-prem,1,train,f2-random-zstd1-aes-768,compress-encrypt,768,none,completed,11.0,4,16.797450826,26,14,14,11.8863811372,12.1677420191,15,15
4,v4-07-f2-random-zstd1-aes-768,on-prem,2,train,f2-random-zstd1-aes-768,compress-encrypt,768,none,completed,11.0,4,16.797450826,26,14,14,11.8863811372,12.1677420191,15,15
4,v4-07-f2-random-zstd1-aes-768,on-prem,3,train,f2-random-zstd1-aes-768,compress-encrypt,768,none,completed,11.0,4,16.797450826,26,14,14,11.8863811372,12.1677420191,15,15
4,v4-07-f2-random-zstd1-aes-768,public-cloud,1,train,f2-random-zstd1-aes-768,compress-encrypt,768,none,completed,9.0,4,13.3903296781,26,14,11,10.1174119999,9.6522430577,12,12
4,v4-07-f2-random-zstd1-aes-768,public-cloud,2,train,f2-random-zstd1-aes-768,compress-encrypt,768,none,completed,9.0,4,13.3903296781,26,14,11,10.1174119999,9.6522430577,12,12
4,v4-07-f2-random-zstd1-aes-768,public-cloud,3,train,f2-random-zstd1-aes-768,compress-encrypt,768,none,completed,9.0,4,13.3903296781,26,14,11,10.1174119999,9.6522430577,12,12
4,v4-08-f1-x264-480p-testsrc2-med-2000,edge-1,1,train,f1-x264-480p-testsrc2-med-2000,video-transcode,2000,none,completed,24.0,0,32.9853350461,26,41.5,33.5,37.002472682,26.6837765361,33.5,33.5
4,v4-08-f1-x264-480p-testsrc2-med-2000,edge-1,2,train,f1-x264-480p-testsrc2-med-2000,video-transcode,2000,none,completed,25.0,0,32.9853350461,26,41.5,33.5,37.002472682,26.6837765361,33.5,33.5
4,v4-08-f1-x264-480p-testsrc2-med-2000,edge-2,1,train,f1-x264-480p-testsrc2-med-2000,video-transcode,2000,none,completed,63.0,0,70.0734661956,26,41.5,87,109.345792745,66.6794166093,87,87
4,v4-08-f1-x264-480p-testsrc2-med-2000,edge-2,2,train,f1-x264-480p-testsrc2-med-2000,video-transcode,2000,none,completed,61.0,0,70.0734661956,26,41.5,87,109.345792745,66.6794166093,87,87
4,v4-08-f1-x264-480p-testsrc2-med-2000,on-prem,1,train,f1-x264-480p-testsrc2-med-2000,video-transcode,2000,none,completed,22.0,0,27.9137308943,26,41.5,29,32.8360300424,22.6561802553,29,29
4,v4-08-f1-x264-480p-testsrc2-med-2000,on-prem,2,train,f1-x264-480p-testsrc2-med-2000,video-transcode,2000,none,completed,23.0,0,27.9137308943,26,41.5,29,32.8360300424,22.6561802553,29,29
4,v4-08-f1-x264-480p-testsrc2-med-2000,public-cloud,1,train,f1-x264-480p-testsrc2-med-2000,video-transcode,2000,r2-heavy,completed,21.0,0,24.5774723575,26,41.5,29,27.4344926888,18.1370230014,29,29
4,v4-08-f1-x264-480p-testsrc2-med-2000,public-cloud,2,train,f1-x264-480p-testsrc2-med-2000,video-transcode,2000,r2-heavy,completed,21.0,0,24.5774723575,26,41.5,29,27.4344926888,18.1370230014,29,29
4,v4-09-f4-bfs-kron-21-n8,edge-1,1,train,f4-bfs-kron-21-n8,graph-kernel,21,none,completed,14.0,2,22.737479475,26,17,17,15.4272486205,15.1071424133,17,17
4,v4-09-f4-bfs-kron-21-n8,edge-1,2,train,f4-bfs-kron-21-n8,graph-kernel,21,none,completed,14.0,2,22.737479475,26,17,17,15.4272486205,15.1071424133,17,17
4,v4-09-f4-bfs-kron-21-n8,edge-2,1,train,f4-bfs-kron-21-n8,graph-kernel,21,none,completed,36.0,2,45.3796719436,26,17,36,35.7473528132,38.3776477843,36,35.5
4,v4-09-f4-bfs-kron-21-n8,edge-2,2,train,f4-bfs-kron-21-n8,graph-kernel,21,none,completed,36.0,2,45.3796719436,26,17,36,35.7473528132,38.3776477843,36,35.5
4,v4-09-f4-bfs-kron-21-n8,on-prem,1,train,f4-bfs-kron-21-n8,graph-kernel,21,none,completed,11.0,2,14.5120976678,26,17,13.5,12.4497700445,12.7637819692,14,13.5
4,v4-09-f4-bfs-kron-21-n8,on-prem,2,train,f4-bfs-kron-21-n8,graph-kernel,21,none,completed,12.0,2,14.5120976678,26,17,13.5,12.4497700445,12.7637819692,14,13.5
4,v4-09-f4-bfs-kron-21-n8,public-cloud,1,train,f4-bfs-kron-21-n8,graph-kernel,21,r2-heavy,completed,13.0,2,12.9605413676,26,17,13,11.9582607431,10.1344185447,11,11
4,v4-09-f4-bfs-kron-21-n8,public-cloud,2,train,f4-bfs-kron-21-n8,graph-kernel,21,r2-heavy,completed,13.0,2,12.9605413676,26,17,13,11.9582607431,10.1344185447,11,11
4,v4-10-f5-sf1-q1-r2,edge-1,1,train,f5-sf1-q1-r2,duckdb-tpch,1,r2-heavy,completed,17.0,0,26.6515150572,26,21,21,19.3829997351,18.653420015,21,21
4,v4-10-f5-sf1-q1-r2,edge-1,2,train,f5-sf1-q1-r2,duckdb-tpch,1,r2-heavy,completed,23.0,0,26.6515150572,26,21,21,19.3829997351,18.653420015,21,21
4,v4-10-f5-sf1-q1-r2,edge-2,1,train,f5-sf1-q1-r2,duckdb-tpch,1,r1-moderate,completed,51.0,0,46.949961174,26,21,48.5,47.2020562163,47.0473464038,48.5,48.5
4,v4-10-f5-sf1-q1-r2,edge-2,2,train,f5-sf1-q1-r2,duckdb-tpch,1,r1-moderate,completed,46.0,0,46.949961174,26,21,48.5,47.2020562163,47.0473464038,48.5,48.5
4,v4-10-f5-sf1-q1-r2,on-prem,1,train,f5-sf1-q1-r2,duckdb-tpch,1,none,completed,12.0,0,21.3537108984,26,21,19,15.0996688705,15.7941265493,19,19
4,v4-10-f5-sf1-q1-r2,on-prem,2,train,f5-sf1-q1-r2,duckdb-tpch,1,none,completed,12.0,0,21.3537108984,26,21,19,15.0996688705,15.7941265493,19,19
4,v4-10-f5-sf1-q1-r2,public-cloud,1,train,f5-sf1-q1-r2,duckdb-tpch,1,r1-moderate,completed,12.0,0,18.5758812251,26,21,16,13.8564064606,12.5858613941,16,16
4,v4-10-f5-sf1-q1-r2,public-cloud,2,train,f5-sf1-q1-r2,duckdb-tpch,1,r1-moderate,completed,16.0,0,18.5758812251,26,21,16,13.8564064606,12.5858613941,16,16
4,v4-11-f3-mnv2-fp32-224-2500,edge-1,1,train,f3-mnv2-fp32-224-2500,onnx-inference-fp32,2500,none,completed,64.0,2,43.4125064248,26,29,40,55.88778418,50.0706974939,40,40
4,v4-11-f3-mnv2-fp32-224-2500,edge-1,2,train,f3-mnv2-fp32-224-2500,onnx-inference-fp32,2500,none,completed,64.0,2,43.4125064248,26,29,40,55.88778418,50.0706974939,40,40
4,v4-11-f3-mnv2-fp32-224-2500,edge-2,1,train,f3-mnv2-fp32-224-2500,onnx-inference-fp32,2500,none,completed,199.0,2,121.560428345,26,29,133,178.430006648,123.854172541,132,133
4,v4-11-f3-mnv2-fp32-224-2500,edge-2,2,train,f3-mnv2-fp32-224-2500,onnx-inference-fp32,2500,none,completed,199.0,2,121.560428345,26,29,133,178.430006648,123.854172541,132,133
4,v4-11-f3-mnv2-fp32-224-2500,on-prem,1,train,f3-mnv2-fp32-224-2500,onnx-inference-fp32,2500,none,completed,30.0,2,26.0620524257,26,29,20,25.8147372206,42.6406363888,20,20
4,v4-11-f3-mnv2-fp32-224-2500,on-prem,2,train,f3-mnv2-fp32-224-2500,onnx-inference-fp32,2500,none,completed,29.0,2,26.0620524257,26,29,20,25.8147372206,42.6406363888,20,20
4,v4-11-f3-mnv2-fp32-224-2500,public-cloud,1,train,f3-mnv2-fp32-224-2500,onnx-inference-fp32,2500,r2-heavy,completed,27.0,2,20.2698010794,26,29,14,21.9533467171,34.3037495215,14,14
4,v4-11-f3-mnv2-fp32-224-2500,public-cloud,2,train,f3-mnv2-fp32-224-2500,onnx-inference-fp32,2500,r2-heavy,completed,28.0,2,20.2698010794,26,29,14,21.9533467171,34.3037495215,14,14
4,v4-12-f2-random-zstd1-chacha-1152,edge-1,1,train,f2-random-zstd1-chacha-1152,compress-encrypt,1152,r3-cpu-pressure,completed,13.0,4,19.3339846819,26,14,13,16.8335202705,20.4330392022,12,12
4,v4-12-f2-random-zstd1-chacha-1152,edge-1,2,train,f2-random-zstd1-chacha-1152,compress-encrypt,1152,r3-cpu-pressure,completed,13.0,4,19.3339846819,26,14,13,16.8335202705,20.4330392022,12,12
4,v4-12-f2-random-zstd1-chacha-1152,edge-1,3,train,f2-random-zstd1-chacha-1152,compress-encrypt,1152,r3-cpu-pressure,completed,12.0,4,19.3339846819,26,14,13,16.8335202705,20.4330392022,12,12
4,v4-12-f2-random-zstd1-chacha-1152,edge-2,1,train,f2-random-zstd1-chacha-1152,compress-encrypt,1152,none,completed,43.0,4,46.4541710527,26,14,43,61.4178774679,51.3980385218,37,37
4,v4-12-f2-random-zstd1-chacha-1152,edge-2,2,train,f2-random-zstd1-chacha-1152,compress-encrypt,1152,none,completed,43.0,4,46.4541710527,26,14,43,61.4178774679,51.3980385218,37,37
4,v4-12-f2-random-zstd1-chacha-1152,edge-2,3,train,f2-random-zstd1-chacha-1152,compress-encrypt,1152,none,completed,43.0,4,46.4541710527,26,14,43,61.4178774679,51.3980385218,37,37
4,v4-12-f2-random-zstd1-chacha-1152,on-prem,1,train,f2-random-zstd1-chacha-1152,compress-encrypt,1152,r3-cpu-pressure,completed,13.0,4,18.1542636181,26,14,14,17.4962787831,17.3148364214,11,11
4,v4-12-f2-random-zstd1-chacha-1152,on-prem,2,train,f2-random-zstd1-chacha-1152,compress-encrypt,1152,r3-cpu-pressure,completed,14.0,4,18.1542636181,26,14,14,17.4962787831,17.3148364214,11,11
4,v4-12-f2-random-zstd1-chacha-1152,on-prem,3,train,f2-random-zstd1-chacha-1152,compress-encrypt,1152,r3-cpu-pressure,completed,15.0,4,18.1542636181,26,14,14,17.4962787831,17.3148364214,11,11
4,v4-12-f2-random-zstd1-chacha-1152,public-cloud,1,train,f2-random-zstd1-chacha-1152,compress-encrypt,1152,r1-moderate,completed,11.0,4,15.7193197476,26,14,11,14.2388429209,13.8160625292,9,9
4,v4-12-f2-random-zstd1-chacha-1152,public-cloud,2,train,f2-random-zstd1-chacha-1152,compress-encrypt,1152,r1-moderate,completed,12.0,4,15.7193197476,26,14,11,14.2388429209,13.8160625292,9,9
4,v4-12-f2-random-zstd1-chacha-1152,public-cloud,3,train,f2-random-zstd1-chacha-1152,compress-encrypt,1152,r1-moderate,completed,11.0,4,15.7193197476,26,14,11,14.2388429209,13.8160625292,9,9
4,v4-13-f3-mnv2-int8-224-2000,edge-1,1,train,f3-mnv2-int8-224-2000,onnx-inference-int8,2000,none,completed,19.0,3,23.6581577725,26,26,17,26.6216831835,32.6128491593,17,17
4,v4-13-f3-mnv2-int8-224-2000,edge-1,2,train,f3-mnv2-int8-224-2000,onnx-inference-int8,2000,none,completed,19.0,3,23.6581577725,26,26,17,26.6216831835,32.6128491593,17,17
4,v4-13-f3-mnv2-int8-224-2000,edge-1,3,train,f3-mnv2-int8-224-2000,onnx-inference-int8,2000,none,completed,121.0,3,23.6581577725,26,26,17,26.6216831835,32.6128491593,17,17
4,v4-13-f3-mnv2-int8-224-2000,edge-2,1,train,f3-mnv2-int8-224-2000,onnx-inference-int8,2000,none,completed,85.0,3,71.766621322,26,26,83,86.7451183752,81.1744106594,84,83
4,v4-13-f3-mnv2-int8-224-2000,edge-2,2,train,f3-mnv2-int8-224-2000,onnx-inference-int8,2000,none,completed,86.0,3,71.766621322,26,26,83,86.7451183752,81.1744106594,84,83
4,v4-13-f3-mnv2-int8-224-2000,edge-2,3,train,f3-mnv2-int8-224-2000,onnx-inference-int8,2000,none,completed,85.0,3,71.766621322,26,26,83,86.7451183752,81.1744106594,84,83
4,v4-13-f3-mnv2-int8-224-2000,on-prem,1,train,f3-mnv2-int8-224-2000,onnx-inference-int8,2000,r1-moderate,completed,37.0,3,31.2352774214,26,26,29,33.0292151919,27.7226570252,31,30
4,v4-13-f3-mnv2-int8-224-2000,on-prem,2,train,f3-mnv2-int8-224-2000,onnx-inference-int8,2000,r1-moderate,completed,37.0,3,31.2352774214,26,26,29,33.0292151919,27.7226570252,31,30
4,v4-13-f3-mnv2-int8-224-2000,on-prem,3,train,f3-mnv2-int8-224-2000,onnx-inference-int8,2000,r1-moderate,censored,,3,31.2352774214,26,26,29,33.0292151919,27.7226570252,31,30
4,v4-13-f3-mnv2-int8-224-2000,public-cloud,1,train,f3-mnv2-int8-224-2000,onnx-inference-int8,2000,r2-heavy,completed,21.0,3,17.804299654,26,26,13,17.2568704372,22.235625626,13,13
4,v4-13-f3-mnv2-int8-224-2000,public-cloud,2,train,f3-mnv2-int8-224-2000,onnx-inference-int8,2000,r2-heavy,completed,21.0,3,17.804299654,26,26,13,17.2568704372,22.235625626,13,13
4,v4-13-f3-mnv2-int8-224-2000,public-cloud,3,train,f3-mnv2-int8-224-2000,onnx-inference-int8,2000,r2-heavy,completed,22.0,3,17.804299654,26,26,13,17.2568704372,22.235625626,13,13
4,v4-14-f4-bfs-kron-22-n4,edge-1,1,train,f4-bfs-kron-22-n4,graph-kernel,22,none,completed,221.0,4,32.9722992381,26,17,17,78.6638417572,43.4514395125,14,14
4,v4-14-f4-bfs-kron-22-n4,edge-1,2,train,f4-bfs-kron-22-n4,graph-kernel,22,none,completed,28.0,4,32.9722992381,26,17,17,78.6638417572,43.4514395125,14,14
4,v4-14-f4-bfs-kron-22-n4,edge-2,1,train,f4-bfs-kron-22-n4,graph-kernel,22,r3-cpu-pressure,completed,364.0,4,62.1226541383,26,17,36,157.327683514,107.671860204,36,36
4,v4-14-f4-bfs-kron-22-n4,edge-2,2,train,f4-bfs-kron-22-n4,graph-kernel,22,r3-cpu-pressure,completed,68.0,4,62.1226541383,26,17,36,157.327683514,107.671860204,36,36
4,v4-14-f4-bfs-kron-22-n4,on-prem,1,train,f4-bfs-kron-22-n4,graph-kernel,22,r2-heavy,completed,25.0,4,21.7132995253,26,17,13.5,25,36.9843864274,12,11.5
4,v4-14-f4-bfs-kron-22-n4,on-prem,2,train,f4-bfs-kron-22-n4,graph-kernel,22,r2-heavy,completed,25.0,4,21.7132995253,26,17,13.5,25,36.9843864274,12,11.5
4,v4-14-f4-bfs-kron-22-n4,public-cloud,1,train,f4-bfs-kron-22-n4,graph-kernel,22,r1-moderate,completed,18.0,4,18.8935955116,26,17,13,17.4928556845,29.7280409986,13,13
4,v4-14-f4-bfs-kron-22-n4,public-cloud,2,train,f4-bfs-kron-22-n4,graph-kernel,22,r1-moderate,completed,17.0,4,18.8935955116,26,17,13,17.4928556845,29.7280409986,13,13
4,v4-15-f1-x264-720p-noise-med-1000,edge-1,1,train,f1-x264-720p-noise-med-1000,video-transcode,1000,none,completed,115.0,2,41.1782779395,26,41.5,33.5,52.7216038975,54.2887562514,25,24.5
4,v4-15-f1-x264-720p-noise-med-1000,edge-1,2,train,f1-x264-720p-noise-med-1000,video-transcode,1000,none,completed,115.0,2,41.1782779395,26,41.5,33.5,52.7216038975,54.2887562514,25,24.5
4,v4-15-f1-x264-720p-noise-med-1000,edge-2,1,train,f1-x264-720p-noise-med-1000,video-transcode,1000,none,completed,278.0,2,87.7870672577,26,41.5,87,128.339483765,134.166196103,61,62
4,v4-15-f1-x264-720p-noise-med-1000,edge-2,2,train,f1-x264-720p-noise-med-1000,video-transcode,1000,none,completed,279.0,2,87.7870672577,26,41.5,87,128.339483765,134.166196103,61,62
4,v4-15-f1-x264-720p-noise-med-1000,on-prem,1,train,f1-x264-720p-noise-med-1000,video-transcode,1000,none,completed,90.0,2,36.410738428,26,41.5,29,45.1001735339,46.2450275081,23,22.5
4,v4-15-f1-x264-720p-noise-med-1000,on-prem,2,train,f1-x264-720p-noise-med-1000,video-transcode,1000,none,completed,90.0,2,36.410738428,26,41.5,29,45.1001735339,46.2450275081,23,22.5
4,v4-15-f1-x264-720p-noise-med-1000,public-cloud,1,train,f1-x264-720p-noise-med-1000,video-transcode,1000,r2-heavy,completed,86.0,2,31.0271845481,26,41.5,29,39.3432723395,37.2195759572,21,21
4,v4-15-f1-x264-720p-noise-med-1000,public-cloud,2,train,f1-x264-720p-noise-med-1000,video-transcode,1000,r2-heavy,completed,83.0,2,31.0271845481,26,41.5,29,39.3432723395,37.2195759572,21,21
4,v4-16-f1-x264-720p-testsrc2-med-1100,edge-1,1,train,f1-x264-720p-testsrc2-med-1100,video-transcode,1100,r3-cpu-pressure,completed,28.0,4,43.2526997188,26,41.5,33.5,50.2164913819,52.2098116798,115,115
4,v4-16-f1-x264-720p-testsrc2-med-1100,edge-1,2,train,f1-x264-720p-testsrc2-med-1100,video-transcode,1100,r3-cpu-pressure,completed,28.0,4,43.2526997188,26,41.5,33.5,50.2164913819,52.2098116798,115,115
4,v4-16-f1-x264-720p-testsrc2-med-1100,edge-2,1,train,f1-x264-720p-testsrc2-med-1100,video-transcode,1100,r1-moderate,completed,74.0,4,96.9896175222,26,41.5,87,125.543950063,129.083733615,279,278.5
4,v4-16-f1-x264-720p-testsrc2-med-1100,edge-2,2,train,f1-x264-720p-testsrc2-med-1100,video-transcode,1100,r1-moderate,completed,75.0,4,96.9896175222,26,41.5,87,125.543950063,129.083733615,279,278.5
4,v4-16-f1-x264-720p-testsrc2-med-1100,on-prem,1,train,f1-x264-720p-testsrc2-med-1100,video-transcode,1100,r2-heavy,completed,27.0,4,36.3379214198,26,41.5,29,43.1744125008,44.4685398434,90,90
4,v4-16-f1-x264-720p-testsrc2-med-1100,on-prem,2,train,f1-x264-720p-testsrc2-med-1100,video-transcode,1100,r2-heavy,completed,26.0,4,36.3379214198,26,41.5,29,43.1744125008,44.4685398434,90,90
4,v4-16-f1-x264-720p-testsrc2-med-1100,public-cloud,1,train,f1-x264-720p-testsrc2-med-1100,video-transcode,1100,none,completed,18.0,4,31.1844731335,26,41.5,29,37.4404504297,35.7824595279,83,84.5
4,v4-16-f1-x264-720p-testsrc2-med-1100,public-cloud,2,train,f1-x264-720p-testsrc2-med-1100,video-transcode,1100,none,completed,19.0,4,31.1844731335,26,41.5,29,37.4404504297,35.7824595279,83,84.5
4,v4-17-f1-x264-720p-testsrc2-med-1400,edge-1,1,train,f1-x264-720p-testsrc2-med-1400,video-transcode,1400,none,completed,33.0,4,41.0609600574,26,41.5,33.5,44.3966723973,48.689015365,28,28
4,v4-17-f1-x264-720p-testsrc2-med-1400,edge-1,2,train,f1-x264-720p-testsrc2-med-1400,video-transcode,1400,none,completed,34.0,4,41.0609600574,26,41.5,33.5,44.3966723973,48.689015365,28,28
4,v4-17-f1-x264-720p-testsrc2-med-1400,edge-2,1,train,f1-x264-720p-testsrc2-med-1400,video-transcode,1400,none,completed,87.0,4,93.1358938548,26,41.5,87,118.739404521,120.476329915,75,74.5
4,v4-17-f1-x264-720p-testsrc2-med-1400,edge-2,2,train,f1-x264-720p-testsrc2-med-1400,video-transcode,1400,none,completed,87.0,4,93.1358938548,26,41.5,87,118.739404521,120.476329915,75,74.5
4,v4-17-f1-x264-720p-testsrc2-med-1400,on-prem,1,train,f1-x264-720p-testsrc2-med-1400,video-transcode,1400,none,completed,29.0,4,35.8900292381,26,41.5,29,38.6609938021,41.459969385,26,26.5
4,v4-17-f1-x264-720p-testsrc2-med-1400,on-prem,2,train,f1-x264-720p-testsrc2-med-1400,video-transcode,1400,none,completed,29.0,4,35.8900292381,26,41.5,29,38.6609938021,41.459969385,26,26.5
4,v4-17-f1-x264-720p-testsrc2-med-1400,public-cloud,1,train,f1-x264-720p-testsrc2-med-1400,video-transcode,1400,r2-heavy,completed,29.0,4,29.2079878913,26,41.5,29,33.026722681,33.3486311819,19,18.5
4,v4-17-f1-x264-720p-testsrc2-med-1400,public-cloud,2,train,f1-x264-720p-testsrc2-med-1400,video-transcode,1400,r2-heavy,completed,29.0,4,29.2079878913,26,41.5,29,33.026722681,33.3486311819,19,18.5
4,v4-18-f0-cpu-45k,edge-1,1,train,f0-cpu-45k,stress-ng-cpu,45000,r1-moderate,completed,82.0,2,61.6036149231,26,51,81.5,81.4984662432,42.6451571105,81,81
4,v4-18-f0-cpu-45k,edge-1,2,train,f0-cpu-45k,stress-ng-cpu,45000,r1-moderate,completed,83.0,2,61.6036149231,26,51,81.5,81.4984662432,42.6451571105,81,81
4,v4-18-f0-cpu-45k,edge-2,1,train,f0-cpu-45k,stress-ng-cpu,45000,r2-heavy,completed,165.0,2,105.978797242,26,51,156,155.740168229,105.70071575,146,146.5
4,v4-18-f0-cpu-45k,edge-2,2,train,f0-cpu-45k,stress-ng-cpu,45000,r2-heavy,completed,166.0,2,105.978797242,26,51,156,155.740168229,105.70071575,146,146.5
4,v4-18-f0-cpu-45k,on-prem,1,train,f0-cpu-45k,stress-ng-cpu,45000,r1-moderate,completed,20.0,2,23.2154131489,26,51,20.5,20.4939015319,36.2954066628,21,20.5
4,v4-18-f0-cpu-45k,on-prem,2,train,f0-cpu-45k,stress-ng-cpu,45000,r1-moderate,completed,21.0,2,23.2154131489,26,51,20.5,20.4939015319,36.2954066628,21,20.5
4,v4-18-f0-cpu-45k,public-cloud,1,train,f0-cpu-45k,stress-ng-cpu,45000,none,completed,18.0,2,19.8487227822,26,51,18,18,29.1706804502,18,18.5
4,v4-18-f0-cpu-45k,public-cloud,2,train,f0-cpu-45k,stress-ng-cpu,45000,none,completed,18.0,2,19.8487227822,26,51,18,18,29.1706804502,18,18.5
4,v4-19-f3-r50-fp32-160-256,edge-1,1,train,f3-r50-fp32-160-256,onnx-inference-fp32,256,none,completed,28.0,4,30.8803358944,26,29,40,27.4013023184,25.0287351714,64,64
4,v4-19-f3-r50-fp32-160-256,edge-1,2,train,f3-r50-fp32-160-256,onnx-inference-fp32,256,none,completed,29.0,4,30.8803358944,26,29,40,27.4013023184,25.0287351714,64,64
4,v4-19-f3-r50-fp32-160-256,edge-2,1,train,f3-r50-fp32-160-256,onnx-inference-fp32,256,r3-cpu-pressure,completed,96.0,4,72.9604685725,26,29,133,90.0671192864,62.6332838903,199,199
4,v4-19-f3-r50-fp32-160-256,edge-2,2,train,f3-r50-fp32-160-256,onnx-inference-fp32,256,r3-cpu-pressure,completed,90.0,4,72.9604685725,26,29,133,90.0671192864,62.6332838903,199,199
4,v4-19-f3-r50-fp32-160-256,on-prem,1,train,f3-r50-fp32-160-256,onnx-inference-fp32,256,none,completed,19.0,4,21.595992458,26,29,20,17.7945427637,21.2419239019,29,29.5
4,v4-19-f3-r50-fp32-160-256,on-prem,2,train,f3-r50-fp32-160-256,onnx-inference-fp32,256,none,completed,18.0,4,21.595992458,26,29,20,17.7945427637,21.2419239019,29,29.5
4,v4-19-f3-r50-fp32-160-256,public-cloud,1,train,f3-r50-fp32-160-256,onnx-inference-fp32,256,r1-moderate,completed,11.0,4,14.0461750718,26,29,14,10.765692053,16.9929390422,28,27.5
4,v4-19-f3-r50-fp32-160-256,public-cloud,2,train,f3-r50-fp32-160-256,onnx-inference-fp32,256,r1-moderate,completed,12.0,4,14.0461750718,26,29,14,10.765692053,16.9929390422,28,27.5
4,v4-20-f5-sf1-q9-r2,edge-1,1,train,f5-sf1-q9-r2,duckdb-tpch,1,none,completed,19.0,2,21.9832027139,26,21,21,19.3829997351,19.9533374776,23,20
4,v4-20-f5-sf1-q9-r2,edge-1,2,train,f5-sf1-q9-r2,duckdb-tpch,1,none,completed,19.0,2,21.9832027139,26,21,21,19.3829997351,19.9533374776,23,20
4,v4-20-f5-sf1-q9-r2,edge-2,1,train,f5-sf1-q9-r2,duckdb-tpch,1,r1-moderate,completed,46.0,2,46.3976310372,26,21,48.5,47.2020562163,50.2252963268,46,48.5
4,v4-20-f5-sf1-q9-r2,edge-2,2,train,f5-sf1-q9-r2,duckdb-tpch,1,r1-moderate,completed,46.0,2,46.3976310372,26,21,48.5,47.2020562163,50.2252963268,46,48.5
4,v4-20-f5-sf1-q9-r2,on-prem,1,train,f5-sf1-q9-r2,duckdb-tpch,1,r2-heavy,completed,19.0,2,19.3722814193,26,21,19,15.0996688705,16.9049244844,12,12
4,v4-20-f5-sf1-q9-r2,on-prem,2,train,f5-sf1-q9-r2,duckdb-tpch,1,r2-heavy,completed,19.0,2,19.3722814193,26,21,19,15.0996688705,16.9049244844,12,12
4,v4-20-f5-sf1-q9-r2,public-cloud,1,train,f5-sf1-q9-r2,duckdb-tpch,1,none,completed,16.0,2,15.8708831345,26,21,16,13.8564064606,13.4844580993,16,14
4,v4-20-f5-sf1-q9-r2,public-cloud,2,train,f5-sf1-q9-r2,duckdb-tpch,1,none,completed,12.0,2,15.8708831345,26,21,16,13.8564064606,13.4844580993,16,14
4,v4-21-f2-random-zstd1-chacha-768,edge-1,1,train,f2-random-zstd1-chacha-768,compress-encrypt,768,none,completed,11.0,4,17.8263434336,26,14,13,12.6158157502,14.4096233461,12,12.5
4,v4-21-f2-random-zstd1-chacha-768,edge-1,2,train,f2-random-zstd1-chacha-768,compress-encrypt,768,none,completed,11.0,4,17.8263434336,26,14,13,12.6158157502,14.4096233461,12,12.5
4,v4-21-f2-random-zstd1-chacha-768,edge-1,3,train,f2-random-zstd1-chacha-768,compress-encrypt,768,none,completed,10.0,4,17.8263434336,26,14,13,12.6158157502,14.4096233461,12,12.5
4,v4-21-f2-random-zstd1-chacha-768,edge-2,1,train,f2-random-zstd1-chacha-768,compress-encrypt,768,none,completed,32.0,4,39.0279534202,26,14,43,38.4180267295,36.6724005438,43,43
4,v4-21-f2-random-zstd1-chacha-768,edge-2,2,train,f2-random-zstd1-chacha-768,compress-encrypt,768,none,completed,32.0,4,39.0279534202,26,14,43,38.4180267295,36.6724005438,43,43
4,v4-21-f2-random-zstd1-chacha-768,edge-2,3,train,f2-random-zstd1-chacha-768,compress-encrypt,768,none,completed,32.0,4,39.0279534202,26,14,43,38.4180267295,36.6724005438,43,43
4,v4-21-f2-random-zstd1-chacha-768,on-prem,1,train,f2-random-zstd1-chacha-768,compress-encrypt,768,none,completed,11.0,4,16.6565479847,26,14,14,11.8863811372,12.1677420191,15,14.5
4,v4-21-f2-random-zstd1-chacha-768,on-prem,2,train,f2-random-zstd1-chacha-768,compress-encrypt,768,none,completed,11.0,4,16.6565479847,26,14,14,11.8863811372,12.1677420191,15,14.5
4,v4-21-f2-random-zstd1-chacha-768,on-prem,3,train,f2-random-zstd1-chacha-768,compress-encrypt,768,none,completed,11.0,4,16.6565479847,26,14,14,11.8863811372,12.1677420191,15,14.5
4,v4-21-f2-random-zstd1-chacha-768,public-cloud,1,train,f2-random-zstd1-chacha-768,compress-encrypt,768,none,completed,10.0,4,13.6490208273,26,14,11,10.1174119999,9.6522430577,11,11.5
4,v4-21-f2-random-zstd1-chacha-768,public-cloud,2,train,f2-random-zstd1-chacha-768,compress-encrypt,768,none,completed,10.0,4,13.6490208273,26,14,11,10.1174119999,9.6522430577,11,11.5
4,v4-21-f2-random-zstd1-chacha-768,public-cloud,3,train,f2-random-zstd1-chacha-768,compress-encrypt,768,none,completed,9.0,4,13.6490208273,26,14,11,10.1174119999,9.6522430577,11,11.5
4,v4-22-f1-x264-720p-testsrc2-med-2400,edge-1,1,train,f1-x264-720p-testsrc2-med-2400,video-transcode,2400,none,completed,55.0,4,40.2959215528,26,41.5,33.5,33.7122033119,51.0828388958,34,33.5
4,v4-22-f1-x264-720p-testsrc2-med-2400,edge-1,2,train,f1-x264-720p-testsrc2-med-2400,video-transcode,2400,none,completed,56.0,4,40.2959215528,26,41.5,33.5,33.7122033119,51.0828388958,34,33.5
4,v4-22-f1-x264-720p-testsrc2-med-2400,edge-2,1,train,f1-x264-720p-testsrc2-med-2400,video-transcode,2400,r2-heavy,completed,198.0,4,99.3523010172,26,41.5,87,104.834897508,126.328587096,87,87
4,v4-22-f1-x264-720p-testsrc2-med-2400,edge-2,2,train,f1-x264-720p-testsrc2-med-2400,video-transcode,2400,r2-heavy,completed,194.0,4,99.3523010172,26,41.5,87,104.834897508,126.328587096,87,87
4,v4-22-f1-x264-720p-testsrc2-med-2400,on-prem,1,train,f1-x264-720p-testsrc2-med-2400,video-transcode,2400,r3-cpu-pressure,completed,48.0,4,35.7503981299,26,41.5,29,30.2062805505,43.5055255927,29,29
4,v4-22-f1-x264-720p-testsrc2-med-2400,on-prem,2,train,f1-x264-720p-testsrc2-med-2400,video-transcode,2400,r3-cpu-pressure,completed,48.0,4,35.7503981299,26,41.5,29,30.2062805505,43.5055255927,29,29
4,v4-22-f1-x264-720p-testsrc2-med-2400,public-cloud,1,train,f1-x264-720p-testsrc2-med-2400,video-transcode,2400,none,completed,35.0,4,29.8399670793,26,41.5,29,24.9524218618,35.003414658,29,29
4,v4-22-f1-x264-720p-testsrc2-med-2400,public-cloud,2,train,f1-x264-720p-testsrc2-med-2400,video-transcode,2400,none,completed,35.0,4,29.8399670793,26,41.5,29,24.9524218618,35.003414658,29,29
4,v4-23-f3-r50-int8-224-128,edge-1,1,train,f3-r50-int8-224-128,onnx-inference-int8,128,r3-cpu-pressure,completed,9.0,4,19.5319041205,26,26,17,8.71038477499,17.166878418,121,70
4,v4-23-f3-r50-int8-224-128,edge-1,2,train,f3-r50-int8-224-128,onnx-inference-int8,128,r3-cpu-pressure,completed,9.0,4,19.5319041205,26,26,17,8.71038477499,17.166878418,121,70
4,v4-23-f3-r50-int8-224-128,edge-1,3,train,f3-r50-int8-224-128,onnx-inference-int8,128,r3-cpu-pressure,completed,9.0,4,19.5319041205,26,26,17,8.71038477499,17.166878418,121,70
4,v4-23-f3-r50-int8-224-128,edge-2,1,train,f3-r50-int8-224-128,onnx-inference-int8,128,none,completed,50.0,4,49.4804827532,26,26,83,47.7282651864,43.4131504724,85,85.5
4,v4-23-f3-r50-int8-224-128,edge-2,2,train,f3-r50-int8-224-128,onnx-inference-int8,128,none,completed,47.0,4,49.4804827532,26,26,83,47.7282651864,43.4131504724,85,85.5
4,v4-23-f3-r50-int8-224-128,edge-2,3,train,f3-r50-int8-224-128,onnx-inference-int8,128,none,completed,46.0,4,49.4804827532,26,26,83,47.7282651864,43.4131504724,85,85.5
4,v4-23-f3-r50-int8-224-128,on-prem,1,train,f3-r50-int8-224-128,onnx-inference-int8,128,none,completed,26.0,4,24.7207939475,26,26,29,26.4276364041,14.5238556406,37,37
4,v4-23-f3-r50-int8-224-128,on-prem,2,train,f3-r50-int8-224-128,onnx-inference-int8,128,none,completed,27.0,4,24.7207939475,26,26,29,26.4276364041,14.5238556406,37,37
4,v4-23-f3-r50-int8-224-128,on-prem,3,train,f3-r50-int8-224-128,onnx-inference-int8,128,none,completed,27.0,4,24.7207939475,26,26,29,26.4276364041,14.5238556406,37,37
4,v4-23-f3-r50-int8-224-128,public-cloud,1,train,f3-r50-int8-224-128,onnx-inference-int8,128,r3-cpu-pressure,completed,12.0,4,15.0906232615,26,26,13,11.0467926146,11.5582566272,22,21.5
4,v4-23-f3-r50-int8-224-128,public-cloud,2,train,f3-r50-int8-224-128,onnx-inference-int8,128,r3-cpu-pressure,completed,11.0,4,15.0906232615,26,26,13,11.0467926146,11.5582566272,22,21.5
4,v4-23-f3-r50-int8-224-128,public-cloud,3,train,f3-r50-int8-224-128,onnx-inference-int8,128,r3-cpu-pressure,completed,11.0,4,15.0906232615,26,26,13,11.0467926146,11.5582566272,22,21.5
4,v4-24-f5-sf2-q1-r2,edge-1,1,train,f5-sf2-q1-r2,duckdb-tpch,2,r3-cpu-pressure,completed,34.0,4,29.6137524134,26,21,21,33.4962684489,35.0786156398,19,19
4,v4-24-f5-sf2-q1-r2,edge-1,2,train,f5-sf2-q1-r2,duckdb-tpch,2,r3-cpu-pressure,completed,33.0,4,29.6137524134,26,21,21,33.4962684489,35.0786156398,19,19
4,v4-24-f5-sf2-q1-r2,edge-2,1,train,f5-sf2-q1-r2,duckdb-tpch,2,none,completed,106.0,4,68.8801030307,26,21,48.5,106.995327001,87.2025490775,46,46
4,v4-24-f5-sf2-q1-r2,edge-2,2,train,f5-sf2-q1-r2,duckdb-tpch,2,none,completed,108.0,4,68.8801030307,26,21,48.5,106.995327001,87.2025490775,46,46
4,v4-24-f5-sf2-q1-r2,on-prem,1,train,f5-sf2-q1-r2,duckdb-tpch,2,r2-heavy,completed,25.0,4,23.9612373749,26,21,19,28.2842712475,29.8296895051,19,19
4,v4-24-f5-sf2-q1-r2,on-prem,2,train,f5-sf2-q1-r2,duckdb-tpch,2,r2-heavy,completed,32.0,4,23.9612373749,26,21,19,28.2842712475,29.8296895051,19,19
4,v4-24-f5-sf2-q1-r2,public-cloud,1,train,f5-sf2-q1-r2,duckdb-tpch,2,r1-moderate,completed,26.0,4,20.3094559269,26,21,16,22.2261107709,23.9401412578,12,14
4,v4-24-f5-sf2-q1-r2,public-cloud,2,train,f5-sf2-q1-r2,duckdb-tpch,2,r1-moderate,completed,19.0,4,20.3094559269,26,21,16,22.2261107709,23.9401412578,12,14
4,v4-cal2-none,edge-1,1,startup-calibration,f9-startup-null,startup-calibration,1,none,completed,4.0,4,29.7554841082,26,26,23.5,20.0717473345,22.9012090498,5,5.5
4,v4-cal2-none,edge-2,1,startup-calibration,f9-startup-null,startup-calibration,1,none,completed,10.0,4,34.4269591742,26,26,78.5,20.0717473345,57.4320525286,8,9
4,v4-cal2-none,on-prem,1,startup-calibration,f9-startup-null,startup-calibration,1,none,completed,5.0,4,25.512468067,26,26,21,20.0717473345,19.4239226127,5,5.5
4,v4-cal2-none,public-cloud,1,startup-calibration,f9-startup-null,startup-calibration,1,none,completed,5.0,4,21.028695754,26,26,15,20.0717473345,15.5222395417,5,5
4,v4-cal2-r1-moderate,edge-1,1,startup-calibration,f9-startup-null,startup-calibration,1,r1-moderate,completed,4.0,4,30.1566478776,26,26,23.5,20.0717473345,22.9012090498,4,4.5
4,v4-cal2-r1-moderate,edge-2,1,startup-calibration,f9-startup-null,startup-calibration,1,r1-moderate,completed,10.0,4,34.873157824,26,26,78.5,20.0717473345,57.4320525286,10,9
4,v4-cal2-r1-moderate,on-prem,1,startup-calibration,f9-startup-null,startup-calibration,1,r1-moderate,completed,5.0,4,25.3518204356,26,26,21,20.0717473345,19.4239226127,5,5
4,v4-cal2-r1-moderate,public-cloud,1,startup-calibration,f9-startup-null,startup-calibration,1,r1-moderate,completed,5.0,4,21.105024651,26,26,15,20.0717473345,15.5222395417,5,5
4,v4-cal2-r2-heavy,edge-1,1,startup-calibration,f9-startup-null,startup-calibration,1,r2-heavy,completed,5.0,4,29.9983446058,26,26,23.5,20.0717473345,22.9012090498,4,4
4,v4-cal2-r2-heavy,edge-2,1,startup-calibration,f9-startup-null,startup-calibration,1,r2-heavy,completed,10.0,4,34.8367604396,26,26,78.5,20.0717473345,57.4320525286,10,10
4,v4-cal2-r2-heavy,on-prem,1,startup-calibration,f9-startup-null,startup-calibration,1,r2-heavy,completed,5.0,4,25.3643458183,26,26,21,20.0717473345,19.4239226127,5,5
4,v4-cal2-r2-heavy,public-cloud,1,startup-calibration,f9-startup-null,startup-calibration,1,r2-heavy,completed,5.0,4,21.6576760172,26,26,15,20.0717473345,15.5222395417,5,5
4,v4-cal2-r3-cpu-pressure,edge-1,1,startup-calibration,f9-startup-null,startup-calibration,1,r3-cpu-pressure,completed,4.0,4,30.3126933166,26,26,23.5,20.0717473345,22.9012090498,5,4.5
4,v4-cal2-r3-cpu-pressure,edge-2,1,startup-calibration,f9-startup-null,startup-calibration,1,r3-cpu-pressure,completed,10.0,4,35.0091440714,26,26,78.5,20.0717473345,57.4320525286,10,10
4,v4-cal2-r3-cpu-pressure,on-prem,1,startup-calibration,f9-startup-null,startup-calibration,1,r3-cpu-pressure,completed,5.0,4,24.9303934933,26,26,21,20.0717473345,19.4239226127,5,5
4,v4-cal2-r3-cpu-pressure,public-cloud,1,startup-calibration,f9-startup-null,startup-calibration,1,r3-cpu-pressure,completed,6.0,4,21.5291252999,26,26,15,20.0717473345,15.5222395417,5,5
4,v4-25-f3-r50-fp32-224-128,edge-1,1,calibration,f3-r50-fp32-224-128,onnx-inference-fp32,128,none,completed,30.0,4,29.9511550436,26,29,40,22.0606803985,19.3557479946,29,28.5
4,v4-25-f3-r50-fp32-224-128,edge-1,2,calibration,f3-r50-fp32-224-128,onnx-inference-fp32,128,none,completed,29.0,4,29.9511550436,26,29,40,22.0606803985,19.3557479946,29,28.5
4,v4-25-f3-r50-fp32-224-128,edge-2,1,calibration,f3-r50-fp32-224-128,onnx-inference-fp32,128,r2-heavy,completed,116.0,4,70.3672948405,26,29,133,73.1576635433,48.7643501466,90,93
4,v4-25-f3-r50-fp32-224-128,edge-2,2,calibration,f3-r50-fp32-224-128,onnx-inference-fp32,128,r2-heavy,completed,114.0,4,70.3672948405,26,29,133,73.1576635433,48.7643501466,90,93
4,v4-25-f3-r50-fp32-224-128,on-prem,1,calibration,f3-r50-fp32-224-128,onnx-inference-fp32,128,none,completed,19.0,4,21.1816044812,26,29,20,15.8905866925,16.3942757833,18,18.5
4,v4-25-f3-r50-fp32-224-128,on-prem,2,calibration,f3-r50-fp32-224-128,onnx-inference-fp32,128,none,completed,18.0,4,21.1816044812,26,29,20,15.8905866925,16.3942757833,18,18.5
4,v4-25-f3-r50-fp32-224-128,public-cloud,1,calibration,f3-r50-fp32-224-128,onnx-inference-fp32,128,r3-cpu-pressure,completed,12.0,4,15.828342909,26,29,14,8.66794374853,13.0713611482,12,11.5
4,v4-25-f3-r50-fp32-224-128,public-cloud,2,calibration,f3-r50-fp32-224-128,onnx-inference-fp32,128,r3-cpu-pressure,completed,11.0,4,15.828342909,26,29,14,8.66794374853,13.0713611482,12,11.5
4,v4-26-f5-sf2-q9-r2,edge-1,1,calibration,f5-sf2-q9-r2,duckdb-tpch,2,none,completed,35.0,4,24.8594316651,26,21,21,33.4962684489,37.4649291904,33,33.5
4,v4-26-f5-sf2-q9-r2,edge-1,2,calibration,f5-sf2-q9-r2,duckdb-tpch,2,none,completed,24.0,4,24.8594316651,26,21,21,33.4962684489,37.4649291904,33,33.5
4,v4-26-f5-sf2-q9-r2,edge-2,1,calibration,f5-sf2-q9-r2,duckdb-tpch,2,r2-heavy,completed,132.0,4,70.6566567328,26,21,48.5,106.995327001,93.0364463689,108,107
4,v4-26-f5-sf2-q9-r2,edge-2,2,calibration,f5-sf2-q9-r2,duckdb-tpch,2,r2-heavy,completed,170.0,4,70.6566567328,26,21,48.5,106.995327001,93.0364463689,108,107
4,v4-26-f5-sf2-q9-r2,on-prem,1,calibration,f5-sf2-q9-r2,duckdb-tpch,2,r3-cpu-pressure,completed,25.0,4,22.3562103265,26,21,19,28.2842712475,31.868828328,32,28.5
4,v4-26-f5-sf2-q9-r2,on-prem,2,calibration,f5-sf2-q9-r2,duckdb-tpch,2,r3-cpu-pressure,completed,24.0,4,22.3562103265,26,21,19,28.2842712475,31.868828328,32,28.5
4,v4-26-f5-sf2-q9-r2,public-cloud,1,calibration,f5-sf2-q9-r2,duckdb-tpch,2,none,completed,20.0,4,17.344488198,26,21,16,22.2261107709,25.589733294,19,22.5
4,v4-26-f5-sf2-q9-r2,public-cloud,2,calibration,f5-sf2-q9-r2,duckdb-tpch,2,none,completed,26.0,4,17.344488198,26,21,16,22.2261107709,25.589733294,19,22.5
4,v4-27-f4-bfs-kron-22-n6,edge-1,1,calibration,f4-bfs-kron-22-n6,graph-kernel,22,none,completed,27.0,4,30.723092977,26,17,17,78.6638417572,41.8761978076,28,124.5
4,v4-27-f4-bfs-kron-22-n6,edge-1,2,calibration,f4-bfs-kron-22-n6,graph-kernel,22,none,completed,27.0,4,30.723092977,26,17,17,78.6638417572,41.8761978076,28,124.5
4,v4-27-f4-bfs-kron-22-n6,edge-2,1,calibration,f4-bfs-kron-22-n6,graph-kernel,22,none,completed,68.0,4,59.8728979583,26,17,36,157.327683514,103.820816273,68,216
4,v4-27-f4-bfs-kron-22-n6,edge-2,2,calibration,f4-bfs-kron-22-n6,graph-kernel,22,none,completed,68.0,4,59.8728979583,26,17,36,157.327683514,103.820816273,68,216
4,v4-27-f4-bfs-kron-22-n6,on-prem,1,calibration,f4-bfs-kron-22-n6,graph-kernel,22,none,completed,21.0,4,18.881257565,26,17,13.5,25,35.6383200166,25,25
4,v4-27-f4-bfs-kron-22-n6,on-prem,2,calibration,f4-bfs-kron-22-n6,graph-kernel,22,none,completed,21.0,4,18.881257565,26,17,13.5,25,35.6383200166,25,25
4,v4-27-f4-bfs-kron-22-n6,public-cloud,1,calibration,f4-bfs-kron-22-n6,graph-kernel,22,r2-heavy,completed,23.0,4,16.8928422716,26,17,13,17.4928556845,28.6391203197,17,17.5
4,v4-27-f4-bfs-kron-22-n6,public-cloud,2,calibration,f4-bfs-kron-22-n6,graph-kernel,22,r2-heavy,completed,23.0,4,16.8928422716,26,17,13,17.4928556845,28.6391203197,17,17.5
4,v4-28-f2-text-zstd12-aes-512,edge-1,1,calibration,f2-text-zstd12-aes-512,compress-encrypt,512,none,completed,125.0,4,4.30302321326,26,14,13,9.45487363819,5.49732377761,10,10.5
4,v4-28-f2-text-zstd12-aes-512,edge-1,2,calibration,f2-text-zstd12-aes-512,compress-encrypt,512,none,completed,124.0,4,4.30302321326,26,14,13,9.45487363819,5.49732377761,10,10.5
4,v4-28-f2-text-zstd12-aes-512,edge-1,3,calibration,f2-text-zstd12-aes-512,compress-encrypt,512,none,completed,126.0,4,4.30302321326,26,14,13,9.45487363819,5.49732377761,10,10.5
4,v4-28-f2-text-zstd12-aes-512,edge-2,1,calibration,f2-text-zstd12-aes-512,compress-encrypt,512,none,completed,423.0,4,63.3535675038,26,14,43,24.0311915462,14.884215877,32,32
4,v4-28-f2-text-zstd12-aes-512,edge-2,2,calibration,f2-text-zstd12-aes-512,compress-encrypt,512,none,completed,425.0,4,63.3535675038,26,14,43,24.0311915462,14.884215877,32,32
4,v4-28-f2-text-zstd12-aes-512,edge-2,3,calibration,f2-text-zstd12-aes-512,compress-encrypt,512,none,completed,424.0,4,63.3535675038,26,14,43,24.0311915462,14.884215877,32,32
4,v4-28-f2-text-zstd12-aes-512,on-prem,1,calibration,f2-text-zstd12-aes-512,compress-encrypt,512,r1-moderate,completed,62.0,4,5.59933850619,26,14,14,8.07520606464,4.5520554524,11,11
4,v4-28-f2-text-zstd12-aes-512,on-prem,2,calibration,f2-text-zstd12-aes-512,compress-encrypt,512,r1-moderate,completed,62.0,4,5.59933850619,26,14,14,8.07520606464,4.5520554524,11,11
4,v4-28-f2-text-zstd12-aes-512,on-prem,3,calibration,f2-text-zstd12-aes-512,compress-encrypt,512,r1-moderate,completed,62.0,4,5.59933850619,26,14,14,8.07520606464,4.5520554524,11,11
4,v4-28-f2-text-zstd12-aes-512,public-cloud,1,calibration,f2-text-zstd12-aes-512,compress-encrypt,512,r1-moderate,completed,47.0,4,4.72530043549,26,14,11,7.18892863305,3.49141880689,9,9.5
4,v4-28-f2-text-zstd12-aes-512,public-cloud,2,calibration,f2-text-zstd12-aes-512,compress-encrypt,512,r1-moderate,completed,47.0,4,4.72530043549,26,14,11,7.18892863305,3.49141880689,9,9.5
4,v4-28-f2-text-zstd12-aes-512,public-cloud,3,calibration,f2-text-zstd12-aes-512,compress-encrypt,512,r1-moderate,completed,47.0,4,4.72530043549,26,14,11,7.18892863305,3.49141880689,9,9.5
4,v4-29-f4-bfs-uniform-21-n4,edge-1,1,calibration,f4-bfs-uniform-21-n4,graph-kernel,21,none,completed,14.0,4,26.6820536282,26,17,17,15.4272486205,16.2268530743,27,27
4,v4-29-f4-bfs-uniform-21-n4,edge-1,2,calibration,f4-bfs-uniform-21-n4,graph-kernel,21,none,completed,13.0,4,26.6820536282,26,17,17,15.4272486205,16.2268530743,27,27
4,v4-29-f4-bfs-uniform-21-n4,edge-2,1,calibration,f4-bfs-uniform-21-n4,graph-kernel,21,none,completed,32.0,4,49.4931383472,26,17,36,35.7473528132,41.1150403581,68,68
4,v4-29-f4-bfs-uniform-21-n4,edge-2,2,calibration,f4-bfs-uniform-21-n4,graph-kernel,21,none,completed,32.0,4,49.4931383472,26,17,36,35.7473528132,41.1150403581,68,68
4,v4-29-f4-bfs-uniform-21-n4,on-prem,1,calibration,f4-bfs-uniform-21-n4,graph-kernel,21,r1-moderate,completed,10.0,4,17.1789347184,26,17,13.5,12.4497700445,13.7205906328,21,21
4,v4-29-f4-bfs-uniform-21-n4,on-prem,2,calibration,f4-bfs-uniform-21-n4,graph-kernel,21,r1-moderate,completed,10.0,4,17.1789347184,26,17,13.5,12.4497700445,13.7205906328,21,21
4,v4-29-f4-bfs-uniform-21-n4,public-cloud,1,calibration,f4-bfs-uniform-21-n4,graph-kernel,21,r2-heavy,completed,12.0,4,14.5977596367,26,17,13,11.9582607431,10.9084433114,23,23
4,v4-29-f4-bfs-uniform-21-n4,public-cloud,2,calibration,f4-bfs-uniform-21-n4,graph-kernel,21,r2-heavy,completed,12.0,4,14.5977596367,26,17,13,11.9582607431,10.9084433114,23,23
4,v4-30-f1-x264-720p-testsrc2-med-3600,edge-1,1,calibration,f1-x264-720p-testsrc2-med-3600,video-transcode,3600,r2-heavy,completed,114.0,4,41.6435598522,26,41.5,33.5,27.4059304276,69.8154502103,56,55.5
4,v4-30-f1-x264-720p-testsrc2-med-3600,edge-1,2,calibration,f1-x264-720p-testsrc2-med-3600,video-transcode,3600,r2-heavy,completed,114.0,4,41.6435598522,26,41.5,33.5,27.4059304276,69.8154502103,56,55.5
4,v4-30-f1-x264-720p-testsrc2-med-3600,edge-2,1,calibration,f1-x264-720p-testsrc2-med-3600,video-transcode,3600,none,completed,213.0,4,117.893169343,26,41.5,87,95.4590109134,172.12480293,194,196
4,v4-30-f1-x264-720p-testsrc2-med-3600,edge-2,2,calibration,f1-x264-720p-testsrc2-med-3600,video-transcode,3600,none,completed,210.0,4,117.893169343,26,41.5,87,95.4590109134,172.12480293,194,196
4,v4-30-f1-x264-720p-testsrc2-med-3600,on-prem,1,calibration,f1-x264-720p-testsrc2-med-3600,video-transcode,3600,r1-moderate,completed,68.0,4,35.2993231808,26,41.5,29,25.0884189044,59.5128080286,48,48
4,v4-30-f1-x264-720p-testsrc2-med-3600,on-prem,2,calibration,f1-x264-720p-testsrc2-med-3600,video-transcode,3600,r1-moderate,completed,68.0,4,35.2993231808,26,41.5,29,25.0884189044,59.5128080286,48,48
4,v4-30-f1-x264-720p-testsrc2-med-3600,public-cloud,1,calibration,f1-x264-720p-testsrc2-med-3600,video-transcode,3600,r1-moderate,completed,52.0,4,30.6464694615,26,41.5,29,20.2079868978,47.9527466661,35,35
4,v4-30-f1-x264-720p-testsrc2-med-3600,public-cloud,2,calibration,f1-x264-720p-testsrc2-med-3600,video-transcode,3600,r1-moderate,completed,51.0,4,30.6464694615,26,41.5,29,20.2079868978,47.9527466661,35,35
4,v4-31-f3-r50-int8-224-192,edge-1,1,calibration,f3-r50-int8-224-192,onnx-inference-int8,192,r1-moderate,completed,13.0,4,19.1937640877,26,26,17,10.2708221816,17.4421529345,9,9
4,v4-31-f3-r50-int8-224-192,edge-1,2,calibration,f3-r50-int8-224-192,onnx-inference-int8,192,r1-moderate,completed,13.0,4,19.1937640877,26,26,17,10.2708221816,17.4421529345,9,9
4,v4-31-f3-r50-int8-224-192,edge-1,3,calibration,f3-r50-int8-224-192,onnx-inference-int8,192,r1-moderate,completed,14.0,4,19.1937640877,26,26,17,10.2708221816,17.4421529345,9,9
4,v4-31-f3-r50-int8-224-192,edge-2,1,calibration,f3-r50-int8-224-192,onnx-inference-int8,192,none,completed,66.0,4,49.7037581022,26,26,83,52.1252312248,44.086122914,46,46.5
4,v4-31-f3-r50-int8-224-192,edge-2,2,calibration,f3-r50-int8-224-192,onnx-inference-int8,192,none,completed,64.0,4,49.7037581022,26,26,83,52.1252312248,44.086122914,46,46.5
4,v4-31-f3-r50-int8-224-192,edge-2,3,calibration,f3-r50-int8-224-192,onnx-inference-int8,192,none,completed,64.0,4,49.7037581022,26,26,83,52.1252312248,44.086122914,46,46.5
4,v4-31-f3-r50-int8-224-192,on-prem,1,calibration,f3-r50-int8-224-192,onnx-inference-int8,192,none,completed,35.0,4,25.9799748561,26,26,29,27.311304261,14.7590816248,27,27
4,v4-31-f3-r50-int8-224-192,on-prem,2,calibration,f3-r50-int8-224-192,onnx-inference-int8,192,none,completed,34.0,4,25.9799748561,26,26,29,27.311304261,14.7590816248,27,27
4,v4-31-f3-r50-int8-224-192,on-prem,3,calibration,f3-r50-int8-224-192,onnx-inference-int8,192,none,completed,34.0,4,25.9799748561,26,26,29,27.311304261,14.7590816248,27,27
4,v4-31-f3-r50-int8-224-192,public-cloud,1,calibration,f3-r50-int8-224-192,onnx-inference-int8,192,r3-cpu-pressure,completed,15.0,4,15.3055906233,26,26,13,11.7980767531,11.7485462268,11,11
4,v4-31-f3-r50-int8-224-192,public-cloud,2,calibration,f3-r50-int8-224-192,onnx-inference-int8,192,r3-cpu-pressure,completed,14.0,4,15.3055906233,26,26,13,11.7980767531,11.7485462268,11,11
4,v4-31-f3-r50-int8-224-192,public-cloud,3,calibration,f3-r50-int8-224-192,onnx-inference-int8,192,r3-cpu-pressure,completed,14.0,4,15.3055906233,26,26,13,11.7980767531,11.7485462268,11,11
4,v4-32-f2-text-zstd12-chacha-512,edge-1,1,calibration,f2-text-zstd12-chacha-512,compress-encrypt,512,none,completed,125.0,4,4.70839662503,26,14,13,9.45487363819,5.49732377761,126,125
4,v4-32-f2-text-zstd12-chacha-512,edge-1,2,calibration,f2-text-zstd12-chacha-512,compress-encrypt,512,none,completed,124.0,4,4.70839662503,26,14,13,9.45487363819,5.49732377761,126,125
4,v4-32-f2-text-zstd12-chacha-512,edge-1,3,calibration,f2-text-zstd12-chacha-512,compress-encrypt,512,none,completed,125.0,4,4.70839662503,26,14,13,9.45487363819,5.49732377761,126,125
4,v4-32-f2-text-zstd12-chacha-512,edge-2,1,calibration,f2-text-zstd12-chacha-512,compress-encrypt,512,r3-cpu-pressure,completed,437.0,4,82.3868660038,26,14,43,24.0311915462,14.884215877,424,424.5
4,v4-32-f2-text-zstd12-chacha-512,edge-2,2,calibration,f2-text-zstd12-chacha-512,compress-encrypt,512,r3-cpu-pressure,completed,438.0,4,82.3868660038,26,14,43,24.0311915462,14.884215877,424,424.5
4,v4-32-f2-text-zstd12-chacha-512,edge-2,3,calibration,f2-text-zstd12-chacha-512,compress-encrypt,512,r3-cpu-pressure,completed,439.0,4,82.3868660038,26,14,43,24.0311915462,14.884215877,424,424.5
4,v4-32-f2-text-zstd12-chacha-512,on-prem,1,calibration,f2-text-zstd12-chacha-512,compress-encrypt,512,none,completed,60.0,4,5.75996085431,26,14,14,8.07520606464,4.5520554524,62,62
4,v4-32-f2-text-zstd12-chacha-512,on-prem,2,calibration,f2-text-zstd12-chacha-512,compress-encrypt,512,none,completed,60.0,4,5.75996085431,26,14,14,8.07520606464,4.5520554524,62,62
4,v4-32-f2-text-zstd12-chacha-512,on-prem,3,calibration,f2-text-zstd12-chacha-512,compress-encrypt,512,none,completed,60.0,4,5.75996085431,26,14,14,8.07520606464,4.5520554524,62,62
4,v4-32-f2-text-zstd12-chacha-512,public-cloud,1,calibration,f2-text-zstd12-chacha-512,compress-encrypt,512,r1-moderate,completed,47.0,4,4.85966562121,26,14,11,7.18892863305,3.49141880689,47,47
4,v4-32-f2-text-zstd12-chacha-512,public-cloud,2,calibration,f2-text-zstd12-chacha-512,compress-encrypt,512,r1-moderate,completed,47.0,4,4.85966562121,26,14,11,7.18892863305,3.49141880689,47,47
4,v4-32-f2-text-zstd12-chacha-512,public-cloud,3,calibration,f2-text-zstd12-chacha-512,compress-encrypt,512,r1-moderate,completed,46.0,4,4.85966562121,26,14,11,7.18892863305,3.49141880689,47,47
4,v4-33-f3-r50-fp32-224-192,edge-1,1,calibration,f3-r50-fp32-224-192,onnx-inference-fp32,192,none,completed,40.0,4,30.0870130847,26,29,40,25.0434679479,19.7864982637,29,29.5
4,v4-33-f3-r50-fp32-224-192,edge-1,2,calibration,f3-r50-fp32-224-192,onnx-inference-fp32,192,none,completed,40.0,4,30.0870130847,26,29,40,25.0434679479,19.7864982637,29,29.5
4,v4-33-f3-r50-fp32-224-192,edge-2,1,calibration,f3-r50-fp32-224-192,onnx-inference-fp32,192,none,completed,127.0,4,70.4990902653,26,29,133,82.6200990122,49.8174191482,114,115
4,v4-33-f3-r50-fp32-224-192,edge-2,2,calibration,f3-r50-fp32-224-192,onnx-inference-fp32,192,none,completed,126.0,4,70.4990902653,26,29,133,82.6200990122,49.8174191482,114,115
4,v4-33-f3-r50-fp32-224-192,on-prem,1,calibration,f3-r50-fp32-224-192,onnx-inference-fp32,192,none,completed,25.0,4,20.974245729,26,29,20,16.9780976142,16.7623580064,18,18.5
4,v4-33-f3-r50-fp32-224-192,on-prem,2,calibration,f3-r50-fp32-224-192,onnx-inference-fp32,192,none,completed,24.0,4,20.974245729,26,29,20,16.9780976142,16.7623580064,18,18.5
4,v4-33-f3-r50-fp32-224-192,public-cloud,1,calibration,f3-r50-fp32-224-192,onnx-inference-fp32,192,r2-heavy,completed,18.0,4,16.7558617728,26,29,14,9.8395715419,13.3691268015,11,11.5
4,v4-33-f3-r50-fp32-224-192,public-cloud,2,calibration,f3-r50-fp32-224-192,onnx-inference-fp32,192,r2-heavy,completed,18.0,4,16.7558617728,26,29,14,9.8395715419,13.3691268015,11,11.5
4,v4-34-f3-r50-int8-224-288,edge-1,1,calibration,f3-r50-int8-224-288,onnx-inference-int8,288,r1-moderate,completed,17.0,4,19.5678451837,26,26,17,12.1108069289,17.9366779149,14,13.5
4,v4-34-f3-r50-int8-224-288,edge-1,2,calibration,f3-r50-int8-224-288,onnx-inference-int8,288,r1-moderate,completed,17.0,4,19.5678451837,26,26,17,12.1108069289,17.9366779149,14,13.5
4,v4-34-f3-r50-int8-224-288,edge-1,3,calibration,f3-r50-int8-224-288,onnx-inference-int8,288,r1-moderate,completed,17.0,4,19.5678451837,26,26,17,12.1108069289,17.9366779149,14,13.5
4,v4-34-f3-r50-int8-224-288,edge-2,1,calibration,f3-r50-int8-224-288,onnx-inference-int8,288,r2-heavy,completed,130.0,4,52.131239173,26,26,83,56.9272677235,45.2951039982,64,64
4,v4-34-f3-r50-int8-224-288,edge-2,2,calibration,f3-r50-int8-224-288,onnx-inference-int8,288,r2-heavy,completed,117.0,4,52.131239173,26,26,83,56.9272677235,45.2951039982,64,64
4,v4-34-f3-r50-int8-224-288,edge-2,3,calibration,f3-r50-int8-224-288,onnx-inference-int8,288,r2-heavy,completed,118.0,4,52.131239173,26,26,83,56.9272677235,45.2951039982,64,64
4,v4-34-f3-r50-int8-224-288,on-prem,1,calibration,f3-r50-int8-224-288,onnx-inference-int8,288,none,completed,48.0,4,25.6785796785,26,26,29,28.2245195534,15.1816602445,34,34
4,v4-34-f3-r50-int8-224-288,on-prem,2,calibration,f3-r50-int8-224-288,onnx-inference-int8,288,none,completed,48.0,4,25.6785796785,26,26,29,28.2245195534,15.1816602445,34,34
4,v4-34-f3-r50-int8-224-288,on-prem,3,calibration,f3-r50-int8-224-288,onnx-inference-int8,288,none,completed,48.0,4,25.6785796785,26,26,29,28.2245195534,15.1816602445,34,34
4,v4-34-f3-r50-int8-224-288,public-cloud,1,calibration,f3-r50-int8-224-288,onnx-inference-int8,288,none,completed,17.0,4,14.1984244727,26,26,13,12.6004551664,12.0903975603,14,14
4,v4-34-f3-r50-int8-224-288,public-cloud,2,calibration,f3-r50-int8-224-288,onnx-inference-int8,288,none,completed,18.0,4,14.1984244727,26,26,13,12.6004551664,12.0903975603,14,14
4,v4-34-f3-r50-int8-224-288,public-cloud,3,calibration,f3-r50-int8-224-288,onnx-inference-int8,288,none,completed,19.0,4,14.1984244727,26,26,13,12.6004551664,12.0903975603,14,14
4,v4-35-f3-mnv2-int8-224-1500,edge-1,1,calibration,f3-mnv2-int8-224-1500,onnx-inference-int8,1500,none,completed,18.0,4,22.372383215,26,26,17,23.6841224984,27.2746585085,17,17
4,v4-35-f3-mnv2-int8-224-1500,edge-1,2,calibration,f3-mnv2-int8-224-1500,onnx-inference-int8,1500,none,completed,17.0,4,22.372383215,26,26,17,23.6841224984,27.2746585085,17,17
4,v4-35-f3-mnv2-int8-224-1500,edge-1,3,calibration,f3-mnv2-int8-224-1500,onnx-inference-int8,1500,none,completed,16.0,4,22.372383215,26,26,17,23.6841224984,27.2746585085,17,17
4,v4-35-f3-mnv2-int8-224-1500,edge-2,1,calibration,f3-mnv2-int8-224-1500,onnx-inference-int8,1500,none,completed,67.0,4,72.0921789117,26,26,83,81.4873853038,68.1239647233,118,117.5
4,v4-35-f3-mnv2-int8-224-1500,edge-2,2,calibration,f3-mnv2-int8-224-1500,onnx-inference-int8,1500,none,completed,67.0,4,72.0921789117,26,26,83,81.4873853038,68.1239647233,118,117.5
4,v4-35-f3-mnv2-int8-224-1500,edge-2,3,calibration,f3-mnv2-int8-224-1500,onnx-inference-int8,1500,none,completed,67.0,4,72.0921789117,26,26,83,81.4873853038,68.1239647233,118,117.5
4,v4-35-f3-mnv2-int8-224-1500,on-prem,1,calibration,f3-mnv2-int8-224-1500,onnx-inference-int8,1500,r3-cpu-pressure,completed,28.0,4,30.3042420135,26,26,29,32.2673657568,23.1610972933,48,48
4,v4-35-f3-mnv2-int8-224-1500,on-prem,2,calibration,f3-mnv2-int8-224-1500,onnx-inference-int8,1500,r3-cpu-pressure,completed,30.0,4,30.3042420135,26,26,29,32.2673657568,23.1610972933,48,48
4,v4-35-f3-mnv2-int8-224-1500,on-prem,3,calibration,f3-mnv2-int8-224-1500,onnx-inference-int8,1500,r3-cpu-pressure,completed,30.0,4,30.3042420135,26,26,29,32.2673657568,23.1610972933,48,48
4,v4-35-f3-mnv2-int8-224-1500,public-cloud,1,calibration,f3-mnv2-int8-224-1500,onnx-inference-int8,1500,r3-cpu-pressure,completed,13.0,4,16.5110110138,26,26,13,16.4697778689,18.5454832375,19,18.5
4,v4-35-f3-mnv2-int8-224-1500,public-cloud,2,calibration,f3-mnv2-int8-224-1500,onnx-inference-int8,1500,r3-cpu-pressure,completed,13.0,4,16.5110110138,26,26,13,16.4697778689,18.5454832375,19,18.5
4,v4-35-f3-mnv2-int8-224-1500,public-cloud,3,calibration,f3-mnv2-int8-224-1500,onnx-inference-int8,1500,r3-cpu-pressure,completed,14.0,4,16.5110110138,26,26,13,16.4697778689,18.5454832375,19,18.5
4,v4-36-f5-sf3-q1-r2,edge-1,1,calibration,f5-sf3-q1-r2,duckdb-tpch,3,r3-cpu-pressure,completed,45.0,4,32.7143944883,26,21,21,46.1284807371,54.791414446,24,29.5
4,v4-36-f5-sf3-q1-r2,edge-1,2,calibration,f5-sf3-q1-r2,duckdb-tpch,3,r3-cpu-pressure,completed,48.0,4,32.7143944883,26,21,21,46.1284807371,54.791414446,24,29.5
4,v4-36-f5-sf3-q1-r2,edge-2,1,calibration,f5-sf3-q1-r2,duckdb-tpch,3,r3-cpu-pressure,completed,149.0,4,99.5681706593,26,21,48.5,172.68823875,135.395060717,170,151
4,v4-36-f5-sf3-q1-r2,edge-2,2,calibration,f5-sf3-q1-r2,duckdb-tpch,3,r3-cpu-pressure,completed,122.0,4,99.5681706593,26,21,48.5,172.68823875,135.395060717,170,151
4,v4-36-f5-sf3-q1-r2,on-prem,1,calibration,f5-sf3-q1-r2,duckdb-tpch,3,r3-cpu-pressure,completed,27.0,4,26.3308785276,26,21,19,40.8312476446,46.6745560748,24,24.5
4,v4-36-f5-sf3-q1-r2,on-prem,2,calibration,f5-sf3-q1-r2,duckdb-tpch,3,r3-cpu-pressure,completed,28.0,4,26.3308785276,26,21,19,40.8312476446,46.6745560748,24,24.5
4,v4-36-f5-sf3-q1-r2,public-cloud,1,calibration,f5-sf3-q1-r2,duckdb-tpch,3,none,completed,35.0,4,21.9393926583,26,21,16,29.3025423502,37.5670495549,26,23
4,v4-36-f5-sf3-q1-r2,public-cloud,2,calibration,f5-sf3-q1-r2,duckdb-tpch,3,none,completed,36.0,4,21.9393926583,26,21,16,29.3025423502,37.5670495549,26,23
4,v4-37-f3-r50-fp32-224-224,edge-1,1,calibration,f3-r50-fp32-224-224,onnx-inference-fp32,224,r3-cpu-pressure,completed,45.0,4,31.1915671003,26,29,40,26.2804759887,20.017451009,40,40
4,v4-37-f3-r50-fp32-224-224,edge-1,2,calibration,f3-r50-fp32-224-224,onnx-inference-fp32,224,r3-cpu-pressure,completed,45.0,4,31.1915671003,26,29,40,26.2804759887,20.017451009,40,40
4,v4-37-f3-r50-fp32-224-224,edge-2,1,calibration,f3-r50-fp32-224-224,onnx-inference-fp32,224,none,completed,146.0,4,72.2215520841,26,29,133,86.5304934237,50.3820367337,126,126.5
4,v4-37-f3-r50-fp32-224-224,edge-2,2,calibration,f3-r50-fp32-224-224,onnx-inference-fp32,224,none,completed,142.0,4,72.2215520841,26,29,133,86.5304934237,50.3820367337,126,126.5
4,v4-37-f3-r50-fp32-224-224,on-prem,1,calibration,f3-r50-fp32-224-224,onnx-inference-fp32,224,r1-moderate,completed,28.0,4,21.4964844912,26,29,20,17.4108079295,16.9597104076,24,24.5
4,v4-37-f3-r50-fp32-224-224,on-prem,2,calibration,f3-r50-fp32-224-224,onnx-inference-fp32,224,r1-moderate,completed,29.0,4,21.4964844912,26,29,20,17.4108079295,16.9597104076,24,24.5
4,v4-37-f3-r50-fp32-224-224,public-cloud,1,calibration,f3-r50-fp32-224-224,onnx-inference-fp32,224,none,completed,16.0,4,16.4774042752,26,29,14,10.3254518922,13.5287779963,18,18
4,v4-37-f3-r50-fp32-224-224,public-cloud,2,calibration,f3-r50-fp32-224-224,onnx-inference-fp32,224,none,completed,15.0,4,16.4774042752,26,29,14,10.3254518922,13.5287779963,18,18
4,v4-38-f1-x264-720p-testsrc2-med-800,edge-1,1,calibration,f1-x264-720p-testsrc2-med-800,video-transcode,800,r1-moderate,completed,24.0,4,43.2386587085,26,41.5,33.5,59.086408294,60.745412486,114,114
4,v4-38-f1-x264-720p-testsrc2-med-800,edge-1,2,calibration,f1-x264-720p-testsrc2-med-800,video-transcode,800,r1-moderate,completed,24.0,4,43.2386587085,26,41.5,33.5,59.086408294,60.745412486,114,114
4,v4-38-f1-x264-720p-testsrc2-med-800,edge-2,1,calibration,f1-x264-720p-testsrc2-med-800,video-transcode,800,none,completed,54.0,4,92.7895619076,26,41.5,87,135.130390019,149.950990733,210,211.5
4,v4-38-f1-x264-720p-testsrc2-med-800,edge-2,2,calibration,f1-x264-720p-testsrc2-med-800,video-transcode,800,none,completed,54.0,4,92.7895619076,26,41.5,87,135.130390019,149.950990733,210,211.5
4,v4-38-f1-x264-720p-testsrc2-med-800,on-prem,1,calibration,f1-x264-720p-testsrc2-med-800,video-transcode,800,none,completed,19.0,4,35.3863554954,26,41.5,29,49.9515282107,51.7623319674,68,68
4,v4-38-f1-x264-720p-testsrc2-med-800,on-prem,2,calibration,f1-x264-720p-testsrc2-med-800,video-transcode,800,none,completed,19.0,4,35.3863554954,26,41.5,29,49.9515282107,51.7623319674,68,68
4,v4-38-f1-x264-720p-testsrc2-med-800,public-cloud,1,calibration,f1-x264-720p-testsrc2-med-800,video-transcode,800,r3-cpu-pressure,completed,17.0,4,30.6329838767,26,41.5,29,44.1851061106,41.6828824253,51,51.5
4,v4-38-f1-x264-720p-testsrc2-med-800,public-cloud,2,calibration,f1-x264-720p-testsrc2-med-800,video-transcode,800,r3-cpu-pressure,completed,17.0,4,30.6329838767,26,41.5,29,44.1851061106,41.6828824253,51,51.5
4,v4-39-f4-cc-kron-21-n1,edge-1,1,calibration,f4-cc-kron-21-n1,graph-kernel,21,r3-cpu-pressure,completed,15.0,4,33.2587826779,26,17,17,15.4272486205,17.7899087977,13,13.5
4,v4-39-f4-cc-kron-21-n1,edge-1,2,calibration,f4-cc-kron-21-n1,graph-kernel,21,r3-cpu-pressure,completed,14.0,4,33.2587826779,26,17,17,15.4272486205,17.7899087977,13,13.5
4,v4-39-f4-cc-kron-21-n1,edge-2,1,calibration,f4-cc-kron-21-n1,graph-kernel,21,none,completed,36.0,4,54.3475213786,26,17,36,35.7473528132,44.936292829,32,32
4,v4-39-f4-cc-kron-21-n1,edge-2,2,calibration,f4-cc-kron-21-n1,graph-kernel,21,none,completed,35.0,4,54.3475213786,26,17,36,35.7473528132,44.936292829,32,32
4,v4-39-f4-cc-kron-21-n1,on-prem,1,calibration,f4-cc-kron-21-n1,graph-kernel,21,r3-cpu-pressure,completed,11.0,4,21.7207269067,26,17,13.5,12.4497700445,15.0562439493,10,10
4,v4-39-f4-cc-kron-21-n1,on-prem,2,calibration,f4-cc-kron-21-n1,graph-kernel,21,r3-cpu-pressure,completed,11.0,4,21.7207269067,26,17,13.5,12.4497700445,15.0562439493,10,10
4,v4-39-f4-cc-kron-21-n1,public-cloud,1,calibration,f4-cc-kron-21-n1,graph-kernel,21,r1-moderate,completed,11.0,4,18.2559584181,26,17,13,11.9582607431,11.988940161,12,12
4,v4-39-f4-cc-kron-21-n1,public-cloud,2,calibration,f4-cc-kron-21-n1,graph-kernel,21,r1-moderate,completed,12.0,4,18.2559584181,26,17,13,11.9582607431,11.988940161,12,12
4,v4-40-f4-pr-kron-21-n1,edge-1,1,calibration,f4-pr-kron-21-n1,graph-kernel,21,r2-heavy,completed,25.0,4,33.1727742068,26,17,17,15.4272486205,17.7899087977,14,14.5
4,v4-40-f4-pr-kron-21-n1,edge-1,2,calibration,f4-pr-kron-21-n1,graph-kernel,21,r2-heavy,completed,25.0,4,33.1727742068,26,17,17,15.4272486205,17.7899087977,14,14.5
4,v4-40-f4-pr-kron-21-n1,edge-2,1,calibration,f4-pr-kron-21-n1,graph-kernel,21,r3-cpu-pressure,completed,55.0,4,55.0634428221,26,17,36,35.7473528132,44.936292829,35,35.5
4,v4-40-f4-pr-kron-21-n1,edge-2,2,calibration,f4-pr-kron-21-n1,graph-kernel,21,r3-cpu-pressure,completed,54.0,4,55.0634428221,26,17,36,35.7473528132,44.936292829,35,35.5
4,v4-40-f4-pr-kron-21-n1,on-prem,1,calibration,f4-pr-kron-21-n1,graph-kernel,21,none,completed,12.0,4,21.8868139791,26,17,13.5,12.4497700445,15.0562439493,11,11
4,v4-40-f4-pr-kron-21-n1,on-prem,2,calibration,f4-pr-kron-21-n1,graph-kernel,21,none,completed,14.0,4,21.8868139791,26,17,13.5,12.4497700445,15.0562439493,11,11
4,v4-40-f4-pr-kron-21-n1,public-cloud,1,calibration,f4-pr-kron-21-n1,graph-kernel,21,none,completed,12.0,4,18.2539295958,26,17,13,11.9582607431,11.988940161,12,11.5
4,v4-40-f4-pr-kron-21-n1,public-cloud,2,calibration,f4-pr-kron-21-n1,graph-kernel,21,none,completed,12.0,4,18.2539295958,26,17,13,11.9582607431,11.988940161,12,11.5
4,v4-41-f5-sf3-q21-r2,edge-1,1,calibration,f5-sf3-q21-r2,duckdb-tpch,3,none,completed,33.0,4,23.6387193807,26,21,21,46.1284807371,61.1814028359,48,46.5
4,v4-41-f5-sf3-q21-r2,edge-1,2,calibration,f5-sf3-q21-r2,duckdb-tpch,3,none,completed,46.0,4,23.6387193807,26,21,21,46.1284807371,61.1814028359,48,46.5
4,v4-41-f5-sf3-q21-r2,edge-2,1,calibration,f5-sf3-q21-r2,duckdb-tpch,3,none,completed,147.0,4,95.8144770475,26,21,48.5,172.68823875,151.016870328,122,135.5
4,v4-41-f5-sf3-q21-r2,edge-2,2,calibration,f5-sf3-q21-r2,duckdb-tpch,3,none,completed,134.0,4,95.8144770475,26,21,48.5,172.68823875,151.016870328,122,135.5
4,v4-41-f5-sf3-q21-r2,on-prem,1,calibration,f5-sf3-q21-r2,duckdb-tpch,3,none,completed,28.0,4,23.6301115488,26,21,19,40.8312476446,52.1348919139,28,27.5
4,v4-41-f5-sf3-q21-r2,on-prem,2,calibration,f5-sf3-q21-r2,duckdb-tpch,3,none,completed,28.0,4,23.6301115488,26,21,19,40.8312476446,52.1348919139,28,27.5
4,v4-41-f5-sf3-q21-r2,public-cloud,1,calibration,f5-sf3-q21-r2,duckdb-tpch,3,none,completed,25.0,4,16.4594977717,26,21,16,29.3025423502,41.9842704004,36,35.5
4,v4-41-f5-sf3-q21-r2,public-cloud,2,calibration,f5-sf3-q21-r2,duckdb-tpch,3,none,completed,24.0,4,16.4594977717,26,21,16,29.3025423502,41.9842704004,36,35.5
4,v4-42-f3-mnv2-int8-224-2000,edge-1,1,calibration,f3-mnv2-int8-224-2000,onnx-inference-int8,2000,none,completed,19.0,4,23.4461233542,26,26,17,26.6216831835,32.6128491593,16,16.5
4,v4-42-f3-mnv2-int8-224-2000,edge-1,2,calibration,f3-mnv2-int8-224-2000,onnx-inference-int8,2000,none,completed,19.0,4,23.4461233542,26,26,17,26.6216831835,32.6128491593,16,16.5
4,v4-42-f3-mnv2-int8-224-2000,edge-1,3,calibration,f3-mnv2-int8-224-2000,onnx-inference-int8,2000,none,completed,19.0,4,23.4461233542,26,26,17,26.6216831835,32.6128491593,16,16.5
4,v4-42-f3-mnv2-int8-224-2000,edge-2,1,calibration,f3-mnv2-int8-224-2000,onnx-inference-int8,2000,r1-moderate,completed,91.0,4,76.0475860649,26,26,83,86.7451183752,81.1744106594,67,67
4,v4-42-f3-mnv2-int8-224-2000,edge-2,2,calibration,f3-mnv2-int8-224-2000,onnx-inference-int8,2000,r1-moderate,completed,91.0,4,76.0475860649,26,26,83,86.7451183752,81.1744106594,67,67
4,v4-42-f3-mnv2-int8-224-2000,edge-2,3,calibration,f3-mnv2-int8-224-2000,onnx-inference-int8,2000,r1-moderate,completed,92.0,4,76.0475860649,26,26,83,86.7451183752,81.1744106594,67,67
4,v4-42-f3-mnv2-int8-224-2000,on-prem,1,calibration,f3-mnv2-int8-224-2000,onnx-inference-int8,2000,none,completed,36.0,4,30.9708068791,26,26,29,33.0292151919,27.7226570252,30,30
4,v4-42-f3-mnv2-int8-224-2000,on-prem,2,calibration,f3-mnv2-int8-224-2000,onnx-inference-int8,2000,none,completed,36.0,4,30.9708068791,26,26,29,33.0292151919,27.7226570252,30,30
4,v4-42-f3-mnv2-int8-224-2000,on-prem,3,calibration,f3-mnv2-int8-224-2000,onnx-inference-int8,2000,none,completed,37.0,4,30.9708068791,26,26,29,33.0292151919,27.7226570252,30,30
4,v4-42-f3-mnv2-int8-224-2000,public-cloud,1,calibration,f3-mnv2-int8-224-2000,onnx-inference-int8,2000,r2-heavy,completed,22.0,4,17.3625762807,26,26,13,17.2568704372,22.235625626,14,13.5
4,v4-42-f3-mnv2-int8-224-2000,public-cloud,2,calibration,f3-mnv2-int8-224-2000,onnx-inference-int8,2000,r2-heavy,completed,22.0,4,17.3625762807,26,26,13,17.2568704372,22.235625626,14,13.5
4,v4-42-f3-mnv2-int8-224-2000,public-cloud,3,calibration,f3-mnv2-int8-224-2000,onnx-inference-int8,2000,r2-heavy,completed,22.0,4,17.3625762807,26,26,13,17.2568704372,22.235625626,14,13.5
4,v4-43-f0-cpu-45k,edge-1,1,calibration,f0-cpu-45k,stress-ng-cpu,45000,none,completed,82.0,4,61.508897329,26,51,81.5,81.4984662432,42.6451571105,83,82.5
4,v4-43-f0-cpu-45k,edge-1,2,calibration,f0-cpu-45k,stress-ng-cpu,45000,none,completed,82.0,4,61.508897329,26,51,81.5,81.4984662432,42.6451571105,83,82.5
4,v4-43-f0-cpu-45k,edge-2,1,calibration,f0-cpu-45k,stress-ng-cpu,45000,none,completed,148.0,4,106.320398323,26,51,156,155.740168229,105.70071575,166,165.5
4,v4-43-f0-cpu-45k,edge-2,2,calibration,f0-cpu-45k,stress-ng-cpu,45000,none,completed,147.0,4,106.320398323,26,51,156,155.740168229,105.70071575,166,165.5
4,v4-43-f0-cpu-45k,on-prem,1,calibration,f0-cpu-45k,stress-ng-cpu,45000,none,completed,21.0,4,23.0028025003,26,51,20.5,20.4939015319,36.2954066628,21,20.5
4,v4-43-f0-cpu-45k,on-prem,2,calibration,f0-cpu-45k,stress-ng-cpu,45000,none,completed,22.0,4,23.0028025003,26,51,20.5,20.4939015319,36.2954066628,21,20.5
4,v4-43-f0-cpu-45k,public-cloud,1,calibration,f0-cpu-45k,stress-ng-cpu,45000,r2-heavy,completed,19.0,4,20.6485577943,26,51,18,18,29.1706804502,18,18
4,v4-43-f0-cpu-45k,public-cloud,2,calibration,f0-cpu-45k,stress-ng-cpu,45000,r2-heavy,completed,20.0,4,20.6485577943,26,51,18,18,29.1706804502,18,18
4,v4-44-f0-cpu-45k,edge-1,1,test,f0-cpu-45k,stress-ng-cpu,45000,r3-cpu-pressure,completed,82.0,4,63.0565844948,26,51,81.5,81.4984662432,42.6451571105,82,82
4,v4-44-f0-cpu-45k,edge-1,2,test,f0-cpu-45k,stress-ng-cpu,45000,r3-cpu-pressure,completed,82.0,4,63.0565844948,26,51,81.5,81.4984662432,42.6451571105,82,82
4,v4-44-f0-cpu-45k,edge-2,1,test,f0-cpu-45k,stress-ng-cpu,45000,none,completed,148.0,4,105.655440071,26,51,156,155.740168229,105.70071575,147,147.5
4,v4-44-f0-cpu-45k,edge-2,2,test,f0-cpu-45k,stress-ng-cpu,45000,none,completed,147.0,4,105.655440071,26,51,156,155.740168229,105.70071575,147,147.5
4,v4-44-f0-cpu-45k,on-prem,1,test,f0-cpu-45k,stress-ng-cpu,45000,r3-cpu-pressure,completed,21.0,4,23.3718386707,26,51,20.5,20.4939015319,36.2954066628,22,21.5
4,v4-44-f0-cpu-45k,on-prem,2,test,f0-cpu-45k,stress-ng-cpu,45000,r3-cpu-pressure,completed,22.0,4,23.3718386707,26,51,20.5,20.4939015319,36.2954066628,22,21.5
4,v4-44-f0-cpu-45k,public-cloud,1,test,f0-cpu-45k,stress-ng-cpu,45000,r1-moderate,completed,18.0,4,20.7562605833,26,51,18,18,29.1706804502,20,19.5
4,v4-44-f0-cpu-45k,public-cloud,2,test,f0-cpu-45k,stress-ng-cpu,45000,r1-moderate,completed,19.0,4,20.7562605833,26,51,18,18,29.1706804502,20,19.5
4,v4-45-f3-r50-int8-224-128,edge-1,1,test,f3-r50-int8-224-128,onnx-inference-int8,128,r3-cpu-pressure,completed,9.0,4,19.4910864544,26,26,17,8.71038477499,17.166878418,19,19
4,v4-45-f3-r50-int8-224-128,edge-1,2,test,f3-r50-int8-224-128,onnx-inference-int8,128,r3-cpu-pressure,completed,10.0,4,19.4910864544,26,26,17,8.71038477499,17.166878418,19,19
4,v4-45-f3-r50-int8-224-128,edge-1,3,test,f3-r50-int8-224-128,onnx-inference-int8,128,r3-cpu-pressure,completed,10.0,4,19.4910864544,26,26,17,8.71038477499,17.166878418,19,19
4,v4-45-f3-r50-int8-224-128,edge-2,1,test,f3-r50-int8-224-128,onnx-inference-int8,128,none,completed,48.0,4,52.3585669172,26,26,83,47.7282651864,43.4131504724,92,91.5
4,v4-45-f3-r50-int8-224-128,edge-2,2,test,f3-r50-int8-224-128,onnx-inference-int8,128,none,completed,46.0,4,52.3585669172,26,26,83,47.7282651864,43.4131504724,92,91.5
4,v4-45-f3-r50-int8-224-128,edge-2,3,test,f3-r50-int8-224-128,onnx-inference-int8,128,none,completed,47.0,4,52.3585669172,26,26,83,47.7282651864,43.4131504724,92,91.5
4,v4-45-f3-r50-int8-224-128,on-prem,1,test,f3-r50-int8-224-128,onnx-inference-int8,128,none,completed,26.0,4,26.3077169084,26,26,29,26.4276364041,14.5238556406,37,36.5
4,v4-45-f3-r50-int8-224-128,on-prem,2,test,f3-r50-int8-224-128,onnx-inference-int8,128,none,completed,25.0,4,26.3077169084,26,26,29,26.4276364041,14.5238556406,37,36.5
4,v4-45-f3-r50-int8-224-128,on-prem,3,test,f3-r50-int8-224-128,onnx-inference-int8,128,none,completed,24.0,4,26.3077169084,26,26,29,26.4276364041,14.5238556406,37,36.5
4,v4-45-f3-r50-int8-224-128,public-cloud,1,test,f3-r50-int8-224-128,onnx-inference-int8,128,r2-heavy,completed,14.0,4,15.2318641102,26,26,13,11.0467926146,11.5582566272,22,22
4,v4-45-f3-r50-int8-224-128,public-cloud,2,test,f3-r50-int8-224-128,onnx-inference-int8,128,r2-heavy,completed,15.0,4,15.2318641102,26,26,13,11.0467926146,11.5582566272,22,22
4,v4-45-f3-r50-int8-224-128,public-cloud,3,test,f3-r50-int8-224-128,onnx-inference-int8,128,r2-heavy,completed,16.0,4,15.2318641102,26,26,13,11.0467926146,11.5582566272,22,22
4,v4-46-f3-r50-int8-224-192,edge-1,1,test,f3-r50-int8-224-192,onnx-inference-int8,192,none,completed,12.0,4,19.1523842294,26,26,17,10.2708221816,17.4421529345,10,10
4,v4-46-f3-r50-int8-224-192,edge-1,2,test,f3-r50-int8-224-192,onnx-inference-int8,192,none,completed,11.0,4,19.1523842294,26,26,17,10.2708221816,17.4421529345,10,10
4,v4-46-f3-r50-int8-224-192,edge-1,3,test,f3-r50-int8-224-192,onnx-inference-int8,192,none,completed,12.0,4,19.1523842294,26,26,17,10.2708221816,17.4421529345,10,10
4,v4-46-f3-r50-int8-224-192,edge-2,1,test,f3-r50-int8-224-192,onnx-inference-int8,192,none,completed,64.0,4,52.8699059754,26,26,83,52.1252312248,44.086122914,47,46.5
4,v4-46-f3-r50-int8-224-192,edge-2,2,test,f3-r50-int8-224-192,onnx-inference-int8,192,none,completed,64.0,4,52.8699059754,26,26,83,52.1252312248,44.086122914,47,46.5
4,v4-46-f3-r50-int8-224-192,edge-2,3,test,f3-r50-int8-224-192,onnx-inference-int8,192,none,completed,65.0,4,52.8699059754,26,26,83,52.1252312248,44.086122914,47,46.5
4,v4-46-f3-r50-int8-224-192,on-prem,1,test,f3-r50-int8-224-192,onnx-inference-int8,192,none,completed,35.0,4,26.9516230494,26,26,29,27.311304261,14.7590816248,24,24.5
4,v4-46-f3-r50-int8-224-192,on-prem,2,test,f3-r50-int8-224-192,onnx-inference-int8,192,none,completed,34.0,4,26.9516230494,26,26,29,27.311304261,14.7590816248,24,24.5
4,v4-46-f3-r50-int8-224-192,on-prem,3,test,f3-r50-int8-224-192,onnx-inference-int8,192,none,completed,35.0,4,26.9516230494,26,26,29,27.311304261,14.7590816248,24,24.5
4,v4-46-f3-r50-int8-224-192,public-cloud,1,test,f3-r50-int8-224-192,onnx-inference-int8,192,none,completed,13.0,4,14.8261646516,26,26,13,11.7980767531,11.7485462268,16,15.5
4,v4-46-f3-r50-int8-224-192,public-cloud,2,test,f3-r50-int8-224-192,onnx-inference-int8,192,none,completed,13.0,4,14.8261646516,26,26,13,11.7980767531,11.7485462268,16,15.5
4,v4-46-f3-r50-int8-224-192,public-cloud,3,test,f3-r50-int8-224-192,onnx-inference-int8,192,none,completed,14.0,4,14.8261646516,26,26,13,11.7980767531,11.7485462268,16,15.5
4,v4-47-f3-r50-fp32-224-288,edge-1,1,test,f3-r50-fp32-224-288,onnx-inference-fp32,288,r2-heavy,completed,81.0,4,31.8559290824,26,29,40,28.4295531927,20.5016885043,45,45
4,v4-47-f3-r50-fp32-224-288,edge-1,2,test,f3-r50-fp32-224-288,onnx-inference-fp32,288,r2-heavy,completed,81.0,4,31.8559290824,26,29,40,28.4295531927,20.5016885043,45,45
4,v4-47-f3-r50-fp32-224-288,edge-2,1,test,f3-r50-fp32-224-288,onnx-inference-fp32,288,r1-moderate,completed,188.0,4,75.626904812,26,29,133,93.3064347626,51.5658676731,142,144
4,v4-47-f3-r50-fp32-224-288,edge-2,2,test,f3-r50-fp32-224-288,onnx-inference-fp32,288,r1-moderate,completed,185.0,4,75.626904812,26,29,133,93.3064347626,51.5658676731,142,144
4,v4-47-f3-r50-fp32-224-288,on-prem,1,test,f3-r50-fp32-224-288,onnx-inference-fp32,288,none,completed,33.0,4,21.9417166687,26,29,20,18.140034989,17.3734982251,29,28.5
4,v4-47-f3-r50-fp32-224-288,on-prem,2,test,f3-r50-fp32-224-288,onnx-inference-fp32,288,none,completed,33.0,4,21.9417166687,26,29,20,18.140034989,17.3734982251,29,28.5
4,v4-47-f3-r50-fp32-224-288,public-cloud,1,test,f3-r50-fp32-224-288,onnx-inference-fp32,288,r3-cpu-pressure,completed,19.0,4,16.7678915722,26,29,14,11.169565809,13.8635178781,15,15.5
4,v4-47-f3-r50-fp32-224-288,public-cloud,2,test,f3-r50-fp32-224-288,onnx-inference-fp32,288,r3-cpu-pressure,completed,18.0,4,16.7678915722,26,29,14,11.169565809,13.8635178781,15,15.5
4,v4-48-f1-x264-720p-testsrc2-veryfast-2400,edge-1,1,test,f1-x264-720p-testsrc2-veryfast-2400,video-transcode,2400,none,completed,30.0,4,40.6825808204,26,41.5,33.5,33.7122033119,51.0828388958,24,24
4,v4-48-f1-x264-720p-testsrc2-veryfast-2400,edge-1,2,test,f1-x264-720p-testsrc2-veryfast-2400,video-transcode,2400,none,completed,30.0,4,40.6825808204,26,41.5,33.5,33.7122033119,51.0828388958,24,24
4,v4-48-f1-x264-720p-testsrc2-veryfast-2400,edge-2,1,test,f1-x264-720p-testsrc2-veryfast-2400,video-transcode,2400,none,completed,74.0,4,99.4981394293,26,41.5,87,104.834897508,126.328587096,54,54
4,v4-48-f1-x264-720p-testsrc2-veryfast-2400,edge-2,2,test,f1-x264-720p-testsrc2-veryfast-2400,video-transcode,2400,none,completed,75.0,4,99.4981394293,26,41.5,87,104.834897508,126.328587096,54,54
4,v4-48-f1-x264-720p-testsrc2-veryfast-2400,on-prem,1,test,f1-x264-720p-testsrc2-veryfast-2400,video-transcode,2400,none,completed,26.0,4,35.3970138577,26,41.5,29,30.2062805505,43.5055255927,19,19
4,v4-48-f1-x264-720p-testsrc2-veryfast-2400,on-prem,2,test,f1-x264-720p-testsrc2-veryfast-2400,video-transcode,2400,none,completed,27.0,4,35.3970138577,26,41.5,29,30.2062805505,43.5055255927,19,19
4,v4-48-f1-x264-720p-testsrc2-veryfast-2400,public-cloud,1,test,f1-x264-720p-testsrc2-veryfast-2400,video-transcode,2400,none,completed,22.0,4,29.0381882737,26,41.5,29,24.9524218618,35.003414658,17,17
4,v4-48-f1-x264-720p-testsrc2-veryfast-2400,public-cloud,2,test,f1-x264-720p-testsrc2-veryfast-2400,video-transcode,2400,none,completed,20.0,4,29.0381882737,26,41.5,29,24.9524218618,35.003414658,17,17
4,v4-49-f4-pr-kron-22-n1,edge-1,1,test,f4-pr-kron-22-n1,graph-kernel,22,none,completed,33.0,4,40.7157506457,26,17,17,78.6638417572,47.4846820698,25,25
4,v4-49-f4-pr-kron-22-n1,edge-1,2,test,f4-pr-kron-22-n1,graph-kernel,22,none,completed,34.0,4,40.7157506457,26,17,17,78.6638417572,47.4846820698,25,25
4,v4-49-f4-pr-kron-22-n1,edge-2,1,test,f4-pr-kron-22-n1,graph-kernel,22,none,completed,104.0,4,67.824793903,26,17,36,157.327683514,117.532057673,54,54.5
4,v4-49-f4-pr-kron-22-n1,edge-2,2,test,f4-pr-kron-22-n1,graph-kernel,22,none,completed,104.0,4,67.824793903,26,17,36,157.327683514,117.532057673,54,54.5
4,v4-49-f4-pr-kron-22-n1,on-prem,1,test,f4-pr-kron-22-n1,graph-kernel,22,none,completed,26.0,4,27.423195484,26,17,13.5,25,40.4308494786,14,13
4,v4-49-f4-pr-kron-22-n1,on-prem,2,test,f4-pr-kron-22-n1,graph-kernel,22,none,completed,24.0,4,27.423195484,26,17,13.5,25,40.4308494786,14,13
4,v4-49-f4-pr-kron-22-n1,public-cloud,1,test,f4-pr-kron-22-n1,graph-kernel,22,r2-heavy,completed,26.0,4,22.7599006647,26,17,13,17.4928556845,32.5161091471,12,12
4,v4-49-f4-pr-kron-22-n1,public-cloud,2,test,f4-pr-kron-22-n1,graph-kernel,22,r2-heavy,completed,26.0,4,22.7599006647,26,17,13,17.4928556845,32.5161091471,12,12
4,v4-50-f2-mixed-zstd1-aes-1024,edge-1,1,test,f2-mixed-zstd1-aes-1024,compress-encrypt,1024,r3-cpu-pressure,completed,29.0,4,21.3521098957,26,14,13,15.4806233545,18.5645038157,125,124.5
4,v4-50-f2-mixed-zstd1-aes-1024,edge-1,2,test,f2-mixed-zstd1-aes-1024,compress-encrypt,1024,r3-cpu-pressure,completed,29.0,4,21.3521098957,26,14,13,15.4806233545,18.5645038157,125,124.5
4,v4-50-f2-mixed-zstd1-aes-1024,edge-1,3,test,f2-mixed-zstd1-aes-1024,compress-encrypt,1024,r3-cpu-pressure,completed,30.0,4,21.3521098957,26,14,13,15.4806233545,18.5645038157,125,124.5
4,v4-50-f2-mixed-zstd1-aes-1024,edge-2,1,test,f2-mixed-zstd1-aes-1024,compress-encrypt,1024,none,completed,106.0,4,63.969359374,26,14,43,53.5926086646,46.829970119,439,438.5
4,v4-50-f2-mixed-zstd1-aes-1024,edge-2,2,test,f2-mixed-zstd1-aes-1024,compress-encrypt,1024,none,completed,106.0,4,63.969359374,26,14,43,53.5926086646,46.829970119,439,438.5
4,v4-50-f2-mixed-zstd1-aes-1024,edge-2,3,test,f2-mixed-zstd1-aes-1024,compress-encrypt,1024,none,completed,105.0,4,63.969359374,26,14,43,53.5926086646,46.829970119,439,438.5
4,v4-50-f2-mixed-zstd1-aes-1024,on-prem,1,test,f2-mixed-zstd1-aes-1024,compress-encrypt,1024,none,completed,26.0,4,19.0549708079,26,14,14,15.6377327498,15.7181463941,60,60
4,v4-50-f2-mixed-zstd1-aes-1024,on-prem,2,test,f2-mixed-zstd1-aes-1024,compress-encrypt,1024,none,completed,27.0,4,19.0549708079,26,14,14,15.6377327498,15.7181463941,60,60
4,v4-50-f2-mixed-zstd1-aes-1024,on-prem,3,test,f2-mixed-zstd1-aes-1024,compress-encrypt,1024,none,completed,26.0,4,19.0549708079,26,14,14,15.6377327498,15.7181463941,60,60
4,v4-50-f2-mixed-zstd1-aes-1024,public-cloud,1,test,f2-mixed-zstd1-aes-1024,compress-encrypt,1024,r2-heavy,completed,28.0,4,16.2763465009,26,14,11,12.8933165602,12.5243961042,46,46.5
4,v4-50-f2-mixed-zstd1-aes-1024,public-cloud,2,test,f2-mixed-zstd1-aes-1024,compress-encrypt,1024,r2-heavy,completed,28.0,4,16.2763465009,26,14,11,12.8933165602,12.5243961042,46,46.5
4,v4-50-f2-mixed-zstd1-aes-1024,public-cloud,3,test,f2-mixed-zstd1-aes-1024,compress-encrypt,1024,r2-heavy,completed,29.0,4,16.2763465009,26,14,11,12.8933165602,12.5243961042,46,46.5
4,v4-51-f2-random-zstd1-aes-1152,edge-1,1,test,f2-random-zstd1-aes-1152,compress-encrypt,1152,r1-moderate,completed,13.0,4,19.514305809,26,14,13,16.8335202705,20.4330392022,30,29.5
4,v4-51-f2-random-zstd1-aes-1152,edge-1,2,test,f2-random-zstd1-aes-1152,compress-encrypt,1152,r1-moderate,completed,13.0,4,19.514305809,26,14,13,16.8335202705,20.4330392022,30,29.5
4,v4-51-f2-random-zstd1-aes-1152,edge-1,3,test,f2-random-zstd1-aes-1152,compress-encrypt,1152,r1-moderate,completed,14.0,4,19.514305809,26,14,13,16.8335202705,20.4330392022,30,29.5
4,v4-51-f2-random-zstd1-aes-1152,edge-2,1,test,f2-random-zstd1-aes-1152,compress-encrypt,1152,r3-cpu-pressure,completed,52.0,4,52.0735906057,26,14,43,61.4178774679,51.3980385218,105,105.5
4,v4-51-f2-random-zstd1-aes-1152,edge-2,2,test,f2-random-zstd1-aes-1152,compress-encrypt,1152,r3-cpu-pressure,completed,52.0,4,52.0735906057,26,14,43,61.4178774679,51.3980385218,105,105.5
4,v4-51-f2-random-zstd1-aes-1152,edge-2,3,test,f2-random-zstd1-aes-1152,compress-encrypt,1152,r3-cpu-pressure,completed,51.0,4,52.0735906057,26,14,43,61.4178774679,51.3980385218,105,105.5
4,v4-51-f2-random-zstd1-aes-1152,on-prem,1,test,f2-random-zstd1-aes-1152,compress-encrypt,1152,r3-cpu-pressure,completed,14.0,4,18.7593569497,26,14,14,17.4962787831,17.3148364214,26,26.5
4,v4-51-f2-random-zstd1-aes-1152,on-prem,2,test,f2-random-zstd1-aes-1152,compress-encrypt,1152,r3-cpu-pressure,completed,13.0,4,18.7593569497,26,14,14,17.4962787831,17.3148364214,26,26.5
4,v4-51-f2-random-zstd1-aes-1152,on-prem,3,test,f2-random-zstd1-aes-1152,compress-encrypt,1152,r3-cpu-pressure,completed,14.0,4,18.7593569497,26,14,14,17.4962787831,17.3148364214,26,26.5
4,v4-51-f2-random-zstd1-aes-1152,public-cloud,1,test,f2-random-zstd1-aes-1152,compress-encrypt,1152,none,completed,11.0,4,15.5208213461,26,14,11,14.2388429209,13.8160625292,29,28.5
4,v4-51-f2-random-zstd1-aes-1152,public-cloud,2,test,f2-random-zstd1-aes-1152,compress-encrypt,1152,none,completed,11.0,4,15.5208213461,26,14,11,14.2388429209,13.8160625292,29,28.5
4,v4-51-f2-random-zstd1-aes-1152,public-cloud,3,test,f2-random-zstd1-aes-1152,compress-encrypt,1152,none,completed,12.0,4,15.5208213461,26,14,11,14.2388429209,13.8160625292,29,28.5
4,v4-52-f3-r50-fp32-224-384,edge-1,1,test,f3-r50-fp32-224-384,onnx-inference-fp32,384,r2-heavy,completed,110.0,4,33.1247480869,26,29,40,31.1061863889,21.2727440642,81,81
4,v4-52-f3-r50-fp32-224-384,edge-1,2,test,f3-r50-fp32-224-384,onnx-inference-fp32,384,r2-heavy,completed,112.0,4,33.1247480869,26,29,40,31.1061863889,21.2727440642,81,81
4,v4-52-f3-r50-fp32-224-384,edge-2,1,test,f3-r50-fp32-224-384,onnx-inference-fp32,384,none,completed,230.0,4,79.1218126712,26,29,133,101.716675366,53.4508919362,185,186.5
4,v4-52-f3-r50-fp32-224-384,edge-2,2,test,f3-r50-fp32-224-384,onnx-inference-fp32,384,none,completed,235.0,4,79.1218126712,26,29,133,101.716675366,53.4508919362,185,186.5
4,v4-52-f3-r50-fp32-224-384,on-prem,1,test,f3-r50-fp32-224-384,onnx-inference-fp32,384,none,completed,41.0,4,22.2429452507,26,29,20,19.0123555466,18.0323761527,33,33
4,v4-52-f3-r50-fp32-224-384,on-prem,2,test,f3-r50-fp32-224-384,onnx-inference-fp32,384,none,completed,42.0,4,22.2429452507,26,29,20,19.0123555466,18.0323761527,33,33
4,v4-52-f3-r50-fp32-224-384,public-cloud,1,test,f3-r50-fp32-224-384,onnx-inference-fp32,384,r2-heavy,completed,30.0,4,16.8511532101,26,29,14,12.220868089,14.3965270925,18,18.5
4,v4-52-f3-r50-fp32-224-384,public-cloud,2,test,f3-r50-fp32-224-384,onnx-inference-fp32,384,r2-heavy,completed,29.0,4,16.8511532101,26,29,14,12.220868089,14.3965270925,18,18.5
4,v4-53-f0-cpu-45k,edge-1,1,test,f0-cpu-45k,stress-ng-cpu,45000,none,completed,82.0,4,61.2194292825,26,51,81.5,81.4984662432,42.6451571105,82,82
4,v4-53-f0-cpu-45k,edge-1,2,test,f0-cpu-45k,stress-ng-cpu,45000,none,completed,82.0,4,61.2194292825,26,51,81.5,81.4984662432,42.6451571105,82,82
4,v4-53-f0-cpu-45k,edge-2,1,test,f0-cpu-45k,stress-ng-cpu,45000,r2-heavy,completed,165.0,4,105.365201341,26,51,156,155.740168229,105.70071575,147,147.5
4,v4-53-f0-cpu-45k,edge-2,2,test,f0-cpu-45k,stress-ng-cpu,45000,r2-heavy,completed,165.0,4,105.365201341,26,51,156,155.740168229,105.70071575,147,147.5
4,v4-53-f0-cpu-45k,on-prem,1,test,f0-cpu-45k,stress-ng-cpu,45000,r1-moderate,completed,21.0,4,23.1068958595,26,51,20.5,20.4939015319,36.2954066628,22,21.5
4,v4-53-f0-cpu-45k,on-prem,2,test,f0-cpu-45k,stress-ng-cpu,45000,r1-moderate,completed,21.0,4,23.1068958595,26,51,20.5,20.4939015319,36.2954066628,22,21.5
4,v4-53-f0-cpu-45k,public-cloud,1,test,f0-cpu-45k,stress-ng-cpu,45000,r2-heavy,completed,20.0,4,19.97116698,26,51,18,18,29.1706804502,19,18.5
4,v4-53-f0-cpu-45k,public-cloud,2,test,f0-cpu-45k,stress-ng-cpu,45000,r2-heavy,completed,20.0,4,19.97116698,26,51,18,18,29.1706804502,19,18.5
4,v4-54-f5-sf1-q1-r2,edge-1,1,test,f5-sf1-q1-r2,duckdb-tpch,1,r2-heavy,completed,23.0,4,26.1059520186,26,21,21,19.3829997351,18.653420015,46,39.5
4,v4-54-f5-sf1-q1-r2,edge-1,2,test,f5-sf1-q1-r2,duckdb-tpch,1,r2-heavy,completed,21.0,4,26.1059520186,26,21,21,19.3829997351,18.653420015,46,39.5
4,v4-54-f5-sf1-q1-r2,edge-2,1,test,f5-sf1-q1-r2,duckdb-tpch,1,r2-heavy,completed,54.0,4,51.5084527162,26,21,48.5,47.2020562163,47.0473464038,134,140.5
4,v4-54-f5-sf1-q1-r2,edge-2,2,test,f5-sf1-q1-r2,duckdb-tpch,1,r2-heavy,completed,55.0,4,51.5084527162,26,21,48.5,47.2020562163,47.0473464038,134,140.5
4,v4-54-f5-sf1-q1-r2,on-prem,1,test,f5-sf1-q1-r2,duckdb-tpch,1,none,completed,16.0,4,20.913308441,26,21,19,15.0996688705,15.7941265493,28,28
4,v4-54-f5-sf1-q1-r2,on-prem,2,test,f5-sf1-q1-r2,duckdb-tpch,1,none,completed,12.0,4,20.913308441,26,21,19,15.0996688705,15.7941265493,28,28
4,v4-54-f5-sf1-q1-r2,public-cloud,1,test,f5-sf1-q1-r2,duckdb-tpch,1,r3-cpu-pressure,completed,16.0,4,17.9302377276,26,21,16,13.8564064606,12.5858613941,24,24.5
4,v4-54-f5-sf1-q1-r2,public-cloud,2,test,f5-sf1-q1-r2,duckdb-tpch,1,r3-cpu-pressure,completed,12.0,4,17.9302377276,26,21,16,13.8564064606,12.5858613941,24,24.5
4,v4-55-f3-r50-fp32-288-96,edge-1,1,test,f3-r50-fp32-288-96,onnx-inference-fp32,96,none,completed,33.0,4,31.3908702621,26,29,40,20.1623972484,15.8964822189,112,111
4,v4-55-f3-r50-fp32-288-96,edge-1,2,test,f3-r50-fp32-288-96,onnx-inference-fp32,96,none,completed,32.0,4,31.3908702621,26,29,40,20.1623972484,15.8964822189,112,111
4,v4-55-f3-r50-fp32-288-96,edge-2,1,test,f3-r50-fp32-288-96,onnx-inference-fp32,96,none,completed,106.0,4,76.8117802142,26,29,133,67.1087679204,40.3073721294,235,232.5
4,v4-55-f3-r50-fp32-288-96,edge-2,2,test,f3-r50-fp32-288-96,onnx-inference-fp32,96,none,completed,104.0,4,76.8117802142,26,29,133,67.1087679204,40.3073721294,235,232.5
4,v4-55-f3-r50-fp32-288-96,on-prem,1,test,f3-r50-fp32-288-96,onnx-inference-fp32,96,none,completed,20.0,4,21.8117277607,26,29,20,15.1614984209,13.4382840444,42,41.5
4,v4-55-f3-r50-fp32-288-96,on-prem,2,test,f3-r50-fp32-288-96,onnx-inference-fp32,96,none,completed,21.0,4,21.8117277607,26,29,20,15.1614984209,13.4382840444,42,41.5
4,v4-55-f3-r50-fp32-288-96,public-cloud,1,test,f3-r50-fp32-288-96,onnx-inference-fp32,96,r2-heavy,completed,17.0,4,16.4210392859,26,29,14,7.92228239624,10.6800671485,29,29.5
4,v4-55-f3-r50-fp32-288-96,public-cloud,2,test,f3-r50-fp32-288-96,onnx-inference-fp32,96,r2-heavy,completed,17.0,4,16.4210392859,26,29,14,7.92228239624,10.6800671485,29,29.5
4,v4-56-f1-x265-720p-mandelbrot-med-500,edge-1,1,test,f1-x265-720p-mandelbrot-med-500,video-transcode,500,r2-heavy,completed,77.0,4,42.4494508085,26,41.5,33.5,75.1184263119,82.8710277142,30,30
4,v4-56-f1-x265-720p-mandelbrot-med-500,edge-1,2,test,f1-x265-720p-mandelbrot-med-500,video-transcode,500,r2-heavy,completed,81.0,4,42.4494508085,26,41.5,33.5,75.1184263119,82.8710277142,30,30
4,v4-56-f1-x265-720p-mandelbrot-med-500,edge-2,1,test,f1-x265-720p-mandelbrot-med-500,video-transcode,500,r1-moderate,completed,171.0,4,84.7296658441,26,41.5,87,150.632435685,204.042192084,75,74.5
4,v4-56-f1-x265-720p-mandelbrot-med-500,edge-2,2,test,f1-x265-720p-mandelbrot-med-500,video-transcode,500,r1-moderate,completed,170.0,4,84.7296658441,26,41.5,87,150.632435685,204.042192084,75,74.5
4,v4-56-f1-x265-720p-mandelbrot-med-500,on-prem,1,test,f1-x265-720p-mandelbrot-med-500,video-transcode,500,none,completed,47.0,4,35.7277361334,26,41.5,29,61.944932142,70.66898444,27,26.5
4,v4-56-f1-x265-720p-mandelbrot-med-500,on-prem,2,test,f1-x265-720p-mandelbrot-med-500,video-transcode,500,none,completed,46.0,4,35.7277361334,26,41.5,29,61.944932142,70.66898444,27,26.5
4,v4-56-f1-x265-720p-mandelbrot-med-500,public-cloud,1,test,f1-x265-720p-mandelbrot-med-500,video-transcode,500,r3-cpu-pressure,completed,36.0,4,30.423265713,26,41.5,29,56.4214216003,56.9777034549,20,21
4,v4-56-f1-x265-720p-mandelbrot-med-500,public-cloud,2,test,f1-x265-720p-mandelbrot-med-500,video-transcode,500,r3-cpu-pressure,completed,34.0,4,30.423265713,26,41.5,29,56.4214216003,56.9777034549,20,21
4,v4-57-f2-random-zstd1-aes-768,edge-1,1,test,f2-random-zstd1-aes-768,compress-encrypt,768,none,completed,10.0,4,17.9176825856,26,14,13,12.6158157502,14.4096233461,14,13.5
4,v4-57-f2-random-zstd1-aes-768,edge-1,2,test,f2-random-zstd1-aes-768,compress-encrypt,768,none,completed,10.0,4,17.9176825856,26,14,13,12.6158157502,14.4096233461,14,13.5
4,v4-57-f2-random-zstd1-aes-768,edge-1,3,test,f2-random-zstd1-aes-768,compress-encrypt,768,none,completed,9.0,4,17.9176825856,26,14,13,12.6158157502,14.4096233461,14,13.5
4,v4-57-f2-random-zstd1-aes-768,edge-2,1,test,f2-random-zstd1-aes-768,compress-encrypt,768,none,completed,38.0,4,40.7442942059,26,14,43,38.4180267295,36.6724005438,51,51.5
4,v4-57-f2-random-zstd1-aes-768,edge-2,2,test,f2-random-zstd1-aes-768,compress-encrypt,768,none,completed,38.0,4,40.7442942059,26,14,43,38.4180267295,36.6724005438,51,51.5
4,v4-57-f2-random-zstd1-aes-768,edge-2,3,test,f2-random-zstd1-aes-768,compress-encrypt,768,none,completed,38.0,4,40.7442942059,26,14,43,38.4180267295,36.6724005438,51,51.5
4,v4-57-f2-random-zstd1-aes-768,on-prem,1,test,f2-random-zstd1-aes-768,compress-encrypt,768,none,completed,10.0,4,17.0054605762,26,14,14,11.8863811372,12.1677420191,14,13.5
4,v4-57-f2-random-zstd1-aes-768,on-prem,2,test,f2-random-zstd1-aes-768,compress-encrypt,768,none,completed,11.0,4,17.0054605762,26,14,14,11.8863811372,12.1677420191,14,13.5
4,v4-57-f2-random-zstd1-aes-768,on-prem,3,test,f2-random-zstd1-aes-768,compress-encrypt,768,none,completed,11.0,4,17.0054605762,26,14,14,11.8863811372,12.1677420191,14,13.5
4,v4-57-f2-random-zstd1-aes-768,public-cloud,1,test,f2-random-zstd1-aes-768,compress-encrypt,768,r2-heavy,completed,11.0,4,13.8057157795,26,14,11,10.1174119999,9.6522430577,12,11.5
4,v4-57-f2-random-zstd1-aes-768,public-cloud,2,test,f2-random-zstd1-aes-768,compress-encrypt,768,r2-heavy,completed,11.0,4,13.8057157795,26,14,11,10.1174119999,9.6522430577,12,11.5
4,v4-57-f2-random-zstd1-aes-768,public-cloud,3,test,f2-random-zstd1-aes-768,compress-encrypt,768,r2-heavy,completed,11.0,4,13.8057157795,26,14,11,10.1174119999,9.6522430577,12,11.5
4,v4-58-f3-r50-int8-224-288,edge-1,1,test,f3-r50-int8-224-288,onnx-inference-int8,288,r1-moderate,completed,17.0,4,19.5845147365,26,26,17,12.1108069289,17.9366779149,12,11.5
4,v4-58-f3-r50-int8-224-288,edge-1,2,test,f3-r50-int8-224-288,onnx-inference-int8,288,r1-moderate,completed,16.0,4,19.5845147365,26,26,17,12.1108069289,17.9366779149,12,11.5
4,v4-58-f3-r50-int8-224-288,edge-1,3,test,f3-r50-int8-224-288,onnx-inference-int8,288,r1-moderate,completed,17.0,4,19.5845147365,26,26,17,12.1108069289,17.9366779149,12,11.5
4,v4-58-f3-r50-int8-224-288,edge-2,1,test,f3-r50-int8-224-288,onnx-inference-int8,288,r2-heavy,completed,119.0,4,59.1726552323,26,26,83,56.9272677235,45.2951039982,65,64.5
4,v4-58-f3-r50-int8-224-288,edge-2,2,test,f3-r50-int8-224-288,onnx-inference-int8,288,r2-heavy,completed,120.0,4,59.1726552323,26,26,83,56.9272677235,45.2951039982,65,64.5
4,v4-58-f3-r50-int8-224-288,edge-2,3,test,f3-r50-int8-224-288,onnx-inference-int8,288,r2-heavy,completed,119.0,4,59.1726552323,26,26,83,56.9272677235,45.2951039982,65,64.5
4,v4-58-f3-r50-int8-224-288,on-prem,1,test,f3-r50-int8-224-288,onnx-inference-int8,288,r1-moderate,completed,49.0,4,27.6869614523,26,26,29,28.2245195534,15.1816602445,35,34.5
4,v4-58-f3-r50-int8-224-288,on-prem,2,test,f3-r50-int8-224-288,onnx-inference-int8,288,r1-moderate,completed,49.0,4,27.6869614523,26,26,29,28.2245195534,15.1816602445,35,34.5
4,v4-58-f3-r50-int8-224-288,on-prem,3,test,f3-r50-int8-224-288,onnx-inference-int8,288,r1-moderate,completed,50.0,4,27.6869614523,26,26,29,28.2245195534,15.1816602445,35,34.5
4,v4-58-f3-r50-int8-224-288,public-cloud,1,test,f3-r50-int8-224-288,onnx-inference-int8,288,none,completed,17.0,4,15.2710302767,26,26,13,12.6004551664,12.0903975603,14,13.5
4,v4-58-f3-r50-int8-224-288,public-cloud,2,test,f3-r50-int8-224-288,onnx-inference-int8,288,none,completed,16.0,4,15.2710302767,26,26,13,12.6004551664,12.0903975603,14,13.5
4,v4-58-f3-r50-int8-224-288,public-cloud,3,test,f3-r50-int8-224-288,onnx-inference-int8,288,none,completed,17.0,4,15.2710302767,26,26,13,12.6004551664,12.0903975603,14,13.5
4,v4-59-f4-pr-uniform-21-n1,edge-1,1,test,f4-pr-uniform-21-n1,graph-kernel,21,none,completed,17.0,4,33.2495374568,26,17,17,15.4272486205,17.7899087977,34,33.5
4,v4-59-f4-pr-uniform-21-n1,edge-1,2,test,f4-pr-uniform-21-n1,graph-kernel,21,none,completed,18.0,4,33.2495374568,26,17,17,15.4272486205,17.7899087977,34,33.5
4,v4-59-f4-pr-uniform-21-n1,edge-2,1,test,f4-pr-uniform-21-n1,graph-kernel,21,r3-cpu-pressure,completed,49.0,4,57.205305933,26,17,36,35.7473528132,44.936292829,104,104
4,v4-59-f4-pr-uniform-21-n1,edge-2,2,test,f4-pr-uniform-21-n1,graph-kernel,21,r3-cpu-pressure,completed,50.0,4,57.205305933,26,17,36,35.7473528132,44.936292829,104,104
4,v4-59-f4-pr-uniform-21-n1,on-prem,1,test,f4-pr-uniform-21-n1,graph-kernel,21,r2-heavy,completed,15.0,4,21.9405353278,26,17,13.5,12.4497700445,15.0562439493,24,25
4,v4-59-f4-pr-uniform-21-n1,on-prem,2,test,f4-pr-uniform-21-n1,graph-kernel,21,r2-heavy,completed,14.0,4,21.9405353278,26,17,13.5,12.4497700445,15.0562439493,24,25
4,v4-59-f4-pr-uniform-21-n1,public-cloud,1,test,f4-pr-uniform-21-n1,graph-kernel,21,r1-moderate,completed,9.0,4,18.4660106107,26,17,13,11.9582607431,11.988940161,26,26
4,v4-59-f4-pr-uniform-21-n1,public-cloud,2,test,f4-pr-uniform-21-n1,graph-kernel,21,r1-moderate,completed,10.0,4,18.4660106107,26,17,13,11.9582607431,11.988940161,26,26
4,v4-60-f1-x265-720p-testsrc2-med-1100,edge-1,1,test,f1-x265-720p-testsrc2-med-1100,video-transcode,1100,none,completed,74.0,4,41.6843116589,26,41.5,33.5,50.2164913819,52.2098116798,81,79
4,v4-60-f1-x265-720p-testsrc2-med-1100,edge-1,2,test,f1-x265-720p-testsrc2-med-1100,video-transcode,1100,none,completed,72.0,4,41.6843116589,26,41.5,33.5,50.2164913819,52.2098116798,81,79
4,v4-60-f1-x265-720p-testsrc2-med-1100,edge-2,1,test,f1-x265-720p-testsrc2-med-1100,video-transcode,1100,none,completed,193.0,4,91.7090876833,26,41.5,87,125.543950063,129.083733615,170,170.5
4,v4-60-f1-x265-720p-testsrc2-med-1100,edge-2,2,test,f1-x265-720p-testsrc2-med-1100,video-transcode,1100,none,completed,197.0,4,91.7090876833,26,41.5,87,125.543950063,129.083733615,170,170.5
4,v4-60-f1-x265-720p-testsrc2-med-1100,on-prem,1,test,f1-x265-720p-testsrc2-med-1100,video-transcode,1100,r2-heavy,completed,70.0,4,35.9852275427,26,41.5,29,43.1744125008,44.4685398434,46,46.5
4,v4-60-f1-x265-720p-testsrc2-med-1100,on-prem,2,test,f1-x265-720p-testsrc2-med-1100,video-transcode,1100,r2-heavy,completed,71.0,4,35.9852275427,26,41.5,29,43.1744125008,44.4685398434,46,46.5
4,v4-60-f1-x265-720p-testsrc2-med-1100,public-cloud,1,test,f1-x265-720p-testsrc2-med-1100,video-transcode,1100,r2-heavy,completed,49.0,4,30.8198145813,26,41.5,29,37.4404504297,35.7824595279,34,35
4,v4-60-f1-x265-720p-testsrc2-med-1100,public-cloud,2,test,f1-x265-720p-testsrc2-med-1100,video-transcode,1100,r2-heavy,completed,49.0,4,30.8198145813,26,41.5,29,37.4404504297,35.7824595279,34,35
4,v4-61-f2-random-zstd1-chacha-1152,edge-1,1,test,f2-random-zstd1-chacha-1152,compress-encrypt,1152,none,completed,13.0,4,19.0477836861,26,14,13,16.8335202705,20.4330392022,9,9.5
4,v4-61-f2-random-zstd1-chacha-1152,edge-1,2,test,f2-random-zstd1-chacha-1152,compress-encrypt,1152,none,completed,13.0,4,19.0477836861,26,14,13,16.8335202705,20.4330392022,9,9.5
4,v4-61-f2-random-zstd1-chacha-1152,edge-1,3,test,f2-random-zstd1-chacha-1152,compress-encrypt,1152,none,completed,13.0,4,19.0477836861,26,14,13,16.8335202705,20.4330392022,9,9.5
4,v4-61-f2-random-zstd1-chacha-1152,edge-2,1,test,f2-random-zstd1-chacha-1152,compress-encrypt,1152,none,completed,42.0,4,48.3077543599,26,14,43,61.4178774679,51.3980385218,38,38
4,v4-61-f2-random-zstd1-chacha-1152,edge-2,2,test,f2-random-zstd1-chacha-1152,compress-encrypt,1152,none,completed,42.0,4,48.3077543599,26,14,43,61.4178774679,51.3980385218,38,38
4,v4-61-f2-random-zstd1-chacha-1152,edge-2,3,test,f2-random-zstd1-chacha-1152,compress-encrypt,1152,none,completed,42.0,4,48.3077543599,26,14,43,61.4178774679,51.3980385218,38,38
4,v4-61-f2-random-zstd1-chacha-1152,on-prem,1,test,f2-random-zstd1-chacha-1152,compress-encrypt,1152,none,completed,14.0,4,18.5715350489,26,14,14,17.4962787831,17.3148364214,11,11
4,v4-61-f2-random-zstd1-chacha-1152,on-prem,2,test,f2-random-zstd1-chacha-1152,compress-encrypt,1152,none,completed,13.0,4,18.5715350489,26,14,14,17.4962787831,17.3148364214,11,11
4,v4-61-f2-random-zstd1-chacha-1152,on-prem,3,test,f2-random-zstd1-chacha-1152,compress-encrypt,1152,none,completed,14.0,4,18.5715350489,26,14,14,17.4962787831,17.3148364214,11,11
4,v4-61-f2-random-zstd1-chacha-1152,public-cloud,1,test,f2-random-zstd1-chacha-1152,compress-encrypt,1152,none,completed,12.0,4,14.9441860472,26,14,11,14.2388429209,13.8160625292,11,11
4,v4-61-f2-random-zstd1-chacha-1152,public-cloud,2,test,f2-random-zstd1-chacha-1152,compress-encrypt,1152,none,completed,11.0,4,14.9441860472,26,14,11,14.2388429209,13.8160625292,11,11
4,v4-61-f2-random-zstd1-chacha-1152,public-cloud,3,test,f2-random-zstd1-chacha-1152,compress-encrypt,1152,none,completed,12.0,4,14.9441860472,26,14,11,14.2388429209,13.8160625292,11,11
4,v4-cal3-none,edge-1,1,startup-calibration,f9-startup-null,startup-calibration,1,none,completed,6.0,4,29.7064766118,26,26,23.5,20.0717473345,22.9012090498,4,4.5
4,v4-cal3-none,edge-2,1,startup-calibration,f9-startup-null,startup-calibration,1,none,completed,9.0,4,34.5978531588,26,26,78.5,20.0717473345,57.4320525286,10,10
4,v4-cal3-none,on-prem,1,startup-calibration,f9-startup-null,startup-calibration,1,none,completed,6.0,4,25.9302549532,26,26,21,20.0717473345,19.4239226127,5,5
4,v4-cal3-none,public-cloud,1,startup-calibration,f9-startup-null,startup-calibration,1,none,completed,5.0,4,20.7022535733,26,26,15,20.0717473345,15.5222395417,6,5.5
4,v4-cal3-r1-moderate,edge-1,1,startup-calibration,f9-startup-null,startup-calibration,1,r1-moderate,completed,5.0,4,29.9738618354,26,26,23.5,20.0717473345,22.9012090498,6,5
4,v4-cal3-r1-moderate,edge-2,1,startup-calibration,f9-startup-null,startup-calibration,1,r1-moderate,completed,9.0,4,34.7997455597,26,26,78.5,20.0717473345,57.4320525286,9,9.5
4,v4-cal3-r1-moderate,on-prem,1,startup-calibration,f9-startup-null,startup-calibration,1,r1-moderate,completed,5.0,4,25.8844326804,26,26,21,20.0717473345,19.4239226127,6,5.5
4,v4-cal3-r1-moderate,public-cloud,1,startup-calibration,f9-startup-null,startup-calibration,1,r1-moderate,completed,5.0,4,21.0139467054,26,26,15,20.0717473345,15.5222395417,5,5.5
4,v4-cal3-r2-heavy,edge-1,1,startup-calibration,f9-startup-null,startup-calibration,1,r2-heavy,completed,6.0,4,30.2198974363,26,26,23.5,20.0717473345,22.9012090498,5,5.5
4,v4-cal3-r2-heavy,edge-2,1,startup-calibration,f9-startup-null,startup-calibration,1,r2-heavy,completed,10.0,4,34.9280173642,26,26,78.5,20.0717473345,57.4320525286,9,9
4,v4-cal3-r2-heavy,on-prem,1,startup-calibration,f9-startup-null,startup-calibration,1,r2-heavy,completed,5.0,4,26.110379395,26,26,21,20.0717473345,19.4239226127,5,5.5
4,v4-cal3-r2-heavy,public-cloud,1,startup-calibration,f9-startup-null,startup-calibration,1,r2-heavy,completed,6.0,4,21.4363051589,26,26,15,20.0717473345,15.5222395417,5,5
4,v4-cal3-r3-cpu-pressure,edge-1,1,startup-calibration,f9-startup-null,startup-calibration,1,r3-cpu-pressure,completed,4.0,4,30.4692565226,26,26,23.5,20.0717473345,22.9012090498,6,5.5
4,v4-cal3-r3-cpu-pressure,edge-2,1,startup-calibration,f9-startup-null,startup-calibration,1,r3-cpu-pressure,completed,9.0,4,35.1091235871,26,26,78.5,20.0717473345,57.4320525286,10,9.5
4,v4-cal3-r3-cpu-pressure,on-prem,1,startup-calibration,f9-startup-null,startup-calibration,1,r3-cpu-pressure,completed,5.0,4,25.2766060407,26,26,21,20.0717473345,19.4239226127,5,5
4,v4-cal3-r3-cpu-pressure,public-cloud,1,startup-calibration,f9-startup-null,startup-calibration,1,r3-cpu-pressure,completed,5.0,4,21.2642348382,26,26,15,20.0717473345,15.5222395417,6,5.5
4,v4-62-f5-sf1-q9-r2,edge-1,1,test,f5-sf1-q9-r2,duckdb-tpch,1,r1-moderate,completed,15.0,4,21.8251737256,26,21,21,19.3829997351,19.9533374776,21,22
4,v4-62-f5-sf1-q9-r2,edge-1,2,test,f5-sf1-q9-r2,duckdb-tpch,1,r1-moderate,completed,20.0,4,21.8251737256,26,21,21,19.3829997351,19.9533374776,21,22
4,v4-62-f5-sf1-q9-r2,edge-2,1,test,f5-sf1-q9-r2,duckdb-tpch,1,r1-moderate,completed,47.0,4,48.0063348159,26,21,48.5,47.2020562163,50.2252963268,55,54.5
4,v4-62-f5-sf1-q9-r2,edge-2,2,test,f5-sf1-q9-r2,duckdb-tpch,1,r1-moderate,completed,36.0,4,48.0063348159,26,21,48.5,47.2020562163,50.2252963268,55,54.5
4,v4-62-f5-sf1-q9-r2,on-prem,1,test,f5-sf1-q9-r2,duckdb-tpch,1,none,completed,11.0,4,19.2672944917,26,21,19,15.0996688705,16.9049244844,12,14
4,v4-62-f5-sf1-q9-r2,on-prem,2,test,f5-sf1-q9-r2,duckdb-tpch,1,none,completed,17.0,4,19.2672944917,26,21,19,15.0996688705,16.9049244844,12,14
4,v4-62-f5-sf1-q9-r2,public-cloud,1,test,f5-sf1-q9-r2,duckdb-tpch,1,r3-cpu-pressure,completed,13.0,4,15.488295188,26,21,16,13.8564064606,13.4844580993,12,14
4,v4-62-f5-sf1-q9-r2,public-cloud,2,test,f5-sf1-q9-r2,duckdb-tpch,1,r3-cpu-pressure,completed,17.0,4,15.488295188,26,21,16,13.8564064606,13.4844580993,12,14
4,v4-63-f1-x265-720p-testsrc2-med-1500,edge-1,1,test,f1-x265-720p-testsrc2-med-1500,video-transcode,1500,none,completed,112.0,4,41.5540299036,26,41.5,33.5,42.8593941215,48.1464624891,72,73
4,v4-63-f1-x265-720p-testsrc2-med-1500,edge-1,2,test,f1-x265-720p-testsrc2-med-1500,video-transcode,1500,none,completed,116.0,4,41.5540299036,26,41.5,33.5,42.8593941215,48.1464624891,72,73
4,v4-63-f1-x265-720p-testsrc2-med-1500,edge-2,1,test,f1-x265-720p-testsrc2-med-1500,video-transcode,1500,none,completed,255.0,4,97.1251977613,26,41.5,87,116.861469535,119.149933494,197,195
4,v4-63-f1-x265-720p-testsrc2-med-1500,edge-2,2,test,f1-x265-720p-testsrc2-med-1500,video-transcode,1500,none,completed,255.0,4,97.1251977613,26,41.5,87,116.861469535,119.149933494,197,195
4,v4-63-f1-x265-720p-testsrc2-med-1500,on-prem,1,test,f1-x265-720p-testsrc2-med-1500,video-transcode,1500,r2-heavy,completed,94.0,4,36.0313411128,26,41.5,29,37.4588339133,40.9963502464,71,70.5
4,v4-63-f1-x265-720p-testsrc2-med-1500,on-prem,2,test,f1-x265-720p-testsrc2-med-1500,video-transcode,1500,r2-heavy,completed,95.0,4,36.0313411128,26,41.5,29,37.4588339133,40.9963502464,71,70.5
4,v4-63-f1-x265-720p-testsrc2-med-1500,public-cloud,1,test,f1-x265-720p-testsrc2-med-1500,video-transcode,1500,r1-moderate,completed,53.0,4,30.6774858269,26,41.5,29,31.8625717519,32.973579503,49,49
4,v4-63-f1-x265-720p-testsrc2-med-1500,public-cloud,2,test,f1-x265-720p-testsrc2-med-1500,video-transcode,1500,r1-moderate,completed,54.0,4,30.6774858269,26,41.5,29,31.8625717519,32.973579503,49,49
4,v4-64-f1-x265-720p-testsrc2-med-400,edge-1,1,test,f1-x265-720p-testsrc2-med-400,video-transcode,400,none,completed,29.0,4,44.0255033638,26,41.5,33.5,84.187082322,98.5286506397,116,114
4,v4-64-f1-x265-720p-testsrc2-med-400,edge-1,2,test,f1-x265-720p-testsrc2-med-400,video-transcode,400,none,completed,33.0,4,44.0255033638,26,41.5,33.5,84.187082322,98.5286506397,116,114
4,v4-64-f1-x265-720p-testsrc2-med-400,edge-2,1,test,f1-x265-720p-testsrc2-med-400,video-transcode,400,none,completed,74.0,4,93.5610320998,26,41.5,87,158.602942652,242.320885156,255,255
4,v4-64-f1-x265-720p-testsrc2-med-400,edge-2,2,test,f1-x265-720p-testsrc2-med-400,video-transcode,400,none,completed,75.0,4,93.5610320998,26,41.5,87,158.602942652,242.320885156,255,255
4,v4-64-f1-x265-720p-testsrc2-med-400,on-prem,1,test,f1-x265-720p-testsrc2-med-400,video-transcode,400,none,completed,27.0,4,38.7746207739,26,41.5,29,68.6082509877,84.0486456222,95,94.5
4,v4-64-f1-x265-720p-testsrc2-med-400,on-prem,2,test,f1-x265-720p-testsrc2-med-400,video-transcode,400,none,completed,26.0,4,38.7746207739,26,41.5,29,68.6082509877,84.0486456222,95,94.5
4,v4-64-f1-x265-720p-testsrc2-med-400,public-cloud,1,test,f1-x265-720p-testsrc2-med-400,video-transcode,400,none,completed,16.0,4,31.239636855,26,41.5,29,63.3650012334,67.8013817086,54,53.5
4,v4-64-f1-x265-720p-testsrc2-med-400,public-cloud,2,test,f1-x265-720p-testsrc2-med-400,video-transcode,400,none,completed,18.0,4,31.239636855,26,41.5,29,63.3650012334,67.8013817086,54,53.5
4,v4-65-f3-mnv2-int8-224-1500,edge-1,1,test,f3-mnv2-int8-224-1500,onnx-inference-int8,1500,none,completed,17.0,4,22.7336675809,26,26,17,23.6841224984,27.2746585085,17,16.5
4,v4-65-f3-mnv2-int8-224-1500,edge-1,2,test,f3-mnv2-int8-224-1500,onnx-inference-int8,1500,none,completed,17.0,4,22.7336675809,26,26,17,23.6841224984,27.2746585085,17,16.5
4,v4-65-f3-mnv2-int8-224-1500,edge-1,3,test,f3-mnv2-int8-224-1500,onnx-inference-int8,1500,none,completed,16.0,4,22.7336675809,26,26,17,23.6841224984,27.2746585085,17,16.5
4,v4-65-f3-mnv2-int8-224-1500,edge-2,1,test,f3-mnv2-int8-224-1500,onnx-inference-int8,1500,none,completed,66.0,4,71.8114107995,26,26,83,81.4873853038,68.1239647233,119,119.5
4,v4-65-f3-mnv2-int8-224-1500,edge-2,2,test,f3-mnv2-int8-224-1500,onnx-inference-int8,1500,none,completed,66.0,4,71.8114107995,26,26,83,81.4873853038,68.1239647233,119,119.5
4,v4-65-f3-mnv2-int8-224-1500,edge-2,3,test,f3-mnv2-int8-224-1500,onnx-inference-int8,1500,none,completed,67.0,4,71.8114107995,26,26,83,81.4873853038,68.1239647233,119,119.5
4,v4-65-f3-mnv2-int8-224-1500,on-prem,1,test,f3-mnv2-int8-224-1500,onnx-inference-int8,1500,none,completed,28.0,4,31.6191771987,26,26,29,32.2673657568,23.1610972933,50,49.5
4,v4-65-f3-mnv2-int8-224-1500,on-prem,2,test,f3-mnv2-int8-224-1500,onnx-inference-int8,1500,none,completed,28.0,4,31.6191771987,26,26,29,32.2673657568,23.1610972933,50,49.5
4,v4-65-f3-mnv2-int8-224-1500,on-prem,3,test,f3-mnv2-int8-224-1500,onnx-inference-int8,1500,none,completed,29.0,4,31.6191771987,26,26,29,32.2673657568,23.1610972933,50,49.5
4,v4-65-f3-mnv2-int8-224-1500,public-cloud,1,test,f3-mnv2-int8-224-1500,onnx-inference-int8,1500,none,completed,14.0,4,16.6369092212,26,26,13,16.4697778689,18.5454832375,17,16.5
4,v4-65-f3-mnv2-int8-224-1500,public-cloud,2,test,f3-mnv2-int8-224-1500,onnx-inference-int8,1500,none,completed,12.0,4,16.6369092212,26,26,13,16.4697778689,18.5454832375,17,16.5
4,v4-65-f3-mnv2-int8-224-1500,public-cloud,3,test,f3-mnv2-int8-224-1500,onnx-inference-int8,1500,none,completed,13.0,4,16.6369092212,26,26,13,16.4697778689,18.5454832375,17,16.5
4,v4-66-f4-tc-kron-20-n1,edge-1,1,test,f4-tc-kron-20-n1,graph-kernel,20,r1-moderate,completed,19.0,4,26.5656588094,26,17,17,2.79432479336,6.11479588911,18,17.5
4,v4-66-f4-tc-kron-20-n1,edge-1,2,test,f4-tc-kron-20-n1,graph-kernel,20,r1-moderate,completed,20.0,4,26.5656588094,26,17,17,2.79432479336,6.11479588911,18,17.5
4,v4-66-f4-tc-kron-20-n1,edge-2,1,test,f4-tc-kron-20-n1,graph-kernel,20,none,completed,39.0,4,43.7276873426,26,17,36,7.55574384609,16.3937697569,50,49.5
4,v4-66-f4-tc-kron-20-n1,edge-2,2,test,f4-tc-kron-20-n1,graph-kernel,20,none,completed,39.0,4,43.7276873426,26,17,36,7.55574384609,16.3937697569,50,49.5
4,v4-66-f4-tc-kron-20-n1,on-prem,1,test,f4-tc-kron-20-n1,graph-kernel,20,none,completed,15.0,4,17.4188748281,26,17,13.5,5.99248885676,5.07969414192,14,14.5
4,v4-66-f4-tc-kron-20-n1,on-prem,2,test,f4-tc-kron-20-n1,graph-kernel,20,none,completed,14.0,4,17.4188748281,26,17,13.5,5.99248885676,5.07969414192,14,14.5
4,v4-66-f4-tc-kron-20-n1,public-cloud,1,test,f4-tc-kron-20-n1,graph-kernel,20,r2-heavy,completed,17.0,4,14.9480791943,26,17,13,8.02442682335,3.9182600648,10,9.5
4,v4-66-f4-tc-kron-20-n1,public-cloud,2,test,f4-tc-kron-20-n1,graph-kernel,20,r2-heavy,completed,16.0,4,14.9480791943,26,17,13,8.02442682335,3.9182600648,10,9.5
4,v4-67-f3-mnv2-fp32-224-1500,edge-1,1,test,f3-mnv2-fp32-224-1500,onnx-inference-fp32,1500,r2-heavy,completed,58.0,4,39.5595891547,26,29,40,47.6354074647,33.3488260264,32,32.5
4,v4-67-f3-mnv2-fp32-224-1500,edge-1,2,test,f3-mnv2-fp32-224-1500,onnx-inference-fp32,1500,r2-heavy,completed,58.0,4,39.5595891547,26,29,40,47.6354074647,33.3488260264,32,32.5
4,v4-67-f3-mnv2-fp32-224-1500,edge-2,1,test,f3-mnv2-fp32-224-1500,onnx-inference-fp32,1500,none,completed,123.0,4,112.829599022,26,29,133,153.078834974,82.9736769169,104,105
4,v4-67-f3-mnv2-fp32-224-1500,edge-2,2,test,f3-mnv2-fp32-224-1500,onnx-inference-fp32,1500,none,completed,123.0,4,112.829599022,26,29,133,153.078834974,82.9736769169,104,105
4,v4-67-f3-mnv2-fp32-224-1500,on-prem,1,test,f3-mnv2-fp32-224-1500,onnx-inference-fp32,1500,none,completed,19.0,4,23.8497868891,26,29,20,23.7491534343,28.3515597115,21,20.5
4,v4-67-f3-mnv2-fp32-224-1500,on-prem,2,test,f3-mnv2-fp32-224-1500,onnx-inference-fp32,1500,none,completed,20.0,4,23.8497868891,26,29,20,23.7491534343,28.3515597115,21,20.5
4,v4-67-f3-mnv2-fp32-224-1500,public-cloud,1,test,f3-mnv2-fp32-224-1500,onnx-inference-fp32,1500,r2-heavy,completed,19.0,4,18.1418502575,26,29,14,18.7125601656,22.7443859179,17,17
4,v4-67-f3-mnv2-fp32-224-1500,public-cloud,2,test,f3-mnv2-fp32-224-1500,onnx-inference-fp32,1500,r2-heavy,completed,29.0,4,18.1418502575,26,29,14,18.7125601656,22.7443859179,17,17
4,v4-68-f3-mnv2-int8-224-2000,edge-1,1,test,f3-mnv2-int8-224-2000,onnx-inference-int8,2000,none,completed,19.0,4,23.970697282,26,26,17,26.6216831835,32.6128491593,16,16.5
4,v4-68-f3-mnv2-int8-224-2000,edge-1,2,test,f3-mnv2-int8-224-2000,onnx-inference-int8,2000,none,completed,19.0,4,23.970697282,26,26,17,26.6216831835,32.6128491593,16,16.5
4,v4-68-f3-mnv2-int8-224-2000,edge-1,3,test,f3-mnv2-int8-224-2000,onnx-inference-int8,2000,none,completed,20.0,4,23.970697282,26,26,17,26.6216831835,32.6128491593,16,16.5
4,v4-68-f3-mnv2-int8-224-2000,edge-2,1,test,f3-mnv2-int8-224-2000,onnx-inference-int8,2000,r3-cpu-pressure,completed,87.0,4,79.658501741,26,26,83,86.7451183752,81.1744106594,67,66.5
4,v4-68-f3-mnv2-int8-224-2000,edge-2,2,test,f3-mnv2-int8-224-2000,onnx-inference-int8,2000,r3-cpu-pressure,completed,89.0,4,79.658501741,26,26,83,86.7451183752,81.1744106594,67,66.5
4,v4-68-f3-mnv2-int8-224-2000,edge-2,3,test,f3-mnv2-int8-224-2000,onnx-inference-int8,2000,r3-cpu-pressure,completed,88.0,4,79.658501741,26,26,83,86.7451183752,81.1744106594,67,66.5
4,v4-68-f3-mnv2-int8-224-2000,on-prem,1,test,f3-mnv2-int8-224-2000,onnx-inference-int8,2000,none,completed,37.0,4,32.3001795378,26,26,29,33.0292151919,27.7226570252,29,28.5
4,v4-68-f3-mnv2-int8-224-2000,on-prem,2,test,f3-mnv2-int8-224-2000,onnx-inference-int8,2000,none,completed,37.0,4,32.3001795378,26,26,29,33.0292151919,27.7226570252,29,28.5
4,v4-68-f3-mnv2-int8-224-2000,on-prem,3,test,f3-mnv2-int8-224-2000,onnx-inference-int8,2000,none,completed,36.0,4,32.3001795378,26,26,29,33.0292151919,27.7226570252,29,28.5
4,v4-68-f3-mnv2-int8-224-2000,public-cloud,1,test,f3-mnv2-int8-224-2000,onnx-inference-int8,2000,r2-heavy,completed,22.0,4,17.1033492548,26,26,13,17.2568704372,22.235625626,13,12.5
4,v4-68-f3-mnv2-int8-224-2000,public-cloud,2,test,f3-mnv2-int8-224-2000,onnx-inference-int8,2000,r2-heavy,completed,22.0,4,17.1033492548,26,26,13,17.2568704372,22.235625626,13,12.5
4,v4-68-f3-mnv2-int8-224-2000,public-cloud,3,test,f3-mnv2-int8-224-2000,onnx-inference-int8,2000,r2-heavy,completed,22.0,4,17.1033492548,26,26,13,17.2568704372,22.235625626,13,12.5
4,v4-69-f0-cpu-45k,edge-1,1,test,f0-cpu-45k,stress-ng-cpu,45000,none,completed,82.0,4,62.1816820589,26,51,81.5,81.4984662432,42.6451571105,82,82
4,v4-69-f0-cpu-45k,edge-1,2,test,f0-cpu-45k,stress-ng-cpu,45000,none,completed,81.0,4,62.1816820589,26,51,81.5,81.4984662432,42.6451571105,82,82
4,v4-69-f0-cpu-45k,edge-2,1,test,f0-cpu-45k,stress-ng-cpu,45000,none,completed,149.0,4,105.973624435,26,51,156,155.740168229,105.70071575,165,165
4,v4-69-f0-cpu-45k,edge-2,2,test,f0-cpu-45k,stress-ng-cpu,45000,none,completed,148.0,4,105.973624435,26,51,156,155.740168229,105.70071575,165,165
4,v4-69-f0-cpu-45k,on-prem,1,test,f0-cpu-45k,stress-ng-cpu,45000,none,completed,21.0,4,23.5404616941,26,51,20.5,20.4939015319,36.2954066628,21,21
4,v4-69-f0-cpu-45k,on-prem,2,test,f0-cpu-45k,stress-ng-cpu,45000,none,completed,21.0,4,23.5404616941,26,51,20.5,20.4939015319,36.2954066628,21,21
4,v4-69-f0-cpu-45k,public-cloud,1,test,f0-cpu-45k,stress-ng-cpu,45000,none,completed,17.0,4,20.161053392,26,51,18,18,29.1706804502,20,20
4,v4-69-f0-cpu-45k,public-cloud,2,test,f0-cpu-45k,stress-ng-cpu,45000,none,completed,18.0,4,20.161053392,26,51,18,18,29.1706804502,20,20
4,v4-70-f2-random-zstd1-chacha-768,edge-1,1,test,f2-random-zstd1-chacha-768,compress-encrypt,768,none,completed,10.0,4,17.990378718,26,14,13,12.6158157502,14.4096233461,13,13
4,v4-70-f2-random-zstd1-chacha-768,edge-1,2,test,f2-random-zstd1-chacha-768,compress-encrypt,768,none,completed,10.0,4,17.990378718,26,14,13,12.6158157502,14.4096233461,13,13
4,v4-70-f2-random-zstd1-chacha-768,edge-1,3,test,f2-random-zstd1-chacha-768,compress-encrypt,768,none,completed,11.0,4,17.990378718,26,14,13,12.6158157502,14.4096233461,13,13
4,v4-70-f2-random-zstd1-chacha-768,edge-2,1,test,f2-random-zstd1-chacha-768,compress-encrypt,768,none,completed,31.0,4,40.5850590831,26,14,43,38.4180267295,36.6724005438,42,42
4,v4-70-f2-random-zstd1-chacha-768,edge-2,2,test,f2-random-zstd1-chacha-768,compress-encrypt,768,none,completed,31.0,4,40.5850590831,26,14,43,38.4180267295,36.6724005438,42,42
4,v4-70-f2-random-zstd1-chacha-768,edge-2,3,test,f2-random-zstd1-chacha-768,compress-encrypt,768,none,completed,33.0,4,40.5850590831,26,14,43,38.4180267295,36.6724005438,42,42
4,v4-70-f2-random-zstd1-chacha-768,on-prem,1,test,f2-random-zstd1-chacha-768,compress-encrypt,768,none,completed,10.0,4,16.7643700039,26,14,14,11.8863811372,12.1677420191,14,13.5
4,v4-70-f2-random-zstd1-chacha-768,on-prem,2,test,f2-random-zstd1-chacha-768,compress-encrypt,768,none,completed,10.0,4,16.7643700039,26,14,14,11.8863811372,12.1677420191,14,13.5
4,v4-70-f2-random-zstd1-chacha-768,on-prem,3,test,f2-random-zstd1-chacha-768,compress-encrypt,768,none,completed,11.0,4,16.7643700039,26,14,14,11.8863811372,12.1677420191,14,13.5
4,v4-70-f2-random-zstd1-chacha-768,public-cloud,1,test,f2-random-zstd1-chacha-768,compress-encrypt,768,r2-heavy,completed,11.0,4,14.2288620234,26,14,11,10.1174119999,9.6522430577,12,11.5
4,v4-70-f2-random-zstd1-chacha-768,public-cloud,2,test,f2-random-zstd1-chacha-768,compress-encrypt,768,r2-heavy,completed,12.0,4,14.2288620234,26,14,11,10.1174119999,9.6522430577,12,11.5
4,v4-70-f2-random-zstd1-chacha-768,public-cloud,3,test,f2-random-zstd1-chacha-768,compress-encrypt,768,r2-heavy,completed,10.0,4,14.2288620234,26,14,11,10.1174119999,9.6522430577,12,11.5
